carat,cut,color,clarity,depth,table,x,y,z,price
1.72,Premium,G,SI1,60.0,57.0,4.43,4.39,2.77,14057
0.74,Ideal,G,SI1,63.1,55.0,1.89,1.81,1.13,3419
0.49,Ideal,D,SI2,63.4,55.0,1.27,1.3,0.76,693
0.79,Premium,G,VS2,61.8,58.0,2.04,2.04,1.26,3514
0.56,Very Good,D,VS2,64.5,63.0,1.41,1.36,0.88,1653
0.54,Very Good,J,VVS1,62.9,59.0,1.36,1.38,0.83,1688
0.92,Good,E,SI2,62.7,54.0,2.34,2.27,1.38,4889
0.33,Ideal,D,VS1,60.6,56.0,0.84,0.79,0.52,300
0.36,Premium,I,VS1,62.6,56.0,0.92,0.88,0.57,300
0.75,Ideal,G,VS1,62.0,56.0,1.89,1.92,1.14,2913
0.73,Fair,I,VVS1,62.4,57.0,1.84,1.91,1.09,3249
0.88,Ideal,E,VS1,60.7,58.0,2.21,2.18,1.35,4791
1.89,Ideal,F,VVS1,61.9,59.0,4.87,4.94,2.88,16178
0.78,Very Good,F,SI1,60.6,60.0,2.02,2.02,1.23,4158
1.0,Very Good,I,VS2,58.7,59.0,2.52,2.53,1.49,5954
0.45,Very Good,H,I1,63.1,53.0,1.14,1.14,0.68,300
1.09,Very Good,J,I1,59.6,55.0,2.74,2.73,1.66,6448
0.57,Premium,H,SI1,61.9,57.0,1.47,1.49,0.87,1908
0.77,Premium,F,SI2,62.2,58.0,1.99,2.03,1.18,2741
0.7,Very Good,D,SI1,62.2,59.0,1.77,1.73,1.1,2610
1.24,Premium,E,SI2,61.3,58.0,3.14,3.13,1.86,8130
0.38,Good,G,SI2,62.1,58.0,0.96,1.04,0.59,300
0.24,Very Good,D,VVS1,62.4,58.0,0.61,0.62,0.38,300
0.67,Premium,E,I1,62.7,57.0,1.72,1.73,1.02,1716
0.94,Premium,D,VS1,64.1,58.0,2.4,2.46,1.43,5660
0.8,Ideal,F,SI2,62.0,60.0,2.07,2.04,1.27,3546
1.37,Very Good,H,VVS1,61.8,57.0,3.45,3.45,2.08,9948
0.92,Premium,J,VVS1,60.4,57.0,2.37,2.41,1.44,5179
0.56,Premium,E,VS1,62.3,57.0,1.42,1.48,0.89,1894
0.23,Fair,I,VS1,62.6,60.0,0.58,0.46,0.35,300
0.66,Premium,H,I1,61.4,55.0,1.69,1.65,1.04,2168
1.24,Very Good,F,IF,62.5,61.0,3.2,3.15,2.01,8635
0.61,Good,F,VVS1,61.3,55.0,1.57,1.56,0.93,2311
0.75,Ideal,F,VVS1,62.6,56.0,1.93,1.88,1.14,3272
0.91,Ideal,I,VS1,63.0,59.0,2.34,2.37,1.43,5036
0.45,Ideal,G,SI1,63.0,60.0,1.14,1.15,0.72,927
1.01,Very Good,F,VVS1,61.9,54.0,2.6,2.64,1.56,6163
1.68,Good,D,SI1,60.2,55.0,4.32,4.37,2.61,12939
0.68,Ideal,E,VS2,60.8,58.0,1.74,1.77,1.03,2643
0.42,Premium,D,SI2,62.5,63.0,1.07,1.05,0.65,484
0.72,Good,E,VVS1,65.1,60.0,1.85,1.86,1.09,3372
0.24,Premium,F,SI2,61.2,57.0,0.62,0.6,0.38,300
0.88,Fair,I,SI1,62.3,52.0,2.23,2.16,1.37,3935
0.93,Ideal,E,VS2,60.9,58.0,2.39,2.44,1.5,5377
1.71,Very Good,F,VS1,60.3,58.0,4.4,4.4,2.74,13759
0.67,Ideal,F,VS2,60.8,57.0,1.69,1.61,1.05,2571
0.91,Very Good,G,SI1,58.8,56.0,2.34,2.37,1.4,5046
0.48,Premium,F,I1,63.6,58.0,1.21,1.2,0.72,539
0.62,Premium,G,VS1,58.6,55.0,1.56,1.46,0.96,2728
0.35,Very Good,G,IF,61.3,62.0,0.89,0.82,0.54,502
0.67,Ideal,I,VVS2,60.1,61.0,1.73,1.69,1.06,2956
0.64,Ideal,E,VS2,60.5,59.0,1.61,1.62,0.96,2746
0.86,Ideal,I,VVS1,63.6,58.0,2.21,2.25,1.35,4230
0.54,Ideal,J,SI1,62.0,56.0,1.38,1.42,0.82,1044
0.77,Premium,G,VS2,60.3,57.0,1.98,2.01,1.2,3662
0.63,Ideal,F,VS2,60.9,61.0,1.62,1.62,0.96,1851
0.63,Good,G,VS2,60.6,59.0,1.62,1.71,1.01,2230
0.77,Very Good,H,VVS2,61.6,58.0,1.98,2.01,1.17,3241
0.76,Fair,F,VS2,61.9,60.0,1.96,1.97,1.23,2948
1.08,Very Good,G,SI1,64.4,59.0,2.73,2.76,1.7,6108
0.7,Premium,D,SI1,59.0,58.0,1.77,1.75,1.1,3017
0.62,Very Good,D,SI2,61.7,60.0,1.57,1.57,0.99,1527
0.68,Ideal,G,VS2,61.3,59.0,1.75,1.65,1.04,3053
0.52,Very Good,H,SI1,63.0,59.0,1.31,1.29,0.81,922
0.62,Very Good,E,SI2,62.2,58.0,1.57,1.66,0.98,2541
2.05,Premium,J,VS1,62.5,57.0,5.29,5.3,3.15,17783
0.47,Very Good,G,VS1,62.2,56.0,1.21,1.22,0.74,870
0.64,Ideal,G,VS1,60.4,56.0,1.65,1.7,1.0,2174
0.61,Good,D,VS2,63.4,54.0,1.54,1.56,0.94,1420
0.65,Ideal,J,VVS1,62.8,55.0,1.65,1.61,1.03,2683
0.63,Ideal,F,VVS1,63.0,55.0,1.6,1.6,0.98,2127
0.85,Very Good,E,VVS2,63.5,56.0,2.13,2.07,1.26,4626
0.32,Fair,G,VS1,62.3,61.0,0.81,0.82,0.51,300
1.24,Ideal,J,SI1,63.8,57.0,3.15,3.11,1.88,8288
1.02,Ideal,D,IF,62.2,58.0,2.57,2.62,1.61,6854
0.4,Ideal,G,SI1,61.4,58.0,1.02,0.99,0.64,300
0.24,Ideal,F,SI1,61.7,61.0,0.61,0.57,0.38,300
0.45,Good,H,VS2,61.7,56.0,1.13,1.12,0.7,300
0.66,Very Good,G,SI2,61.0,57.0,1.69,1.71,1.05,1962
2.69,Good,G,IF,64.0,57.0,6.91,6.85,4.27,20000
0.97,Ideal,J,VS2,62.1,60.0,2.5,2.47,1.52,5402
0.3,Ideal,I,VS2,61.8,60.0,0.76,0.77,0.46,300
0.52,Very Good,D,VS1,62.2,59.0,1.34,1.41,0.81,909
0.72,Good,H,VS2,65.9,60.0,1.86,1.73,1.15,3112
0.84,Very Good,I,SI2,60.1,58.0,2.14,2.17,1.32,4259
0.38,Very Good,G,VS2,60.5,57.0,0.97,0.95,0.59,300
0.69,Ideal,E,VS1,59.8,60.0,1.73,1.71,1.07,3315
0.52,Ideal,J,SI1,61.4,59.0,1.33,1.3,0.83,915
0.43,Ideal,F,VS1,62.0,56.0,1.1,1.08,0.68,560
0.84,Premium,I,SI1,61.0,60.0,2.17,2.2,1.29,3856
1.09,Good,J,SI1,60.9,57.0,2.79,2.76,1.69,6283
1.13,Ideal,J,SI2,61.9,57.0,2.92,3.0,1.75,6820
0.99,Ideal,D,SI1,61.0,59.0,2.55,2.58,1.56,6536
0.58,Premium,I,VVS2,62.1,57.0,1.5,1.51,0.89,1960
1.06,Ideal,J,VVS2,63.3,58.0,2.69,2.68,1.67,6358
0.86,Premium,G,SI1,62.6,59.0,2.17,2.23,1.29,4200
0.79,Premium,D,VS2,62.9,56.0,2.03,2.1,1.22,3516
0.55,Premium,H,VS1,63.2,58.0,1.41,1.35,0.88,1211
0.58,Fair,G,SI1,62.1,60.0,1.47,1.43,0.87,1691
0.77,Good,J,SI2,61.5,55.0,1.98,2.01,1.22,2709
2.51,Fair,G,IF,60.6,58.0,6.42,6.47,4.03,20000
0.86,Ideal,F,VS2,61.2,56.0,2.17,2.15,1.33,4288
0.55,Very Good,F,IF,61.0,60.0,1.4,1.36,0.87,1667
0.49,Premium,G,SI1,62.7,60.0,1.27,1.27,0.79,1159
0.58,Ideal,H,VS1,62.2,57.0,1.48,1.55,0.89,1837
2.2,Very Good,I,SI1,62.7,62.0,5.66,5.66,3.47,19364
0.61,Premium,G,SI1,60.1,60.0,1.53,1.47,0.92,1999
1.17,Ideal,I,VS2,63.7,59.0,3.0,3.01,1.8,7499
0.61,Very Good,E,SI1,61.1,59.0,1.58,1.62,0.94,1697
0.84,Good,D,SI2,60.2,60.0,2.14,2.13,1.31,3602
1.1,Very Good,D,SI1,61.1,55.0,2.79,2.85,1.73,7235
0.56,Very Good,D,SI2,65.2,58.0,1.43,1.47,0.89,1570
0.54,Ideal,F,VS1,61.2,58.0,1.39,1.39,0.84,1744
1.7,Ideal,E,VS2,61.2,57.0,4.29,4.29,2.6,14029
1.21,Ideal,H,SI2,61.4,59.0,3.08,2.99,1.9,8474
1.1,Ideal,F,SI2,61.5,60.0,2.77,2.83,1.72,6589
1.1,Ideal,G,SI2,60.6,57.0,2.8,2.78,1.68,6309
0.93,Very Good,G,VS2,61.9,57.0,2.37,2.35,1.43,5188
2.03,Ideal,E,SI2,63.2,56.0,5.25,5.22,3.21,16905
0.76,Premium,H,VS1,62.1,54.0,1.93,1.95,1.17,3359
0.99,Ideal,H,SI2,60.1,59.0,2.53,2.47,1.56,5468
0.36,Ideal,D,SI1,61.2,57.0,0.93,0.88,0.57,300
0.49,Very Good,J,VVS1,60.9,58.0,1.24,1.24,0.74,826
0.41,Good,G,VS1,61.8,55.0,1.05,1.02,0.63,479
1.4,Very Good,D,SI2,63.6,57.0,3.6,3.62,2.25,9550
0.21,Premium,F,VVS2,61.5,60.0,0.53,0.5,0.32,300
0.61,Ideal,F,VS2,61.6,58.0,1.54,1.62,0.91,1891
0.2,Ideal,H,VVS2,64.2,58.0,0.51,0.54,0.32,300
0.49,Fair,G,VS2,62.9,58.0,1.24,1.27,0.77,300
0.58,Premium,D,VS1,62.5,55.0,1.47,1.44,0.9,1884
1.48,Premium,F,IF,64.4,59.0,3.83,3.95,2.34,11795
0.9,Very Good,G,SI1,62.4,55.0,2.29,2.27,1.44,4522
0.49,Good,I,VS1,58.9,55.0,1.26,1.22,0.75,1209
1.26,Very Good,J,VS2,62.9,55.0,3.18,3.22,1.94,8118
0.75,Ideal,D,SI2,59.5,57.0,1.94,1.95,1.19,3253
0.75,Very Good,G,I1,62.3,57.0,1.93,1.89,1.14,2900
0.41,Premium,F,SI2,59.3,57.0,1.06,1.17,0.64,331
0.45,Ideal,J,VS1,61.0,56.0,1.14,1.19,0.71,300
0.49,Premium,E,VS2,61.2,60.0,1.25,1.25,0.76,1252
0.76,Ideal,D,VS2,60.6,59.0,1.94,2.06,1.21,3402
0.77,Ideal,F,SI2,61.2,57.0,1.98,2.02,1.22,3001
1.6,Very Good,I,VS2,63.1,56.0,4.12,4.12,2.56,12205
0.9,Premium,F,VVS1,60.7,56.0,2.26,2.37,1.41,5635
0.2,Very Good,E,SI1,62.5,57.0,0.52,0.55,0.32,300
0.84,Very Good,G,VS1,60.3,54.0,2.17,2.2,1.35,3719
0.36,Fair,D,VVS2,61.4,55.0,0.92,0.9,0.57,300
0.46,Premium,F,VVS2,62.2,59.0,1.16,1.16,0.71,745
0.49,Premium,D,VS2,60.3,58.0,1.26,1.24,0.77,1203
0.53,Good,F,VVS2,59.9,61.0,1.35,1.42,0.81,1490
0.37,Very Good,I,SI1,62.4,57.0,0.95,0.87,0.59,300
0.82,Ideal,H,VVS1,63.3,57.0,2.11,2.18,1.27,4577
0.37,Very Good,H,SI1,61.6,57.0,0.93,0.89,0.57,300
0.89,Very Good,D,SI1,61.1,57.0,2.28,2.28,1.37,4981
2.27,Premium,E,SI2,61.9,56.0,5.78,5.77,3.57,20000
0.38,Ideal,E,VVS2,61.8,58.0,0.98,0.95,0.62,1480
0.64,Very Good,H,SI1,62.0,58.0,1.62,1.65,1.01,2187
0.21,Ideal,I,SI1,58.2,56.0,0.53,0.53,0.33,300
0.64,Ideal,E,SI1,60.2,60.0,1.65,1.62,1.01,3078
1.02,Very Good,G,VVS1,60.5,62.0,2.57,2.58,1.57,6400
1.06,Ideal,H,VVS2,61.9,60.0,2.72,2.69,1.63,6435
0.77,Premium,F,VS2,62.0,59.0,1.95,1.92,1.18,4014
1.16,Ideal,J,VS2,62.6,59.0,2.96,2.89,1.79,7790
2.65,Ideal,H,VS2,62.1,62.0,6.78,6.76,4.26,20000
1.74,Premium,G,SI1,59.9,59.0,4.42,4.44,2.68,14595
0.57,Good,I,VVS1,63.7,56.0,1.47,1.47,0.9,1491
0.36,Ideal,D,SI2,63.5,58.0,0.91,1.0,0.57,300
0.6,Very Good,H,SI1,59.9,59.0,1.52,1.65,0.93,2277
0.46,Very Good,I,SI1,62.2,55.0,1.17,1.15,0.7,300
0.93,Fair,H,VS2,60.9,57.0,2.38,2.34,1.44,4946
0.41,Premium,E,VS2,61.9,60.0,1.04,1.1,0.63,683
0.71,Ideal,G,VS2,63.2,53.0,1.79,1.81,1.11,2694
1.13,Fair,F,SI2,64.7,55.0,2.92,2.98,1.76,6226
0.7,Premium,J,VS2,62.8,57.0,1.78,1.8,1.1,3034
0.46,Very Good,J,SI1,62.1,58.0,1.17,1.16,0.73,334
1.33,Ideal,G,SI2,61.2,55.0,3.39,3.38,2.05,8919
0.29,Very Good,E,SI2,62.0,57.0,0.73,0.75,0.43,300
0.63,Ideal,D,VS1,63.6,60.0,1.59,1.58,0.98,2658
0.73,Premium,J,SI1,61.6,58.0,1.84,1.9,1.11,2274
0.75,Ideal,F,VS1,60.5,60.0,1.89,1.82,1.16,3900
0.81,Good,D,VS1,59.4,56.0,2.05,2.11,1.26,4228
1.01,Very Good,G,VS1,62.4,56.0,2.57,2.48,1.56,6411
0.73,Good,E,VS2,62.0,59.0,1.87,1.88,1.17,2996
0.62,Ideal,I,SI1,60.8,58.0,1.59,1.57,0.96,2449
0.6,Ideal,D,SI1,63.1,55.0,1.51,1.43,0.91,1891
0.55,Very Good,E,VS1,61.1,56.0,1.42,1.32,0.89,1616
1.1,Ideal,D,VS2,61.5,61.0,2.83,2.78,1.69,7235
0.54,Ideal,E,VVS2,61.7,55.0,1.4,1.4,0.83,2429
1.13,Premium,G,VVS1,61.2,60.0,2.87,2.84,1.8,7082
0.75,Premium,D,SI2,62.0,56.0,1.92,1.87,1.15,3378
0.57,Very Good,H,SI2,63.3,57.0,1.44,1.51,0.86,1165
1.01,Good,G,VS1,60.1,58.0,2.6,2.54,1.59,5897
0.51,Ideal,E,SI1,62.4,53.0,1.29,1.32,0.76,1224
1.02,Ideal,E,I1,61.9,54.0,2.59,2.55,1.59,6146
0.82,Ideal,D,VVS1,61.9,58.0,2.09,2.03,1.27,4743
0.55,Very Good,H,SI1,62.9,56.0,1.41,1.38,0.87,1510
0.96,Very Good,E,VVS1,61.8,60.0,2.45,2.48,1.47,5686
0.97,Ideal,E,VS1,62.4,54.0,2.44,2.37,1.53,5648
1.32,Ideal,J,VS1,62.7,59.0,3.36,3.37,2.02,8791
1.2,Ideal,G,SI1,61.0,54.0,3.1,3.05,1.91,8482
0.95,Ideal,H,SI1,62.1,57.0,2.45,2.41,1.54,5072
0.42,Ideal,H,VS2,61.3,55.0,1.07,1.09,0.65,300
2.52,Good,D,SI2,61.5,62.0,6.44,6.55,3.84,20000
0.37,Very Good,F,SI1,61.2,55.0,0.93,0.88,0.55,300
1.19,Ideal,E,SI1,62.4,57.0,3.01,3.05,1.89,7549
0.92,Premium,D,SI2,61.8,54.0,2.33,2.31,1.45,5257
0.41,Fair,G,SI1,62.3,61.0,1.04,1.02,0.65,300
0.7,Good,E,VVS2,61.7,58.0,1.8,1.85,1.11,3503
0.71,Ideal,G,SI2,59.5,58.0,1.81,1.77,1.09,2698
1.42,Fair,D,SI2,61.7,61.0,3.58,3.52,2.13,10308
0.52,Very Good,I,VS1,61.8,58.0,1.32,1.34,0.83,1075
0.65,Premium,D,IF,62.0,58.0,1.64,1.72,1.0,2562
0.23,Ideal,H,SI1,60.9,58.0,0.59,0.63,0.36,300
1.76,Ideal,H,SI2,60.0,59.0,4.44,4.37,2.72,13865
0.43,Very Good,E,VS2,62.6,56.0,1.1,1.07,0.65,653
0.87,Ideal,G,VVS1,61.3,57.0,2.23,2.28,1.34,4199
0.7,Very Good,F,VVS2,61.9,59.0,1.77,1.85,1.09,3149
0.71,Very Good,G,VS1,61.3,58.0,1.79,1.8,1.06,3054
1.11,Ideal,E,SI1,61.7,57.0,2.84,2.81,1.69,6392
1.71,Ideal,H,VS2,61.1,54.0,4.3,4.38,2.62,13313
0.84,Ideal,J,SI2,60.3,61.0,2.15,2.15,1.32,3704
1.03,Ideal,H,VS1,62.4,56.0,2.65,2.62,1.58,6155
0.87,Premium,G,VS1,60.9,60.0,2.21,2.17,1.31,5172
1.23,Good,I,IF,61.9,58.0,3.13,3.07,1.97,8710
0.59,Premium,G,SI1,62.3,55.0,1.52,1.66,0.9,1468
1.27,Very Good,G,I1,60.9,60.0,3.23,3.3,1.91,7996
1.29,Very Good,J,VS2,60.0,58.0,3.34,3.31,2.01,8113
1.27,Ideal,F,VS1,65.1,60.0,3.2,3.29,1.92,8603
0.53,Premium,D,VVS2,61.0,57.0,1.36,1.39,0.83,1346
0.68,Ideal,I,SI1,62.6,59.0,1.74,1.76,1.09,2446
0.84,Ideal,F,SI1,64.4,54.0,2.17,2.13,1.32,3989
0.37,Ideal,E,VS2,62.8,56.0,0.93,0.9,0.58,300
1.64,Premium,G,SI1,61.3,55.0,4.15,4.15,2.6,12485
0.74,Premium,E,VVS1,61.6,57.0,1.87,1.77,1.12,3396
0.85,Premium,G,VS2,60.5,59.0,2.2,2.18,1.34,4172
0.56,Very Good,G,VVS2,62.9,56.0,1.42,1.42,0.87,2061
0.38,Ideal,J,VS2,62.5,59.0,0.98,1.05,0.59,300
0.55,Very Good,E,VVS2,61.0,56.0,1.39,1.36,0.86,1868
0.83,Fair,E,SI1,60.2,59.0,2.09,2.13,1.29,4294
1.04,Ideal,J,VVS2,59.9,60.0,2.63,2.53,1.6,6758
0.8,Very Good,G,SI1,63.1,60.0,2.05,2.11,1.22,4061
0.88,Ideal,D,VS2,61.9,57.0,2.27,2.22,1.34,5004
0.63,Ideal,G,SI1,62.0,53.0,1.6,1.61,0.97,2092
0.95,Ideal,G,VS2,60.5,59.0,2.45,2.47,1.45,5221
1.55,Premium,D,SI1,59.7,57.0,3.92,3.93,2.44,11609
1.05,Fair,E,SI1,63.0,55.0,2.69,2.68,1.62,6241
1.11,Ideal,F,IF,61.8,56.0,2.85,2.79,1.76,7407
0.86,Premium,E,SI2,63.0,61.0,2.18,2.14,1.32,3789
0.35,Ideal,D,VVS2,61.2,55.0,0.88,0.93,0.55,300
0.44,Ideal,G,IF,61.4,59.0,1.12,1.09,0.7,1745
0.93,Ideal,G,I1,62.7,58.0,2.34,2.33,1.46,4421
0.74,Very Good,G,VS1,62.7,57.0,1.91,1.84,1.16,2923
0.92,Premium,D,SI1,62.8,59.0,2.38,2.42,1.41,5431
1.71,Ideal,E,SI2,61.3,61.0,4.39,4.32,2.66,13258
1.07,Very Good,J,SI1,62.6,57.0,2.75,2.8,1.67,6245
1.39,Very Good,D,VVS1,63.3,57.0,3.52,3.47,2.21,10903
0.78,Premium,G,I1,61.6,59.0,1.96,2.01,1.2,4023
0.49,Ideal,J,VS2,61.0,60.0,1.26,1.26,0.78,703
0.72,Ideal,F,VS2,63.6,57.0,1.84,1.81,1.14,3033
0.5,Premium,G,VVS1,60.8,57.0,1.28,1.36,0.78,1191
1.61,Good,D,SI2,62.6,53.0,4.14,4.14,2.54,12092
1.1,Premium,H,VS1,61.6,56.0,2.8,2.78,1.68,7276
0.96,Ideal,E,VS1,59.1,55.0,2.42,2.47,1.43,5259
1.37,Very Good,F,VS1,63.3,59.0,3.52,3.45,2.18,9970
0.27,Premium,J,IF,57.8,57.0,0.69,0.56,0.43,300
0.99,Ideal,D,VVS2,58.9,57.0,2.55,2.61,1.55,6752
0.38,Ideal,G,SI2,62.4,57.0,0.97,0.93,0.59,300
0.74,Ideal,H,VS2,62.4,56.0,1.87,1.91,1.13,3006
0.63,Ideal,G,SI1,60.8,61.0,1.59,1.59,0.97,2201
1.03,Very Good,D,SI1,61.9,60.0,2.65,2.59,1.59,6414
0.83,Very Good,H,VS2,58.2,61.0,2.12,2.15,1.32,4514
1.45,Ideal,I,SI1,62.7,59.0,3.69,3.67,2.25,9562
0.55,Ideal,I,VS2,62.0,57.0,1.4,1.35,0.86,1664
1.06,Ideal,H,IF,61.6,61.0,2.71,2.66,1.6,7492
0.8,Ideal,E,SI2,61.7,56.0,2.02,1.93,1.24,3812
0.33,Premium,G,VVS1,62.4,56.0,0.84,0.86,0.5,300
0.47,Premium,H,VS2,61.7,56.0,1.19,1.14,0.72,1053
0.69,Ideal,I,VS1,59.1,59.0,1.75,1.75,1.06,3025
1.29,Ideal,G,VVS2,64.8,56.0,3.29,3.28,2.0,9223
0.93,Ideal,D,SI1,63.4,57.0,2.35,2.3,1.41,5116
0.41,Ideal,G,VS2,59.9,54.0,1.04,0.96,0.65,300
0.69,Ideal,D,SI1,61.2,59.0,1.75,1.88,1.06,2691
2.03,Very Good,G,SI1,61.4,54.0,5.14,5.14,3.16,17359
0.78,Premium,I,VVS1,63.2,55.0,2.02,2.11,1.24,4324
0.63,Good,D,VVS2,58.7,60.0,1.58,1.64,0.97,2279
0.95,Premium,G,SI2,61.0,60.0,2.43,2.41,1.49,5338
1.09,Fair,E,SI2,59.2,58.0,2.75,2.76,1.71,6600
0.59,Premium,D,SI1,61.3,58.0,1.52,1.53,0.95,2400
0.95,Premium,J,SI2,61.0,56.0,2.45,2.54,1.49,5445
0.63,Very Good,I,VS2,61.8,56.0,1.6,1.64,0.98,1596
1.06,Premium,E,SI2,60.9,57.0,2.73,2.69,1.62,6110
0.81,Fair,H,VS2,60.6,54.0,2.05,2.07,1.22,3373
0.94,Fair,I,I1,62.6,58.0,2.37,2.41,1.44,4262
0.51,Ideal,J,SI1,62.3,58.0,1.29,1.23,0.81,685
0.49,Premium,J,VS1,62.5,55.0,1.24,1.26,0.76,836
1.19,Good,E,VS2,61.5,61.0,3.02,3.09,1.86,7488
0.71,Premium,I,IF,60.9,59.0,1.8,1.76,1.07,3049
0.85,Ideal,G,VVS1,61.5,59.0,2.16,2.12,1.31,4435
0.64,Very Good,F,SI1,62.4,56.0,1.64,1.7,0.99,2225
1.16,Ideal,G,SI2,58.7,57.0,2.93,2.91,1.82,7405
0.55,Good,J,VVS2,62.3,59.0,1.38,1.33,0.82,1213
0.69,Good,E,VVS1,62.1,58.0,1.76,1.8,1.08,2703
1.1,Premium,J,VVS2,61.8,61.0,2.8,2.83,1.75,6340
1.33,Premium,E,SI2,61.5,57.0,3.34,3.34,2.09,9732
0.57,Ideal,D,IF,58.1,56.0,1.44,1.5,0.9,2349
1.97,Ideal,G,SI1,61.1,59.0,5.02,5.08,3.04,17766
0.87,Ideal,F,VS1,64.2,55.0,2.2,2.2,1.38,4804
0.44,Premium,G,VVS1,61.7,60.0,1.13,1.23,0.7,1449
0.89,Very Good,G,SI1,61.3,55.0,2.25,2.33,1.4,4785
0.61,Ideal,D,VVS1,61.7,59.0,1.53,1.43,0.96,2645
0.92,Very Good,D,SI1,62.2,56.0,2.34,2.29,1.47,4682
0.73,Premium,G,IF,62.6,59.0,1.89,1.78,1.13,3181
0.77,Good,F,SI1,61.4,59.0,1.97,1.95,1.17,3709
0.47,Fair,D,IF,62.3,58.0,1.19,1.13,0.73,1148
1.22,Ideal,D,SI2,64.0,55.0,3.06,3.02,1.87,8157
0.42,Ideal,G,VS1,63.1,56.0,1.07,1.12,0.65,627
0.43,Ideal,G,VS2,65.0,56.0,1.09,1.0,0.67,350
0.89,Premium,H,VS2,60.8,53.0,2.28,2.29,1.35,4387
1.65,Very Good,D,SI1,64.0,60.0,4.22,4.23,2.5,13181
0.62,Very Good,I,VS1,60.6,58.0,1.57,1.57,0.95,1967
1.05,Very Good,F,SI1,62.2,55.0,2.64,2.65,1.58,6104
1.27,Premium,H,VS2,62.7,61.0,3.26,3.15,2.02,8817
1.11,Ideal,H,SI1,61.0,56.0,2.84,2.8,1.78,6795
0.63,Ideal,G,IF,61.8,58.0,1.62,1.7,1.0,2044
0.43,Very Good,D,SI2,63.0,56.0,1.09,1.03,0.67,490
0.25,Ideal,J,SI1,60.7,53.0,0.64,0.72,0.38,300
0.65,Ideal,F,SI1,64.0,54.0,1.64,1.57,1.0,1546
1.34,Premium,J,SI1,59.8,57.0,3.39,3.31,2.11,8801
0.42,Premium,I,SI1,64.4,59.0,1.08,1.03,0.67,626
1.05,Premium,G,VS2,63.1,58.0,2.7,2.76,1.62,6299
0.46,Very Good,G,VVS1,61.6,58.0,1.17,1.14,0.73,873
0.78,Very Good,H,VS1,61.1,53.0,2.01,2.03,1.26,3339
1.06,Ideal,H,VS2,61.0,60.0,2.72,2.72,1.64,6125
0.53,Fair,J,SI2,61.5,58.0,1.34,1.34,0.8,548
0.81,Good,H,VS1,61.6,57.0,2.09,2.15,1.26,4096
0.6,Fair,D,SI2,63.5,60.0,1.53,1.57,0.91,1551
1.05,Fair,D,VVS2,64.5,60.0,2.69,2.63,1.68,6561
0.83,Ideal,G,SI1,62.0,60.0,2.12,2.11,1.33,4688
0.76,Ideal,F,SI1,60.5,57.0,1.93,2.02,1.19,3262
1.61,Premium,D,SI1,60.9,55.0,4.15,4.17,2.58,12599
1.03,Good,J,VVS2,61.4,60.0,2.61,2.53,1.61,6368
0.52,Premium,E,SI2,60.3,54.0,1.31,1.24,0.79,718
0.71,Premium,D,VS2,60.0,62.0,1.83,1.87,1.13,3325
0.71,Very Good,I,SI2,64.6,58.0,1.83,1.87,1.14,3008
0.77,Premium,I,VS1,62.1,55.0,1.96,1.91,1.22,3283
2.62,Premium,D,VVS1,60.5,55.0,6.61,6.65,3.92,20000
0.89,Premium,F,VS2,62.8,55.0,2.28,2.36,1.39,4563
0.27,Ideal,J,VS2,60.1,58.0,0.68,0.75,0.41,300
0.56,Fair,H,VVS1,60.2,57.0,1.42,1.5,0.88,1028
0.28,Premium,G,VS2,60.6,55.0,0.7,0.73,0.43,300
0.63,Ideal,E,VS2,64.0,57.0,1.61,1.6,0.97,1712
0.27,Premium,E,VS2,61.3,54.0,0.68,0.66,0.42,300
0.48,Ideal,D,VS1,58.3,59.0,1.23,1.23,0.75,1108
0.35,Ideal,H,SI2,63.4,57.0,0.9,0.86,0.54,300
0.9,Very Good,F,VVS2,61.3,57.0,2.29,2.27,1.43,4551
0.74,Good,F,VS2,59.1,55.0,1.87,1.93,1.11,3149
0.86,Ideal,G,SI2,61.3,57.0,2.17,2.09,1.28,4391
0.7,Fair,I,VVS2,62.4,57.0,1.77,1.69,1.05,2091
0.37,Premium,D,SI1,62.3,58.0,0.94,0.98,0.56,300
0.96,Ideal,D,SI2,64.2,58.0,2.46,2.44,1.5,6173
1.94,Premium,G,VS1,60.5,59.0,4.87,4.77,3.0,16728
0.91,Premium,F,VVS1,61.8,56.0,2.34,2.34,1.42,4575
0.6,Ideal,H,VVS1,60.7,53.0,1.54,1.53,0.92,1696
0.36,Premium,F,IF,59.5,60.0,0.92,0.9,0.55,467
0.47,Premium,E,VVS1,62.9,55.0,1.19,1.22,0.73,1071
0.93,Ideal,G,I1,62.3,55.0,2.4,2.33,1.47,4521
1.27,Premium,D,SI1,62.1,57.0,3.27,3.27,1.97,9414
0.84,Ideal,F,VVS2,62.3,58.0,2.17,2.16,1.3,5420
1.11,Ideal,G,SI1,60.7,56.0,2.82,2.82,1.67,6798
1.06,Very Good,E,VS2,60.3,56.0,2.74,2.65,1.62,6766
0.95,Good,I,VS2,61.8,57.0,2.39,2.36,1.42,5286
0.53,Good,G,SI1,63.3,61.0,1.35,1.35,0.84,1325
0.81,Fair,G,VVS1,64.0,57.0,2.06,2.09,1.24,3611
0.48,Good,G,VS2,62.8,55.0,1.22,1.31,0.72,1199
0.75,Ideal,E,VS2,61.7,55.0,1.92,1.96,1.17,3415
0.87,Good,G,IF,62.1,57.0,2.2,2.22,1.35,4856
1.71,Very Good,E,VS2,61.7,58.0,4.41,4.47,2.68,13662
0.38,Ideal,F,SI2,60.3,59.0,0.97,0.95,0.58,300
0.94,Fair,G,VS2,61.7,58.0,2.43,2.51,1.51,5024
1.55,Ideal,E,VVS2,59.8,56.0,3.89,3.95,2.4,11807
1.08,Very Good,H,VVS2,61.5,57.0,2.76,2.74,1.67,5978
1.12,Good,H,VVS2,64.0,59.0,2.85,2.95,1.72,6846
0.99,Ideal,G,VS1,62.9,55.0,2.52,2.54,1.5,5434
1.42,Ideal,H,SI1,60.4,56.0,3.65,3.76,2.26,10397
0.43,Ideal,J,VVS1,61.6,59.0,1.09,1.11,0.67,757
0.37,Ideal,F,VVS1,60.5,59.0,0.93,0.9,0.55,379
0.74,Ideal,G,SI1,61.6,57.0,1.9,1.86,1.15,3677
0.25,Very Good,G,SI2,63.2,57.0,0.64,0.62,0.4,300
1.37,Very Good,D,IF,62.6,55.0,3.46,3.43,2.1,9637
1.36,Ideal,F,VVS1,65.2,59.0,3.47,3.53,2.09,9839
0.6,Ideal,D,VVS1,63.4,60.0,1.53,1.53,0.94,2841
0.62,Ideal,I,VVS1,62.0,63.0,1.59,1.51,0.95,1787
0.71,Premium,F,VS2,62.6,58.0,1.78,1.79,1.09,2900
0.76,Premium,D,VS1,61.4,57.0,1.94,1.95,1.2,3882
0.79,Ideal,F,VS2,60.1,55.0,2.02,2.0,1.26,4774
0.98,Very Good,E,SI2,63.5,53.0,2.52,2.53,1.56,5624
0.68,Ideal,G,VS1,63.1,58.0,1.75,1.75,1.06,2800
1.19,Ideal,I,VS2,61.4,63.0,3.03,3.06,1.88,8013
0.93,Premium,G,VS1,62.1,60.0,2.36,2.39,1.48,4532
0.55,Ideal,G,VS2,63.4,60.0,1.38,1.4,0.84,1095
1.44,Ideal,D,VS2,62.9,58.0,3.65,3.59,2.15,10923
0.38,Good,H,SI2,59.7,58.0,0.96,1.07,0.6,300
0.71,Ideal,D,SI1,62.0,52.0,1.83,1.75,1.09,3033
1.2,Premium,D,SI2,61.5,59.0,3.09,3.08,1.84,7864
0.52,Ideal,H,SI1,63.3,56.0,1.32,1.27,0.8,943
0.86,Very Good,G,IF,63.1,56.0,2.18,2.2,1.32,4656
0.97,Ideal,D,SI2,63.5,57.0,2.44,2.45,1.52,5030
0.48,Premium,D,SI1,60.1,57.0,1.24,1.23,0.75,845
0.71,Fair,G,VS2,60.6,56.0,1.83,1.91,1.08,2257
0.69,Ideal,H,VS2,63.3,58.0,1.75,1.81,1.08,2451
0.56,Good,F,SI2,60.9,56.0,1.43,1.41,0.88,1617
2.34,Very Good,E,VVS2,59.6,58.0,5.92,5.96,3.69,20000
0.51,Ideal,H,VVS2,62.4,54.0,1.29,1.37,0.78,1398
1.22,Ideal,E,SI1,60.9,57.0,3.06,3.12,1.82,8227
0.61,Premium,J,SI1,64.2,55.0,1.56,1.55,0.95,1369
0.43,Ideal,J,VVS1,62.1,56.0,1.08,1.0,0.64,300
0.78,Premium,G,VVS2,61.9,58.0,1.96,1.98,1.16,3659
1.02,Very Good,G,VS1,61.2,54.0,2.57,2.6,1.6,6018
1.17,Very Good,H,SI2,63.9,56.0,2.97,2.93,1.8,7236
1.62,Ideal,G,SI1,62.2,59.0,4.15,4.15,2.54,12568
3.23,Ideal,H,VS2,61.1,54.0,8.16,8.16,5.03,20000
0.84,Ideal,I,SI2,60.6,61.0,2.17,2.24,1.32,3496
0.53,Ideal,H,VS2,61.6,60.0,1.34,1.43,0.79,1614
0.93,Good,D,VS2,60.3,56.0,2.36,2.42,1.42,4721
0.65,Premium,G,SI1,63.1,56.0,1.64,1.64,0.98,2476
1.18,Good,G,VVS2,59.2,58.0,2.99,3.05,1.88,8010
0.39,Premium,F,VVS2,61.5,54.0,0.98,1.01,0.61,300
2.42,Premium,D,SI1,62.6,53.0,6.13,6.13,3.73,20000
1.14,Ideal,H,VVS2,62.2,56.0,2.94,3.04,1.74,7749
0.32,Very Good,E,SI2,60.7,57.0,0.82,0.78,0.49,300
0.52,Good,E,VVS2,62.6,58.0,1.34,1.37,0.83,1021
1.11,Very Good,F,SI2,60.5,56.0,2.8,2.84,1.76,6754
1.33,Ideal,J,SI2,61.7,60.0,3.39,3.38,2.0,9234
0.39,Premium,E,VS1,62.6,54.0,0.99,1.02,0.62,362
1.06,Good,J,VS2,62.3,55.0,2.72,2.77,1.65,6104
0.28,Good,F,VVS1,60.8,59.0,0.72,0.73,0.43,300
0.71,Ideal,E,SI1,63.4,55.0,1.83,1.85,1.09,3208
1.29,Good,H,SI1,61.8,55.0,3.24,3.25,2.01,8786
0.56,Ideal,D,VS2,62.7,58.0,1.42,1.46,0.86,1675
0.35,Ideal,J,VS2,63.8,55.0,0.88,0.87,0.55,300
0.8,Good,D,SI1,63.3,57.0,2.01,1.99,1.2,3338
0.55,Good,G,VS1,63.3,56.0,1.38,1.38,0.85,1735
1.01,Ideal,H,VS1,62.0,56.0,2.56,2.62,1.52,6284
0.48,Premium,I,VVS2,62.8,53.0,1.22,1.13,0.72,733
0.5,Premium,D,IF,62.0,58.0,1.27,1.22,0.76,1510
0.27,Ideal,J,SI1,60.0,55.0,0.69,0.8,0.43,300
0.81,Ideal,I,VS1,62.1,57.0,2.08,2.09,1.28,3880
0.68,Ideal,G,SI1,62.1,56.0,1.71,1.69,1.02,2126
0.41,Ideal,F,VS1,62.5,57.0,1.03,1.07,0.62,420
0.82,Premium,F,VS2,61.5,57.0,2.1,2.06,1.3,4442
1.24,Good,I,IF,60.6,58.0,3.17,3.06,1.91,8163
0.67,Ideal,H,VS1,62.6,56.0,1.69,1.71,1.06,2668
0.85,Premium,H,IF,59.9,60.0,2.19,2.15,1.37,5131
0.85,Premium,H,VVS2,63.7,53.0,2.16,2.17,1.32,4309
0.41,Ideal,G,VVS1,61.4,57.0,1.04,1.06,0.64,396
2.07,Good,E,VVS2,62.0,59.0,5.26,5.27,3.24,18251
0.59,Premium,H,VS2,62.5,59.0,1.5,1.41,0.9,2049
1.03,Fair,G,SI1,62.5,55.0,2.63,2.63,1.59,5723
1.09,Premium,G,SI1,59.7,56.0,2.77,2.79,1.65,6651
0.69,Good,D,SI2,62.9,55.0,1.75,1.68,1.1,2812
1.0,Good,D,VS2,62.1,59.0,2.58,2.5,1.6,5975
0.84,Good,E,VS2,60.8,56.0,2.13,2.08,1.26,3717
0.36,Ideal,H,VS2,60.7,58.0,0.92,0.96,0.56,300
0.63,Ideal,J,IF,61.2,58.0,1.6,1.5,0.97,2862
0.55,Premium,H,VVS1,59.9,63.0,1.4,1.44,0.87,1454
0.59,Ideal,H,SI2,64.1,58.0,1.49,1.51,0.9,680
0.39,Premium,G,SI1,63.8,56.0,1.0,0.99,0.62,300
1.3,Very Good,E,SI1,62.3,54.0,3.34,3.27,1.99,8727
1.65,Ideal,D,SI1,61.4,57.0,4.14,4.1,2.54,13410
1.21,Very Good,D,VVS2,61.4,57.0,3.04,3.08,1.83,7973
1.4,Ideal,G,VS2,62.8,53.0,3.62,3.68,2.16,10166
0.62,Fair,E,VS2,64.2,56.0,1.6,1.55,0.98,774
0.54,Ideal,H,VVS2,60.9,58.0,1.38,1.44,0.85,1680
0.5,Fair,J,VVS2,60.1,56.0,1.27,1.3,0.8,672
1.02,Ideal,E,SI2,63.9,60.0,2.63,2.63,1.62,6623
0.83,Premium,J,VS1,59.2,54.0,2.09,2.05,1.28,3388
0.71,Ideal,G,VS2,60.3,59.0,1.82,1.79,1.14,3082
1.42,Good,H,SI1,61.4,60.0,3.62,3.71,2.26,9331
0.91,Premium,E,SI2,59.5,60.0,2.34,2.35,1.43,4724
0.49,Ideal,E,VS2,63.3,54.0,1.23,1.3,0.75,329
0.53,Premium,H,SI1,62.9,58.0,1.36,1.37,0.85,1821
1.04,Ideal,E,SI1,60.9,56.0,2.66,2.64,1.64,6150
1.25,Ideal,H,VS1,63.5,54.0,3.22,3.25,1.99,8286
0.98,Premium,G,VS1,63.7,57.0,2.51,2.62,1.49,5546
1.91,Ideal,E,SI1,61.5,56.0,4.93,4.9,3.05,15714
1.68,Premium,E,SI2,61.1,60.0,4.33,4.38,2.6,13605
0.92,Ideal,D,VVS2,64.9,59.0,2.34,2.35,1.39,5530
0.49,Fair,H,I1,62.7,55.0,1.24,1.17,0.77,466
0.38,Very Good,E,VVS1,62.1,56.0,0.97,0.9,0.6,300
0.61,Ideal,F,VS1,63.6,57.0,1.57,1.55,0.95,2511
1.08,Ideal,D,SI1,62.1,57.0,2.72,2.74,1.65,7065
1.85,Premium,I,SI1,61.0,60.0,4.72,4.76,2.82,15075
0.91,Ideal,E,I1,61.8,59.0,2.29,2.21,1.35,5064
1.33,Very Good,F,SI1,63.2,58.0,3.34,3.37,2.02,9162
0.66,Very Good,H,SI2,58.9,57.0,1.69,1.68,1.01,1647
1.01,Premium,G,VS2,61.3,54.0,2.59,2.59,1.57,5753
1.12,Very Good,G,SI2,63.6,60.0,2.86,2.89,1.78,6492
0.28,Premium,F,VS2,61.0,57.0,0.72,0.81,0.43,300
0.6,Good,D,VS2,63.9,61.0,1.51,1.53,0.9,2214
1.19,Ideal,F,SI1,63.7,58.0,3.0,2.93,1.88,7111
0.85,Ideal,F,SI2,61.6,62.0,2.19,2.18,1.36,4121
0.41,Ideal,G,SI2,60.9,59.0,1.05,1.09,0.62,300
0.22,Premium,J,SI2,61.3,54.0,0.56,0.6,0.33,300
0.62,Very Good,H,VS1,65.4,56.0,1.59,1.62,0.98,1529
0.71,Ideal,G,SI1,64.3,57.0,1.83,1.8,1.11,2761
0.48,Ideal,H,VVS2,61.9,56.0,1.23,1.16,0.76,1168
0.8,Very Good,I,VS2,60.8,57.0,2.06,2.09,1.25,3729
0.95,Ideal,G,VS2,61.9,54.0,2.41,2.35,1.52,5322
1.04,Ideal,H,VS2,62.0,58.0,2.63,2.66,1.62,6407
0.23,Ideal,H,VS1,60.0,58.0,0.59,0.62,0.35,300
0.38,Ideal,G,SI1,61.8,55.0,0.97,0.95,0.59,300
0.64,Premium,I,SI2,63.6,62.0,1.62,1.61,0.99,2260
0.99,Premium,D,VS2,59.2,58.0,2.53,2.54,1.51,6315
0.95,Ideal,D,SI1,62.9,56.0,2.44,2.41,1.44,5940
0.94,Ideal,E,VS2,63.6,54.0,2.38,2.31,1.41,5388
0.61,Fair,I,VS1,60.9,58.0,1.56,1.56,0.95,1474
0.63,Fair,E,VS2,64.1,57.0,1.58,1.58,0.97,2011
0.51,Premium,E,VS1,60.7,59.0,1.29,1.36,0.77,1453
1.09,Ideal,E,VS2,62.3,57.0,2.79,2.75,1.72,7138
0.47,Ideal,I,VS1,61.3,55.0,1.19,1.24,0.73,430
1.13,Very Good,F,VS1,61.3,61.0,2.86,2.8,1.79,7734
0.82,Premium,D,VS2,60.8,58.0,2.11,2.04,1.32,4204
0.72,Premium,F,VS1,62.7,57.0,1.85,1.83,1.16,3406
0.53,Ideal,F,VVS1,62.9,58.0,1.35,1.3,0.85,1764
0.38,Ideal,G,VS2,61.6,59.0,0.96,0.89,0.58,300
0.54,Ideal,F,SI1,59.8,54.0,1.37,1.47,0.84,1463
0.63,Premium,J,VS1,62.3,58.0,1.61,1.59,0.97,2300
0.23,Premium,F,VS2,62.3,57.0,0.58,0.7,0.35,300
0.67,Very Good,J,SI2,61.4,59.0,1.71,1.66,1.02,1388
1.18,Good,G,VVS1,64.3,56.0,3.0,2.91,1.85,7838
0.98,Ideal,H,SI2,59.5,56.0,2.5,2.56,1.48,5456
0.58,Ideal,F,VS1,58.6,61.0,1.46,1.42,0.88,2105
0.76,Ideal,I,VS1,60.7,60.0,1.91,1.92,1.14,2728
0.56,Ideal,E,IF,62.7,50.0,1.45,1.38,0.91,2152
0.8,Premium,E,SI2,60.2,60.0,2.07,2.07,1.23,3754
1.6,Ideal,I,VS2,60.3,57.0,4.07,4.0,2.55,12044
1.2,Ideal,I,SI1,63.0,56.0,3.09,3.09,1.84,7622
0.96,Ideal,I,SI1,62.3,55.0,2.46,2.44,1.52,5026
0.58,Very Good,D,SI2,62.2,55.0,1.46,1.47,0.88,887
1.08,Premium,F,VS2,62.8,56.0,2.74,2.77,1.65,6594
0.32,Good,G,VS2,61.1,55.0,0.81,0.82,0.51,300
0.65,Ideal,I,SI2,61.2,55.0,1.66,1.68,0.99,1864
0.99,Premium,F,VS2,62.8,55.0,2.53,2.52,1.51,5709
1.07,Very Good,D,VS1,59.8,58.0,2.76,2.74,1.69,6837
1.04,Ideal,E,VS1,58.7,58.0,2.68,2.7,1.66,7010
0.86,Premium,F,VVS1,61.1,59.0,2.22,2.21,1.4,4774
0.67,Very Good,J,SI1,63.0,57.0,1.73,1.73,1.07,2365
0.97,Good,I,IF,62.1,55.0,2.5,2.52,1.53,5440
0.46,Ideal,J,VVS1,62.9,59.0,1.17,1.12,0.71,1495
0.49,Premium,H,SI1,58.9,55.0,1.24,1.31,0.76,642
0.76,Ideal,I,SI2,62.1,59.0,1.94,1.93,1.19,2896
0.81,Premium,H,VS2,62.6,55.0,2.08,2.09,1.25,3680
0.3,Ideal,G,SI1,59.8,56.0,0.76,0.76,0.47,300
0.93,Premium,D,VS2,62.9,57.0,2.4,2.43,1.44,4729
1.09,Premium,F,VS2,61.5,59.0,2.82,2.84,1.72,7047
0.71,Ideal,D,VS1,66.0,58.0,1.81,1.81,1.09,2000
2.43,Premium,E,VS2,58.7,58.0,6.19,6.26,3.73,20000
0.53,Good,I,SI2,63.6,62.0,1.37,1.21,0.84,300
0.62,Fair,E,VVS2,61.1,53.0,1.56,1.62,0.92,2152
0.61,Ideal,H,SI1,59.4,55.0,1.54,1.59,0.91,1178
0.71,Ideal,F,IF,61.0,55.0,1.83,1.74,1.09,3664
0.63,Ideal,G,SI2,62.1,54.0,1.62,1.67,0.97,2154
0.37,Very Good,D,IF,63.2,56.0,0.94,0.99,0.56,300
0.56,Good,H,SI2,64.1,59.0,1.44,1.47,0.89,1046
0.71,Fair,H,SI1,63.7,56.0,1.8,1.72,1.09,2548
1.37,Very Good,D,SI2,60.3,57.0,3.51,3.54,2.14,9972
2.23,Premium,J,VS1,63.3,54.0,5.71,5.76,3.52,19392
1.44,Premium,E,VVS2,62.2,56.0,3.64,3.61,2.25,10206
0.5,Premium,E,VS2,60.8,56.0,1.27,1.29,0.75,1625
0.52,Ideal,D,VVS1,61.4,59.0,1.34,1.32,0.84,1492
0.68,Very Good,D,VS2,60.7,54.0,1.72,1.76,1.08,2519
1.81,Premium,D,VS1,61.8,56.0,4.57,4.55,2.72,15290
0.68,Ideal,J,VVS2,60.7,60.0,1.73,1.7,1.07,2434
0.38,Premium,E,SI1,60.3,57.0,0.96,0.96,0.57,300
0.58,Ideal,F,SI1,62.4,53.0,1.5,1.43,0.89,1909
1.08,Ideal,F,VVS1,62.6,60.0,2.72,2.71,1.64,6566
1.05,Ideal,I,VVS1,61.4,59.0,2.69,2.71,1.68,6437
0.67,Very Good,F,IF,63.6,59.0,1.7,1.74,1.05,2490
1.04,Ideal,D,VVS1,61.3,54.0,2.68,2.69,1.63,6444
0.24,Premium,D,SI2,61.3,61.0,0.61,0.54,0.37,300
0.78,Very Good,G,VVS2,62.6,56.0,1.98,2.05,1.21,4135
1.14,Premium,J,SI1,61.5,56.0,2.95,3.02,1.78,6996
0.49,Ideal,G,IF,61.8,56.0,1.23,1.24,0.77,1546
0.49,Premium,E,VS2,58.2,60.0,1.25,1.21,0.77,1396
0.29,Very Good,E,VS2,61.7,57.0,0.75,0.72,0.46,300
1.64,Ideal,G,VS2,59.1,59.0,4.21,4.2,2.56,13107
0.52,Very Good,J,SI1,60.0,58.0,1.34,1.35,0.84,417
0.84,Good,G,SI2,59.8,57.0,2.11,2.09,1.31,3533
1.0,Good,G,VVS1,60.2,55.0,2.51,2.47,1.5,5929
1.58,Good,D,VVS2,60.9,61.0,3.97,4.02,2.41,12063
0.69,Very Good,F,SI2,61.0,54.0,1.79,1.8,1.08,1997
0.57,Good,H,VVS2,62.6,58.0,1.47,1.42,0.93,1316
0.81,Ideal,F,VS1,62.0,58.0,2.05,2.06,1.24,4516
1.41,Very Good,J,SI1,59.0,60.0,3.57,3.58,2.12,10508
0.68,Very Good,D,SI1,61.8,61.0,1.71,1.67,1.04,2667
0.46,Ideal,G,VVS2,62.1,57.0,1.17,1.23,0.71,1080
0.34,Premium,G,VS1,61.2,59.0,0.86,0.87,0.53,300
0.4,Ideal,G,VS2,61.6,61.0,1.03,1.02,0.62,300
1.14,Very Good,E,VS2,62.0,57.0,2.94,2.94,1.74,6918
0.63,Very Good,E,SI2,62.8,55.0,1.62,1.64,0.96,1762
0.55,Fair,E,VS2,59.5,57.0,1.41,1.41,0.85,1447
0.52,Very Good,H,SI1,61.4,55.0,1.34,1.34,0.81,825
0.77,Very Good,H,SI1,63.8,58.0,1.98,2.03,1.23,3038
0.66,Very Good,I,VS1,63.7,60.0,1.68,1.61,1.01,2094
0.65,Good,F,VVS1,62.9,57.0,1.65,1.59,0.98,2622
1.45,Good,J,SI1,62.5,54.0,3.67,3.71,2.28,9560
1.6,Premium,F,SI1,64.0,60.0,4.1,4.22,2.56,12482
0.33,Very Good,D,VS1,64.4,54.0,0.85,0.89,0.52,300
0.87,Premium,D,VVS1,61.5,54.0,2.22,2.31,1.34,5632
0.5,Premium,G,VS1,60.3,57.0,1.29,1.27,0.8,1024
0.65,Ideal,G,VVS1,61.3,58.0,1.63,1.6,0.96,2613
0.86,Fair,J,VS2,66.0,58.0,2.21,2.23,1.39,3538
0.67,Ideal,E,VS1,59.5,57.0,1.73,1.78,1.08,2775
0.83,Ideal,E,SI2,61.0,61.0,2.12,2.05,1.3,4363
1.04,Good,H,SI1,59.7,58.0,2.69,2.68,1.62,5940
0.86,Ideal,G,SI1,61.9,60.0,2.2,2.2,1.3,4715
0.54,Ideal,D,VS2,60.0,59.0,1.37,1.34,0.86,1864
0.54,Good,D,VVS1,61.5,55.0,1.36,1.33,0.84,1647
0.36,Very Good,H,VVS1,59.0,57.0,0.92,0.96,0.56,300
0.48,Ideal,F,SI2,62.6,62.0,1.24,1.26,0.73,1169
1.98,Ideal,I,SI2,63.4,56.0,4.98,5.02,3.07,16768
0.5,Very Good,I,SI1,61.2,56.0,1.28,1.3,0.81,748
0.41,Very Good,D,SI1,61.5,58.0,1.05,1.01,0.65,322
0.87,Premium,E,VS2,61.5,56.0,2.19,2.21,1.3,4155
0.7,Premium,E,VVS1,62.0,56.0,1.76,1.71,1.07,4118
0.67,Premium,J,IF,61.6,56.0,1.7,1.68,1.01,2949
1.5,Premium,D,VS1,62.8,61.0,3.8,3.75,2.38,11689
0.97,Premium,G,VVS2,63.4,57.0,2.45,2.42,1.48,5575
0.57,Ideal,G,VS2,60.6,55.0,1.44,1.44,0.89,881
0.6,Fair,F,SI1,61.3,54.0,1.51,1.49,0.9,1444
0.58,Very Good,I,VS2,63.0,62.0,1.48,1.44,0.88,1544
1.15,Ideal,E,VS2,59.7,57.0,2.95,3.01,1.82,7324
0.64,Ideal,F,VS1,58.9,58.0,1.64,1.63,1.02,2357
0.3,Premium,I,SI1,62.0,56.0,0.77,0.74,0.46,300
0.72,Premium,I,SI1,62.4,58.0,1.86,1.81,1.13,3018
0.34,Good,I,SI1,60.7,61.0,0.88,0.79,0.54,300
2.21,Premium,J,IF,60.9,56.0,5.71,5.7,3.55,20000
0.46,Premium,F,VS2,60.6,59.0,1.17,1.1,0.72,553
0.68,Very Good,D,VS1,60.5,54.0,1.75,1.79,1.04,2697
0.84,Very Good,J,VS1,62.7,62.0,2.16,2.16,1.32,4088
0.64,Premium,J,SI1,60.0,58.0,1.62,1.7,1.01,2129
0.64,Fair,F,VS2,61.3,57.0,1.61,1.62,1.01,2230
0.91,Very Good,E,VVS1,60.4,57.0,2.33,2.29,1.43,5127
1.59,Very Good,H,VS2,59.7,56.0,4.01,3.92,2.53,12315
1.09,Very Good,G,IF,62.9,56.0,2.76,2.8,1.64,7120
1.55,Good,F,SI1,61.0,52.0,3.95,3.89,2.41,11314
0.44,Ideal,H,SI2,62.0,57.0,1.13,1.11,0.7,300
0.87,Premium,J,VVS1,59.6,57.0,2.25,2.33,1.34,4394
0.8,Ideal,E,VVS2,60.7,59.0,2.05,2.08,1.29,4821
0.88,Ideal,F,IF,62.8,56.0,2.26,2.28,1.37,4460
1.47,Premium,F,VS1,65.3,56.0,3.73,3.78,2.25,11245
0.66,Good,E,VVS1,58.9,57.0,1.69,1.74,1.01,2250
0.6,Premium,E,VVS2,61.4,54.0,1.53,1.61,0.92,1891
0.97,Premium,H,VVS2,62.3,58.0,2.5,2.47,1.53,5468
0.3,Ideal,G,VS2,60.8,53.0,0.76,0.74,0.46,300
0.66,Premium,I,SI1,62.9,60.0,1.68,1.63,1.0,2204
0.69,Good,I,VVS1,60.5,59.0,1.76,1.76,1.1,2783
0.47,Very Good,E,VS2,61.9,55.0,1.21,1.2,0.72,348
1.26,Premium,D,VS2,61.0,59.0,3.26,3.17,2.03,8925
0.44,Ideal,D,VS2,63.4,58.0,1.12,1.09,0.67,434
0.69,Premium,F,VS2,60.8,55.0,1.76,1.83,1.07,2693
0.86,Very Good,I,VS2,61.2,53.0,2.21,2.22,1.34,3970
1.46,Ideal,I,SI2,63.0,58.0,3.77,3.81,2.31,10647
0.74,Premium,E,VVS1,60.3,56.0,1.89,1.88,1.18,3950
1.18,Very Good,F,VS2,61.8,60.0,2.97,2.88,1.87,7353
1.05,Good,F,VS2,59.1,58.0,2.67,2.66,1.61,6098
0.79,Very Good,E,SI2,60.2,56.0,2.02,2.07,1.24,3286
0.43,Very Good,E,I1,62.2,61.0,1.09,1.03,0.66,300
0.36,Very Good,D,SI1,60.3,59.0,0.91,0.95,0.57,300
0.78,Very Good,J,VS1,60.9,50.0,1.96,1.87,1.22,3387
0.56,Very Good,E,SI2,62.4,56.0,1.44,1.44,0.87,497
1.17,Very Good,D,VVS1,60.9,54.0,3.03,3.06,1.85,8199
1.08,Ideal,H,SI1,62.9,56.0,2.79,2.77,1.67,5936
0.68,Good,F,SI1,62.0,57.0,1.74,1.86,1.08,2138
0.42,Premium,H,SI2,62.3,58.0,1.08,1.06,0.67,300
0.96,Premium,D,I1,63.4,58.0,2.43,2.4,1.53,5104
0.45,Ideal,J,VVS2,62.1,60.0,1.15,1.16,0.7,973
0.51,Good,F,VVS1,63.9,59.0,1.28,1.24,0.79,991
0.45,Premium,I,VS2,63.0,59.0,1.15,1.08,0.7,300
0.69,Ideal,E,SI2,61.0,58.0,1.78,1.73,1.09,2634
1.33,Ideal,I,SI1,63.5,60.0,3.43,3.47,2.07,9413
0.74,Ideal,H,VS2,62.1,57.0,1.89,1.87,1.17,3404
0.59,Very Good,G,IF,61.1,57.0,1.52,1.61,0.9,2195
0.35,Very Good,D,SI1,62.1,53.0,0.9,0.88,0.53,300
0.98,Ideal,H,VS1,63.3,60.0,2.48,2.52,1.53,6062
0.5,Ideal,I,VS2,62.3,57.0,1.29,1.32,0.81,1160
0.79,Premium,E,SI1,64.3,64.0,2.0,1.98,1.23,3273
0.62,Premium,G,VS2,63.2,57.0,1.6,1.56,0.99,2251
1.13,Very Good,D,SI2,62.4,58.0,2.85,2.76,1.78,6895
0.68,Ideal,I,VVS2,60.3,59.0,1.72,1.75,1.04,2765
0.72,Very Good,F,SI1,61.4,55.0,1.85,1.91,1.1,2599
0.94,Very Good,H,VS1,61.8,58.0,2.37,2.29,1.49,5072
2.12,Premium,I,SI2,62.7,58.0,5.35,5.33,3.36,18095
1.16,Premium,E,IF,62.6,57.0,2.96,2.93,1.8,7992
0.71,Very Good,F,SI1,61.9,60.0,1.83,1.86,1.1,2757
0.74,Good,E,VVS1,61.9,56.0,1.87,1.85,1.17,3521
0.57,Premium,H,VVS2,62.7,58.0,1.47,1.54,0.91,1914
0.46,Very Good,G,IF,60.5,61.0,1.18,1.16,0.7,993
0.56,Premium,G,VS2,64.1,56.0,1.43,1.37,0.85,1101
0.5,Very Good,D,VS1,58.8,57.0,1.28,1.26,0.81,607
1.03,Premium,H,SI1,63.7,63.0,2.59,2.57,1.53,6181
0.43,Premium,H,SI2,61.6,59.0,1.09,1.12,0.66,300
1.44,Good,G,VS2,63.1,56.0,3.64,3.62,2.23,10163
1.08,Very Good,F,SI2,62.2,59.0,2.72,2.74,1.62,6763
0.75,Good,H,IF,62.2,56.0,1.91,1.87,1.14,3004
0.74,Good,D,SI2,62.5,54.0,1.88,1.87,1.14,2903
0.56,Ideal,H,VS2,62.8,61.0,1.44,1.4,0.87,1206
0.85,Very Good,D,VS1,61.2,55.0,2.17,2.13,1.35,4676
1.28,Ideal,I,VS2,63.1,63.0,3.3,3.36,2.01,7935
0.52,Very Good,F,VS1,60.2,56.0,1.31,1.27,0.79,1561
0.34,Ideal,D,SI2,61.7,62.0,0.86,0.84,0.52,300
1.05,Ideal,I,VS2,62.9,54.0,2.68,2.73,1.59,5784
0.87,Premium,D,SI1,63.1,60.0,2.18,2.22,1.29,4532
0.42,Premium,G,IF,62.3,59.0,1.08,1.16,0.67,377
0.51,Premium,D,VS1,61.1,59.0,1.3,1.32,0.77,1554
0.48,Very Good,E,IF,63.0,60.0,1.22,1.19,0.74,1537
0.52,Ideal,H,SI2,60.8,56.0,1.32,1.42,0.82,608
0.63,Ideal,I,SI1,64.2,55.0,1.6,1.63,0.97,1376
0.65,Ideal,H,SI1,61.6,57.0,1.65,1.64,1.0,2630
0.54,Good,I,I1,59.5,58.0,1.36,1.36,0.85,1516
0.51,Ideal,I,SI1,60.0,56.0,1.28,1.29,0.8,1133
0.66,Ideal,I,VS1,61.8,58.0,1.68,1.67,1.05,2709
0.81,Very Good,G,SI1,61.9,58.0,2.04,1.97,1.25,3564
0.63,Good,E,VS2,64.5,55.0,1.62,1.7,1.02,1988
1.32,Ideal,I,VVS1,60.2,58.0,3.34,3.34,2.08,9649
0.96,Premium,I,VS1,61.8,57.0,2.42,2.43,1.47,5270
0.33,Ideal,F,SI1,60.2,56.0,0.83,0.93,0.51,300
0.96,Good,I,SI1,61.0,59.0,2.44,2.41,1.45,5095
1.0,Ideal,I,VS2,64.1,56.0,2.51,2.54,1.54,5681
0.6,Very Good,I,SI2,60.1,56.0,1.51,1.47,0.91,1450
0.35,Very Good,D,VS1,62.5,58.0,0.89,0.91,0.54,300
0.74,Very Good,E,SI1,62.3,61.0,1.88,1.89,1.12,3590
0.74,Ideal,G,VVS2,61.7,58.0,1.9,1.94,1.15,3555
0.42,Ideal,F,VS1,62.4,59.0,1.08,1.14,0.66,556
0.36,Premium,F,VS2,60.1,57.0,0.91,0.88,0.56,300
0.71,Very Good,E,SI1,64.0,57.0,1.79,1.86,1.08,2585
0.66,Ideal,E,SI1,64.4,57.0,1.69,1.76,1.05,1887
0.6,Premium,F,VVS2,61.8,58.0,1.54,1.53,0.94,2712
0.71,Ideal,H,VS2,65.1,57.0,1.84,1.84,1.13,3121
0.43,Premium,J,SI1,61.1,60.0,1.08,1.06,0.65,568
0.6,Premium,G,SI1,62.3,57.0,1.53,1.51,0.95,1351
0.97,Premium,D,SI2,63.7,54.0,2.49,2.43,1.53,5755
0.62,Very Good,F,VVS2,61.1,64.0,1.6,1.64,1.0,3110
0.32,Ideal,D,SI1,59.8,57.0,0.8,0.7,0.48,300
0.58,Premium,D,VS2,59.4,60.0,1.49,1.46,0.9,2614
0.43,Very Good,I,VS2,64.6,61.0,1.09,1.09,0.65,345
0.85,Ideal,E,VS2,61.0,60.0,2.14,2.2,1.28,4250
0.87,Premium,E,VVS1,61.4,57.0,2.22,2.19,1.34,5091
0.32,Premium,D,VVS1,60.1,58.0,0.81,0.83,0.51,300
1.08,Ideal,D,VS2,63.0,55.0,2.77,2.77,1.7,6524
0.42,Ideal,E,I1,60.6,62.0,1.08,1.13,0.65,378
1.62,Good,H,SI1,61.0,56.0,4.17,4.19,2.58,12288
0.72,Ideal,E,VS2,62.1,57.0,1.83,1.87,1.08,3335
0.4,Ideal,I,VS2,60.2,58.0,1.0,0.97,0.6,300
0.42,Very Good,E,VS1,61.4,57.0,1.06,1.01,0.65,353
0.88,Good,D,SI2,63.7,56.0,2.24,2.26,1.37,4420
0.61,Ideal,G,VS1,62.3,61.0,1.56,1.54,0.96,2461
0.71,Ideal,F,SI2,61.9,60.0,1.8,1.8,1.08,3152
1.66,Premium,G,VS1,62.0,58.0,4.24,4.26,2.56,13212
0.52,Ideal,G,SI1,61.2,57.0,1.33,1.39,0.83,997
0.76,Ideal,H,VS1,64.5,60.0,1.92,1.96,1.21,3601
1.51,Very Good,E,SI2,60.6,56.0,3.86,3.83,2.33,11019
0.85,Very Good,D,SI1,62.0,61.0,2.16,2.1,1.33,4622
0.33,Very Good,D,VS1,61.9,58.0,0.85,0.94,0.51,300
0.95,Ideal,I,SI1,63.1,60.0,2.44,2.36,1.48,5066
0.41,Fair,D,VVS2,63.2,57.0,1.03,1.01,0.64,300
1.5,Premium,E,VS1,61.7,58.0,3.82,3.85,2.33,11796
0.49,Ideal,H,VS2,62.1,60.0,1.26,1.34,0.79,1120
3.27,Ideal,J,SI1,62.2,62.0,8.23,8.22,5.06,20000
1.54,Very Good,H,VS2,58.5,61.0,3.96,3.96,2.44,11897
0.5,Ideal,D,VS2,59.5,59.0,1.26,1.22,0.75,1578
0.75,Good,F,VS2,60.9,59.0,1.91,1.92,1.18,2747
1.08,Ideal,E,VS1,60.9,56.0,2.79,2.73,1.76,7017
1.1,Good,H,VS2,60.0,58.0,2.81,2.77,1.71,6561
0.92,Premium,E,SI1,62.7,55.0,2.34,2.38,1.4,5155
1.39,Ideal,J,SI1,61.7,58.0,3.49,3.47,2.2,9842
0.7,Very Good,G,I1,61.4,58.0,1.76,1.81,1.06,2772
0.62,Very Good,F,SI1,59.9,53.0,1.58,1.57,0.96,2678
0.62,Ideal,I,VS1,61.6,58.0,1.58,1.51,0.94,1867
1.14,Ideal,E,VVS2,58.0,58.0,2.89,2.95,1.72,8162
0.89,Ideal,H,SI1,61.5,57.0,2.3,2.23,1.38,4806
0.86,Ideal,F,IF,61.8,58.0,2.18,2.15,1.33,5638
1.1,Premium,G,VS2,62.0,55.0,2.81,2.8,1.72,6978
0.27,Very Good,F,VVS1,59.5,56.0,0.69,0.74,0.42,300
0.87,Very Good,I,VS1,62.0,60.0,2.22,2.19,1.36,4702
0.83,Very Good,J,VS1,60.2,58.0,2.11,2.06,1.29,4323
1.71,Ideal,D,SI2,60.6,58.0,4.34,4.35,2.7,14225
0.34,Premium,H,SI1,62.7,56.0,0.88,0.87,0.55,300
1.61,Premium,E,I1,64.5,58.0,4.1,4.08,2.46,11956
0.77,Premium,D,VS1,61.8,52.0,1.96,1.97,1.17,4264
0.95,Ideal,H,SI1,60.6,59.0,2.43,2.37,1.48,4567
1.71,Very Good,H,VVS2,62.0,61.0,4.3,4.21,2.54,13717
0.98,Premium,E,SI1,63.0,55.0,2.52,2.63,1.58,5508
0.91,Premium,D,VVS2,62.6,55.0,2.32,2.33,1.39,5099
0.84,Premium,D,SI2,65.5,58.0,2.15,2.16,1.32,4497
0.58,Fair,G,SI2,60.7,61.0,1.49,1.45,0.89,1519
0.73,Ideal,E,SI1,62.1,57.0,1.88,1.92,1.15,3022
0.52,Ideal,I,SI1,63.9,55.0,1.32,1.29,0.78,613
0.72,Premium,D,SI1,63.8,57.0,1.85,1.71,1.15,3056
0.23,Ideal,D,VS1,59.0,55.0,0.58,0.55,0.36,300
0.92,Ideal,I,SI2,61.7,56.0,2.36,2.35,1.42,4715
0.7,Ideal,H,SI1,63.8,57.0,1.76,1.75,1.06,2560
0.63,Very Good,I,VVS2,65.7,55.0,1.58,1.57,0.96,1681
0.83,Premium,H,SI2,62.7,56.0,2.09,2.06,1.28,3836
0.36,Premium,E,IF,61.2,58.0,0.91,0.87,0.54,435
1.94,Premium,G,IF,60.3,58.0,4.87,4.86,3.03,16679
0.7,Ideal,J,SI2,64.8,54.0,1.79,1.71,1.07,2627
0.69,Ideal,G,SI1,62.7,58.0,1.75,1.65,1.03,3245
0.46,Ideal,D,SI1,60.5,57.0,1.18,1.18,0.72,824
0.75,Premium,F,VVS2,61.4,59.0,1.89,1.9,1.12,3720
1.48,Good,G,VS2,62.1,59.0,3.74,3.78,2.31,10400
1.24,Ideal,I,VS1,62.5,56.0,3.15,3.14,1.88,8540
1.14,Ideal,D,VS1,60.4,59.0,2.9,2.84,1.81,7843
0.97,Good,E,SI2,60.8,56.0,2.44,2.34,1.49,5100
0.62,Ideal,H,VVS2,59.4,60.0,1.6,1.56,0.98,2207
0.36,Ideal,J,VS1,63.2,56.0,0.91,0.93,0.54,300
0.67,Premium,J,VS2,61.2,58.0,1.72,1.79,1.02,2518
0.66,Premium,I,VVS1,62.4,57.0,1.67,1.67,1.03,2279
1.25,Premium,F,VS1,63.7,55.0,3.22,3.16,1.93,8709
0.86,Good,D,SI1,62.0,59.0,2.18,2.14,1.32,4365
1.66,Very Good,G,SI1,61.5,56.0,4.28,4.24,2.61,12830
1.35,Ideal,D,VS2,62.0,54.0,3.43,3.41,2.06,9999
0.59,Fair,G,SI2,61.8,51.0,1.48,1.54,0.92,300
0.3,Very Good,E,IF,63.4,56.0,0.77,0.83,0.48,300
1.48,Premium,E,SI2,62.1,61.0,3.78,3.77,2.3,11370
1.46,Premium,I,VS1,60.9,60.0,3.68,3.69,2.31,10745
0.37,Ideal,G,VS2,63.2,56.0,0.94,0.9,0.59,300
1.58,Very Good,F,SI2,63.4,57.0,4.06,3.97,2.42,11281
0.9,Very Good,J,VVS1,59.8,56.0,2.26,2.35,1.35,4959
0.8,Ideal,G,VVS2,63.8,55.0,2.04,1.92,1.24,4029
1.66,Premium,F,VS2,62.2,55.0,4.24,4.15,2.59,13509
1.45,Very Good,D,SI1,62.1,60.0,3.72,3.81,2.25,10748
1.03,Premium,G,SI2,63.1,59.0,2.59,2.59,1.56,5706
0.94,Very Good,E,SI1,60.9,58.0,2.4,2.34,1.46,5279
1.01,Very Good,G,SI1,63.0,55.0,2.54,2.57,1.57,5950
0.61,Premium,E,VS2,61.2,58.0,1.54,1.58,0.91,2436
0.72,Premium,F,IF,59.6,52.0,1.84,1.77,1.14,3715
0.47,Ideal,D,VS2,60.3,59.0,1.21,1.18,0.76,1152
0.63,Premium,G,VVS1,62.5,58.0,1.59,1.63,0.99,2251
0.62,Premium,F,VS1,60.4,55.0,1.56,1.52,0.93,1885
0.54,Ideal,F,VS2,64.0,61.0,1.38,1.39,0.82,1005
0.79,Fair,G,VVS2,63.4,54.0,2.01,2.08,1.23,3638
0.63,Ideal,I,VS2,63.6,59.0,1.61,1.49,1.01,2224
0.95,Very Good,I,VVS1,61.9,59.0,2.46,2.44,1.53,5791
0.33,Ideal,J,SI1,62.1,55.0,0.85,0.86,0.52,300
0.7,Very Good,D,SI2,60.0,57.0,1.78,1.69,1.06,3135
0.79,Premium,H,VVS2,63.1,54.0,2.01,1.98,1.24,3650
0.63,Good,H,VS2,62.2,51.0,1.63,1.68,1.01,2050
0.68,Ideal,E,VVS1,62.5,55.0,1.71,1.67,1.07,2713
0.34,Premium,H,VVS1,64.1,56.0,0.87,0.8,0.53,300
0.89,Premium,G,SI2,60.9,59.0,2.26,2.32,1.38,3866
1.02,Good,I,VS2,61.5,58.0,2.58,2.6,1.59,5720
0.95,Ideal,D,SI1,62.2,58.0,2.46,2.46,1.54,5821
1.25,Very Good,D,VS1,60.4,55.0,3.21,3.21,1.97,8639
0.82,Ideal,D,VVS2,61.4,56.0,2.08,2.13,1.25,4685
0.94,Very Good,G,SI1,62.4,55.0,2.42,2.43,1.49,4977
0.8,Very Good,E,VS2,61.2,55.0,2.04,2.07,1.28,3588
1.04,Fair,I,VS1,63.5,56.0,2.68,2.65,1.64,5739
0.34,Premium,J,SI2,59.6,58.0,0.86,0.76,0.52,300
0.47,Premium,J,VVS2,63.3,56.0,1.19,1.22,0.74,876
1.64,Good,F,VS2,62.6,57.0,4.15,4.21,2.56,12413
0.22,Ideal,G,IF,60.9,59.0,0.56,0.55,0.33,300
0.69,Premium,G,SI1,60.4,56.0,1.75,1.79,1.08,2715
1.33,Premium,J,SI2,58.8,55.0,3.35,3.33,2.03,8753
0.71,Premium,G,VS2,60.6,59.0,1.84,1.84,1.15,2930
0.61,Premium,E,SI2,63.2,58.0,1.57,1.66,0.99,1295
0.79,Premium,G,IF,61.6,58.0,2.02,2.01,1.23,4495
0.62,Very Good,E,SI2,63.3,59.0,1.6,1.58,1.01,1798
0.75,Very Good,H,VS1,60.8,59.0,1.94,1.85,1.17,3354
0.53,Ideal,E,VS2,62.7,58.0,1.36,1.39,0.84,1104
1.29,Ideal,F,SI1,60.7,63.0,3.29,3.25,1.95,8916
1.51,Premium,H,SI2,60.3,55.0,3.89,3.9,2.32,11061
0.69,Very Good,H,VS1,61.6,56.0,1.76,1.74,1.1,2448
0.37,Ideal,F,VS2,60.8,60.0,0.93,0.91,0.58,300
0.57,Premium,E,SI1,59.5,58.0,1.45,1.44,0.89,2216
0.68,Fair,G,VVS1,61.4,59.0,1.73,1.73,1.04,2146
0.95,Very Good,H,SI1,61.8,58.0,2.45,2.51,1.49,5077
0.45,Ideal,D,VS2,63.5,61.0,1.15,1.23,0.72,483
0.5,Ideal,E,VS2,63.0,55.0,1.29,1.32,0.77,1517
0.96,Fair,G,SI2,63.4,60.0,2.47,2.53,1.49,4800
1.18,Very Good,G,VVS1,62.7,60.0,2.99,3.03,1.86,7523
0.54,Very Good,H,SI1,62.2,55.0,1.39,1.41,0.87,926
0.38,Ideal,F,SI2,60.0,59.0,0.96,1.03,0.57,300
3.83,Fair,G,SI1,61.9,57.0,9.74,9.67,6.06,20000
1.1,Good,D,VS2,62.5,56.0,2.83,2.8,1.74,6008
0.65,Ideal,G,VS2,63.7,53.0,1.66,1.62,0.99,1812
1.14,Very Good,G,VS1,62.7,55.0,2.94,2.92,1.82,7603
0.7,Ideal,F,SI2,63.4,59.0,1.77,1.8,1.1,2149
1.14,Very Good,D,SI1,60.3,59.0,2.93,2.87,1.75,7309
0.8,Good,E,VVS2,61.2,57.0,2.02,2.05,1.23,3798
0.78,Very Good,G,SI2,62.3,59.0,1.99,1.96,1.23,3054
0.7,Ideal,E,VVS2,63.3,60.0,1.78,1.76,1.06,3142
0.36,Ideal,F,SI2,61.5,58.0,0.92,0.93,0.56,300
1.95,Ideal,G,VVS2,61.6,56.0,4.92,5.0,2.93,17182
0.46,Premium,I,SI1,62.7,58.0,1.17,1.13,0.7,801
0.38,Ideal,G,VS2,60.1,59.0,0.97,0.97,0.58,300
0.67,Very Good,H,SI2,64.0,59.0,1.71,1.66,1.04,2002
0.46,Very Good,D,SI2,60.5,59.0,1.17,1.13,0.7,667
0.72,Ideal,G,SI1,59.0,55.0,1.84,1.79,1.11,3339
1.04,Fair,D,SI2,61.7,56.0,2.69,2.7,1.62,6215
1.22,Good,F,SI1,64.1,53.0,3.15,3.17,1.95,7776
1.11,Very Good,F,VS2,62.5,59.0,2.82,2.85,1.74,7406
0.64,Fair,F,VS2,62.8,57.0,1.62,1.58,0.96,1787
0.76,Very Good,I,VVS2,61.8,58.0,1.94,1.97,1.22,3810
0.91,Premium,G,VS1,61.5,54.0,2.29,2.3,1.42,5153
0.31,Premium,I,VS2,59.5,61.0,0.79,0.79,0.49,300
0.99,Ideal,F,SI1,58.5,55.0,2.5,2.44,1.52,5884
0.36,Ideal,G,VS2,62.0,59.0,0.91,0.92,0.54,300
2.05,Very Good,E,SI1,63.5,58.0,5.25,5.26,3.3,17598
0.61,Very Good,H,VVS2,62.2,57.0,1.55,1.56,0.91,1960
0.68,Premium,I,SI1,62.6,57.0,1.72,1.74,1.06,1805
0.5,Premium,G,I1,63.9,56.0,1.29,1.32,0.79,300
0.54,Very Good,D,VS1,62.2,60.0,1.39,1.34,0.87,1478
2.31,Ideal,E,SI1,61.5,58.0,5.95,5.94,3.6,20000
1.19,Premium,G,VVS1,60.6,55.0,3.02,3.05,1.84,7781
0.34,Premium,G,VVS2,64.5,57.0,0.85,0.84,0.53,300
1.57,Premium,J,SI2,62.4,58.0,3.95,4.0,2.34,11507
1.35,Very Good,D,SI2,60.4,59.0,3.42,3.42,2.03,10215
0.64,Ideal,E,VS2,60.1,56.0,1.62,1.52,0.97,2576
0.86,Ideal,H,VS2,63.5,56.0,2.22,2.26,1.32,4624
0.74,Very Good,F,SI1,60.2,58.0,1.91,1.9,1.13,3076
1.99,Ideal,I,VS1,64.3,59.0,5.12,5.03,3.15,16777
0.5,Premium,D,VS2,57.8,54.0,1.28,1.27,0.8,1361
0.8,Ideal,I,SI1,63.7,59.0,2.05,1.99,1.29,4006
0.6,Ideal,F,SI2,62.4,56.0,1.54,1.58,0.94,1700
0.36,Premium,H,VS1,61.9,57.0,0.93,0.93,0.56,300
2.22,Fair,E,SI1,61.5,62.0,5.68,5.63,3.55,19955
0.41,Very Good,E,VVS2,64.3,57.0,1.03,1.07,0.64,300
0.83,Premium,E,SI1,62.7,59.0,2.09,2.11,1.29,4039
0.31,Ideal,F,VS2,60.4,59.0,0.79,0.78,0.47,300
0.61,Very Good,D,VVS1,59.3,55.0,1.55,1.49,0.97,2465
0.91,Good,J,VVS1,61.9,53.0,2.35,2.31,1.4,4975
0.49,Ideal,G,SI1,61.7,59.0,1.25,1.21,0.74,978
0.99,Ideal,H,SI1,59.6,55.0,2.54,2.58,1.58,5692
0.65,Premium,D,VVS2,61.6,54.0,1.63,1.55,1.0,2930
1.32,Very Good,G,VS2,60.9,60.0,3.37,3.37,2.02,9230
1.46,Very Good,E,SI1,61.7,55.0,3.71,3.7,2.29,10595
0.55,Fair,E,VVS1,62.7,56.0,1.41,1.46,0.88,1805
0.77,Ideal,H,SI1,63.8,62.0,1.96,1.97,1.22,3425
0.81,Good,H,SI2,63.0,54.0,2.1,2.13,1.26,3212
1.01,Premium,H,SI2,60.7,55.0,2.59,2.56,1.53,5751
0.75,Very Good,G,VS1,62.2,56.0,1.92,1.86,1.17,3252
0.81,Premium,H,VS1,61.8,57.0,2.09,2.07,1.3,3806
0.66,Ideal,J,SI1,59.8,56.0,1.71,1.75,1.02,2345
0.78,Ideal,D,SI1,62.3,55.0,1.97,2.01,1.2,3707
1.42,Very Good,D,SI1,64.3,61.0,3.65,3.63,2.19,9804
1.02,Fair,G,VS1,61.7,58.0,2.57,2.53,1.52,5966
1.05,Good,G,SI2,59.5,59.0,2.67,2.62,1.67,6684
1.06,Ideal,J,VVS1,61.7,57.0,2.67,2.66,1.59,6258
0.69,Ideal,E,SI1,60.0,58.0,1.77,1.78,1.1,2727
0.87,Premium,E,IF,62.9,60.0,2.22,2.29,1.34,5982
0.43,Premium,I,SI2,62.4,55.0,1.1,1.11,0.66,300
1.4,Ideal,I,VVS2,61.5,58.0,3.59,3.62,2.25,10687
0.2,Very Good,E,SI1,61.2,59.0,0.51,0.47,0.31,300
0.71,Ideal,F,SI2,61.4,61.0,1.8,1.8,1.11,2933
1.31,Premium,J,VVS1,61.7,62.0,3.37,3.38,2.09,9236
0.37,Premium,F,VVS2,60.6,58.0,0.94,0.93,0.57,309
0.9,Premium,H,SI1,59.8,60.0,2.29,2.29,1.4,4179
0.53,Fair,G,VS1,63.3,52.0,1.37,1.38,0.82,981
0.62,Very Good,E,VS2,61.2,61.0,1.57,1.59,0.98,2056
1.19,Ideal,E,VVS2,61.9,56.0,3.04,3.1,1.87,7474
0.82,Good,G,SI1,62.1,57.0,2.1,1.99,1.26,4060
0.27,Premium,D,VS2,62.2,58.0,0.68,0.74,0.43,300
0.45,Very Good,G,VS2,60.1,57.0,1.14,1.05,0.7,1259
1.21,Premium,E,SI1,59.4,58.0,3.11,3.13,1.9,8310
0.93,Very Good,G,VVS1,60.9,61.0,2.35,2.47,1.39,4940
1.78,Very Good,D,SI2,62.3,57.0,4.54,4.54,2.84,14759
1.72,Ideal,D,SI2,60.7,55.0,4.4,4.41,2.76,13508
0.62,Very Good,J,VS2,61.2,61.0,1.59,1.57,0.97,1650
2.59,Premium,D,VS1,64.7,59.0,6.65,6.68,4.04,20000
0.75,Premium,E,SI1,59.1,62.0,1.93,1.95,1.17,3217
0.46,Ideal,E,SI1,60.6,59.0,1.17,1.14,0.7,520
0.54,Ideal,H,IF,64.4,55.0,1.39,1.38,0.85,1888
0.24,Ideal,E,SI1,61.6,59.0,0.62,0.56,0.37,300
1.65,Very Good,D,VS1,60.7,55.0,4.18,4.17,2.62,12677
1.64,Fair,H,VS1,63.3,58.0,4.24,4.22,2.53,12619
0.45,Very Good,D,VS2,61.8,57.0,1.16,1.17,0.72,300
0.66,Premium,J,VVS1,61.2,54.0,1.67,1.63,1.01,2636
0.78,Good,I,VS1,62.0,56.0,2.0,1.99,1.2,4120
0.46,Premium,F,VS2,60.8,62.0,1.18,1.18,0.72,300
0.31,Premium,F,VS2,60.3,58.0,0.79,0.79,0.49,300
0.67,Very Good,F,VS1,61.5,57.0,1.73,1.74,1.07,2874
0.63,Ideal,J,VS2,60.3,61.0,1.62,1.61,0.97,2491
0.61,Good,D,VVS1,61.7,57.0,1.56,1.52,0.94,1980
0.83,Good,J,SI1,62.2,57.0,2.1,2.1,1.31,4096
1.51,Ideal,I,SI1,62.9,60.0,3.84,3.83,2.38,10833
0.64,Premium,J,SI1,63.3,57.0,1.63,1.68,1.01,2454
0.81,Ideal,F,SI2,61.1,56.0,2.08,2.14,1.25,3954
1.07,Premium,D,SI2,62.4,53.0,2.74,2.67,1.7,6764
0.98,Very Good,E,VVS1,62.4,55.0,2.47,2.5,1.49,5976
0.54,Ideal,E,VS1,62.2,55.0,1.37,1.41,0.83,1791
0.78,Ideal,J,VS1,61.0,58.0,1.99,1.92,1.2,3882
0.97,Ideal,F,VS2,60.3,56.0,2.49,2.52,1.48,6040
0.42,Very Good,G,VVS2,62.4,62.0,1.08,1.12,0.66,436
1.39,Premium,G,VS2,59.3,55.0,3.54,3.49,2.09,9680
1.52,Premium,J,VVS1,61.3,61.0,3.83,3.82,2.33,11605
0.52,Good,E,SI1,58.1,58.0,1.32,1.33,0.82,951
0.82,Ideal,G,VVS1,59.8,59.0,2.07,2.1,1.3,4292
1.02,Good,E,VS1,60.5,59.0,2.62,2.57,1.55,6708
0.56,Ideal,G,SI1,63.2,53.0,1.41,1.47,0.85,1532
0.94,Premium,I,VS2,62.7,57.0,2.39,2.29,1.46,5179
0.8,Very Good,F,VS2,60.9,57.0,2.05,2.12,1.22,4158
0.36,Premium,I,SI2,62.7,55.0,0.93,0.96,0.55,300
0.93,Ideal,D,VS2,62.9,59.0,2.41,2.38,1.47,5940
0.43,Ideal,F,SI1,61.5,61.0,1.11,1.15,0.68,300
1.18,Ideal,I,SI2,59.8,52.0,3.03,2.98,1.89,7015
0.53,Ideal,D,IF,61.4,56.0,1.36,1.37,0.86,1675
0.68,Ideal,G,VS1,61.6,55.0,1.75,1.76,1.09,2287
1.47,Ideal,J,VVS1,60.0,58.0,3.79,3.8,2.27,11188
0.95,Very Good,F,VS1,62.2,57.0,2.46,2.42,1.53,5368
0.43,Premium,H,SI1,62.1,56.0,1.09,1.07,0.67,812
0.45,Very Good,E,VS2,62.3,59.0,1.14,1.15,0.69,874
0.55,Ideal,E,VS1,62.1,61.0,1.4,1.36,0.88,1600
0.9,Ideal,D,IF,62.7,63.0,2.31,2.32,1.43,5690
0.89,Fair,G,SI1,61.4,56.0,2.29,2.26,1.41,3653
0.49,Ideal,G,VVS1,62.0,53.0,1.26,1.31,0.74,1229
0.41,Ideal,E,VVS1,61.1,59.0,1.04,1.12,0.65,785
0.85,Very Good,I,VS1,60.9,61.0,2.16,2.15,1.34,3966
0.68,Premium,F,VVS1,63.6,59.0,1.76,1.81,1.06,2878
2.18,Ideal,F,SI1,58.8,61.0,5.51,5.5,3.32,19474
0.75,Fair,J,IF,62.9,57.0,1.9,1.85,1.13,2913
1.84,Ideal,G,VS1,60.8,56.0,4.72,4.7,2.79,15620
0.41,Very Good,D,SI2,60.6,58.0,1.03,1.03,0.64,471
0.34,Ideal,D,VVS1,62.1,57.0,0.86,0.77,0.51,300
0.42,Ideal,I,VS2,59.6,59.0,1.06,1.09,0.66,300
1.34,Ideal,I,VS2,60.6,60.0,3.38,3.38,2.11,9204
1.78,Premium,H,VS2,60.5,60.0,4.55,4.6,2.75,14358
0.5,Ideal,D,SI2,61.4,59.0,1.27,1.3,0.77,972
0.59,Ideal,I,VS2,60.6,58.0,1.5,1.51,0.9,1504
0.41,Very Good,E,VVS2,63.9,59.0,1.04,1.02,0.62,713
0.3,Ideal,I,I1,64.2,53.0,0.77,0.85,0.46,300
1.06,Fair,F,SI1,58.9,58.0,2.69,2.8,1.64,6509
0.83,Premium,G,I1,62.5,58.0,2.11,2.09,1.32,3215
0.74,Very Good,E,SI1,62.9,58.0,1.87,1.92,1.17,2833
0.37,Good,H,VS1,62.5,57.0,0.94,0.9,0.59,300
1.68,Good,F,VVS2,60.8,58.0,4.28,4.25,2.63,13736
0.58,Ideal,H,IF,61.4,56.0,1.48,1.46,0.92,1716
0.97,Very Good,E,VS2,60.7,60.0,2.51,2.54,1.53,5706
0.36,Ideal,D,SI1,61.1,59.0,0.93,0.88,0.56,300
0.67,Good,I,VVS1,60.0,58.0,1.71,1.79,1.06,2426
0.86,Very Good,D,VVS2,61.5,56.0,2.16,2.21,1.35,4785
0.87,Premium,F,VS2,59.6,59.0,2.23,2.26,1.32,4101
0.8,Ideal,I,VS1,61.4,58.0,2.01,2.0,1.21,3543
0.95,Very Good,G,VVS1,60.0,56.0,2.44,2.48,1.47,5772
0.42,Ideal,I,VS1,62.0,57.0,1.07,0.92,0.64,308
0.82,Ideal,E,SI1,60.7,59.0,2.11,2.13,1.26,4166
0.78,Premium,E,VS1,62.1,59.0,2.02,2.03,1.22,3757
0.83,Very Good,I,SI2,63.2,59.0,2.11,2.02,1.32,3788
0.77,Fair,G,SI1,63.9,58.0,1.96,1.98,1.22,3237
0.39,Ideal,E,SI1,58.2,60.0,1.0,1.03,0.63,581
0.38,Fair,D,SI2,60.5,60.0,0.96,0.87,0.57,300
0.24,Ideal,G,SI2,61.3,59.0,0.62,0.56,0.37,300
1.11,Premium,D,SI2,62.3,56.0,2.82,2.92,1.68,6606
1.12,Ideal,F,VS1,59.4,55.0,2.83,2.82,1.77,6951
1.13,Ideal,G,VVS2,60.3,56.0,2.9,2.95,1.73,7310
0.86,Ideal,D,IF,61.9,62.0,2.17,2.23,1.33,4928
0.25,Very Good,G,SI1,61.8,58.0,0.63,0.65,0.38,300
0.44,Ideal,G,VS2,62.2,62.0,1.12,1.17,0.66,300
0.81,Premium,G,VVS1,62.3,57.0,2.08,1.97,1.23,4523
0.79,Premium,D,SI2,62.2,57.0,2.02,2.01,1.25,3507
0.66,Ideal,D,VS1,62.0,57.0,1.69,1.54,1.01,2708
0.89,Ideal,G,VS1,61.8,57.0,2.24,2.15,1.34,4972
0.75,Ideal,G,SI2,62.6,56.0,1.91,1.88,1.16,2578
0.79,Ideal,G,VVS1,58.6,55.0,2.01,1.98,1.24,3910
0.54,Premium,F,VVS2,63.9,59.0,1.4,1.4,0.85,1092
1.21,Premium,H,SI2,58.6,60.0,3.04,3.04,1.91,7751
0.6,Ideal,E,SI2,60.2,63.0,1.52,1.53,0.92,1723
0.38,Very Good,G,SI2,61.4,57.0,0.98,0.99,0.59,300
0.5,Good,G,SI1,62.6,57.0,1.29,1.31,0.79,435
0.62,Very Good,I,VS2,57.5,56.0,1.6,1.55,0.97,1209
1.22,Very Good,H,VS2,61.7,60.0,3.07,3.03,1.91,7860
0.73,Very Good,D,SI1,62.8,59.0,1.86,1.86,1.17,3346
0.67,Very Good,H,VVS1,63.1,56.0,1.7,1.7,1.06,3190
0.4,Fair,I,SI1,60.7,56.0,1.03,0.98,0.62,300
1.1,Fair,G,SI2,61.3,60.0,2.77,2.82,1.66,6226
0.53,Ideal,H,SI1,60.8,58.0,1.34,1.38,0.84,1196
0.7,Premium,J,VS2,61.2,59.0,1.78,1.74,1.08,2833
1.55,Premium,H,SI1,60.3,56.0,3.91,3.9,2.43,11212
0.96,Ideal,F,SI1,60.5,53.0,2.46,2.56,1.55,5273
0.33,Very Good,F,SI2,62.3,56.0,0.85,0.86,0.52,300
0.31,Ideal,G,VVS2,61.9,59.0,0.8,0.82,0.49,300
0.72,Ideal,G,IF,62.4,62.0,1.83,1.8,1.13,3527
0.4,Good,D,SI1,62.0,57.0,1.03,1.01,0.62,300
1.02,Premium,G,SI1,62.7,63.0,2.57,2.65,1.57,6038
0.76,Ideal,H,VS2,62.9,59.0,1.92,1.93,1.16,3360
0.8,Ideal,H,VS1,59.3,54.0,2.04,2.04,1.22,3936
0.52,Premium,G,SI1,60.5,58.0,1.31,1.31,0.8,726
1.77,Premium,E,VVS1,61.4,59.0,4.46,4.59,2.73,15049
3.07,Very Good,H,VS2,61.7,52.0,7.8,7.8,4.84,20000
0.64,Ideal,E,VS2,60.8,59.0,1.65,1.61,1.03,3089
0.88,Very Good,J,VS1,63.0,60.0,2.27,2.24,1.36,3980
0.78,Ideal,G,IF,64.5,58.0,1.99,2.03,1.24,4235
0.65,Ideal,E,VVS2,62.0,57.0,1.64,1.57,0.99,2069
0.49,Premium,G,SI2,61.8,57.0,1.24,1.26,0.76,300
0.43,Premium,F,SI1,62.9,57.0,1.09,1.05,0.68,300
0.42,Very Good,H,VS2,59.1,55.0,1.06,0.97,0.64,300
0.91,Very Good,E,SI1,61.7,56.0,2.29,2.24,1.41,5012
0.57,Very Good,J,VS1,63.1,57.0,1.46,1.46,0.89,1363
0.2,Very Good,D,VVS2,60.8,58.0,0.51,0.58,0.32,300
0.93,Ideal,I,VS1,60.0,56.0,2.36,2.41,1.46,5123
0.73,Very Good,D,IF,61.4,56.0,1.88,1.87,1.17,3708
1.45,Good,G,SI1,61.6,59.0,3.73,3.78,2.24,10269
0.89,Ideal,E,VVS1,60.4,58.0,2.27,2.25,1.4,4956
0.35,Ideal,H,VS1,64.6,56.0,0.88,0.81,0.54,300
0.24,Ideal,D,SI1,61.0,59.0,0.62,0.62,0.38,300
0.52,Ideal,I,VS1,60.1,57.0,1.33,1.25,0.8,1421
0.54,Very Good,I,SI2,61.6,58.0,1.37,1.41,0.83,814
1.19,Premium,G,VVS2,63.0,60.0,3.04,3.08,1.79,7916
0.74,Ideal,J,VS2,61.7,56.0,1.88,1.84,1.12,4052
1.31,Ideal,I,SI1,62.4,55.0,3.35,3.36,1.98,8666
0.38,Very Good,D,VS1,60.5,57.0,0.97,0.98,0.61,300
1.2,Ideal,D,VS1,63.8,55.0,3.06,3.1,1.91,8049
1.06,Very Good,G,SI1,62.5,57.0,2.72,2.66,1.7,6546
0.27,Very Good,D,SI2,63.2,57.0,0.69,0.72,0.43,300
1.44,Premium,F,VS2,62.2,52.0,3.62,3.55,2.17,10315
0.78,Premium,H,VS2,62.9,59.0,1.96,2.0,1.19,4291
0.9,Premium,E,VVS1,60.5,57.0,2.28,2.33,1.43,4956
0.48,Good,F,VVS1,61.0,60.0,1.22,1.19,0.76,1032
1.4,Ideal,D,VS2,63.6,58.0,3.54,3.6,2.09,10532
0.41,Very Good,H,VS1,63.9,59.0,1.05,0.97,0.64,300
1.12,Good,E,VS2,60.1,60.0,2.83,2.88,1.67,7364
1.12,Ideal,J,VS1,62.0,57.0,2.87,2.94,1.73,6823
0.46,Ideal,I,SI1,61.1,57.0,1.18,1.2,0.72,828
2.0,Ideal,J,SI1,60.7,54.0,5.04,5.03,3.15,17276
0.83,Ideal,D,VS1,62.1,60.0,2.13,2.15,1.31,4434
1.03,Ideal,E,I1,63.3,57.0,2.66,2.63,1.61,5501
0.35,Premium,E,VS1,62.3,55.0,0.88,1.01,0.54,300
2.14,Good,G,VVS2,61.3,59.0,5.52,5.49,3.44,19057
0.4,Premium,H,SI1,62.4,53.0,1.02,1.09,0.61,300
1.24,Premium,I,VS2,61.2,57.0,3.17,3.13,1.95,8289
0.45,Very Good,H,VVS2,62.3,59.0,1.13,1.21,0.68,786
0.54,Ideal,G,VVS2,63.7,57.0,1.39,1.49,0.85,1639
1.1,Premium,E,SI1,58.8,56.0,2.8,2.82,1.65,7218
1.24,Good,F,SI1,62.8,57.0,3.18,3.19,1.98,7936
0.39,Very Good,J,VS1,59.5,53.0,1.0,0.95,0.59,300
1.28,Ideal,J,VS2,63.4,59.0,3.27,3.22,1.96,8570
1.25,Good,I,SI2,60.8,57.0,3.16,3.17,1.91,7771
0.46,Ideal,G,SI1,60.0,57.0,1.16,1.23,0.71,1006
1.65,Premium,D,VVS1,62.7,57.0,4.16,4.13,2.57,13698
0.36,Premium,F,VS1,62.2,58.0,0.93,1.04,0.55,305
0.54,Premium,E,IF,60.3,59.0,1.36,1.33,0.8,1719
0.94,Ideal,G,VS1,59.9,57.0,2.39,2.4,1.49,5550
0.48,Very Good,G,IF,61.4,55.0,1.22,1.23,0.75,1492
0.85,Ideal,I,SI1,60.0,59.0,2.19,2.18,1.36,4753
0.84,Premium,D,VVS2,60.2,59.0,2.14,2.04,1.32,4140
0.67,Very Good,E,SI2,61.9,58.0,1.73,1.7,1.07,2348
1.12,Ideal,I,VS1,60.3,60.0,2.88,2.89,1.74,7130
0.66,Ideal,G,VS2,62.3,58.0,1.7,1.7,1.04,3052
0.83,Ideal,G,SI1,63.8,60.0,2.09,2.12,1.3,3207
1.31,Ideal,F,VVS1,61.5,61.0,3.31,3.35,1.98,9225
1.1,Ideal,D,VVS2,61.9,59.0,2.77,2.76,1.68,7798
1.1,Ideal,F,SI2,64.5,56.0,2.8,2.75,1.73,6382
0.42,Ideal,F,VS2,60.0,57.0,1.08,1.16,0.66,300
0.96,Ideal,J,SI1,63.4,60.0,2.42,2.35,1.49,5643
0.48,Ideal,J,SI1,63.2,54.0,1.21,1.18,0.73,300
0.39,Premium,I,VVS2,62.9,57.0,1.0,0.96,0.59,377
0.71,Ideal,J,SI1,63.5,57.0,1.8,1.84,1.06,2051
0.47,Very Good,E,IF,62.1,56.0,1.2,1.27,0.75,621
1.1,Ideal,E,SI2,60.9,59.0,2.77,2.76,1.74,6917
1.11,Ideal,I,VS1,63.2,58.0,2.85,2.86,1.71,6609
0.29,Fair,D,VS1,63.3,56.0,0.74,0.76,0.44,300
0.49,Ideal,I,SI1,63.2,59.0,1.25,1.34,0.74,1310
0.36,Good,H,SI1,61.8,57.0,0.91,0.82,0.55,300
0.59,Very Good,H,VVS2,60.7,56.0,1.49,1.53,0.9,2454
0.93,Ideal,G,VS1,62.0,56.0,2.39,2.41,1.43,5315
0.66,Very Good,H,SI1,63.0,58.0,1.69,1.67,1.05,2465
0.55,Ideal,G,VS2,63.1,60.0,1.41,1.43,0.87,654
1.42,Ideal,G,SI2,61.1,56.0,3.63,3.67,2.15,10343
0.23,Premium,D,SI1,62.1,59.0,0.58,0.61,0.36,300
1.37,Fair,J,VS2,59.9,61.0,3.53,3.64,2.16,9317
0.56,Very Good,I,SI2,63.1,55.0,1.44,1.45,0.86,1632
0.71,Premium,J,VVS2,60.6,58.0,1.82,1.82,1.13,2840
0.57,Ideal,F,VS1,62.8,59.0,1.47,1.46,0.87,1262
1.6,Ideal,J,IF,60.1,57.0,4.04,4.07,2.41,13000
0.4,Very Good,D,VS1,63.1,60.0,1.03,1.03,0.61,300
0.75,Ideal,G,IF,62.2,62.0,1.94,1.94,1.22,3901
0.96,Premium,F,VS2,60.6,58.0,2.43,2.43,1.5,5952
0.33,Ideal,F,VS2,62.7,57.0,0.83,0.82,0.5,300
0.47,Good,I,IF,60.9,60.0,1.21,1.18,0.75,859
0.69,Ideal,I,VS1,62.7,59.0,1.73,1.75,1.04,2645
0.48,Premium,H,SI2,61.3,52.0,1.24,1.23,0.78,858
0.49,Ideal,F,VS1,59.3,57.0,1.23,1.26,0.76,808
0.62,Very Good,H,VVS1,60.3,57.0,1.59,1.6,0.97,2583
1.03,Ideal,I,VVS2,61.1,58.0,2.62,2.6,1.63,7059
0.62,Ideal,D,VS2,63.6,57.0,1.57,1.65,0.97,2407
1.27,Good,J,VS1,63.0,57.0,3.28,3.27,2.05,8218
0.45,Ideal,E,IF,64.0,56.0,1.16,1.19,0.72,956
0.4,Ideal,E,SI2,64.0,59.0,1.01,0.98,0.6,300
1.94,Good,H,VS1,61.0,61.0,4.91,4.81,2.94,16180
0.53,Very Good,I,SI1,61.4,56.0,1.36,1.33,0.81,952
0.38,Ideal,I,VS1,61.1,54.0,0.98,0.87,0.59,300
0.31,Good,E,VS2,60.8,58.0,0.8,0.79,0.48,300
1.27,Premium,F,SI2,59.1,57.0,3.25,3.32,1.92,7881
0.62,Very Good,E,SI1,61.7,60.0,1.57,1.52,0.95,1188
0.65,Ideal,D,VS1,59.9,55.0,1.68,1.57,1.04,3322
0.68,Fair,E,SI2,61.7,56.0,1.75,1.83,1.09,2273
1.23,Ideal,I,SI1,64.7,53.0,3.14,3.12,1.85,7822
0.68,Ideal,H,VVS2,61.0,61.0,1.73,1.73,1.02,3144
2.39,Ideal,D,SI1,62.0,58.0,6.11,6.15,3.64,20000
0.79,Ideal,H,VS2,63.0,56.0,2.03,2.06,1.27,4292
1.26,Good,J,IF,62.1,55.0,3.24,3.28,1.97,8700
1.11,Ideal,E,SI1,62.1,55.0,2.86,2.91,1.8,6764
0.73,Fair,G,SI1,61.2,58.0,1.86,1.77,1.16,2658
0.55,Fair,D,VS2,61.4,55.0,1.41,1.34,0.88,1272
0.87,Very Good,F,VS1,60.4,58.0,2.24,2.3,1.33,4352
0.96,Premium,I,VVS1,62.9,62.0,2.43,2.39,1.48,6190
0.56,Ideal,D,VVS1,59.3,57.0,1.43,1.4,0.9,2252
0.81,Ideal,H,VVS2,63.1,55.0,2.07,2.01,1.23,3580
1.37,Premium,G,SI1,59.7,58.0,3.54,3.52,2.17,9845
2.09,Very Good,G,SI2,63.0,55.0,5.25,5.23,3.17,18397
1.14,Ideal,J,SI1,61.2,61.0,2.88,2.83,1.74,7472
1.88,Premium,G,SI2,60.0,61.0,4.75,4.7,2.97,15339
0.54,Premium,I,VS1,62.5,57.0,1.37,1.39,0.84,878
1.05,Very Good,G,VS1,63.0,56.0,2.66,2.62,1.65,6712
1.45,Ideal,G,SI2,61.1,57.0,3.71,3.68,2.29,9909
0.47,Ideal,E,VVS2,62.7,57.0,1.21,1.1,0.74,1185
0.58,Very Good,E,SI1,58.5,58.0,1.48,1.58,0.92,1593
1.77,Good,I,VS2,59.9,60.0,4.48,4.53,2.82,14650
0.45,Ideal,G,VS1,63.5,55.0,1.16,1.14,0.73,300
0.38,Ideal,G,SI1,61.4,60.0,0.97,0.93,0.6,300
1.59,Very Good,I,VS2,59.1,59.0,4.02,4.02,2.45,12376
1.35,Ideal,E,SI2,60.7,56.0,3.43,3.43,2.05,9760
0.92,Very Good,E,SI1,60.4,55.0,2.37,2.31,1.4,5377
0.72,Premium,I,VS1,61.5,58.0,1.85,1.72,1.11,3178
0.59,Ideal,G,VVS1,61.2,55.0,1.51,1.48,0.91,2292
0.85,Premium,I,SI1,62.0,60.0,2.14,2.06,1.27,4434
1.63,Ideal,F,SI1,61.6,55.0,4.19,4.2,2.51,12172
0.83,Premium,I,VS1,63.6,59.0,2.1,2.11,1.25,3682
2.19,Very Good,D,IF,62.3,57.0,5.63,5.58,3.44,19651
0.47,Ideal,E,SI1,62.3,56.0,1.2,1.17,0.71,300
0.73,Premium,G,VS2,63.3,57.0,1.85,1.94,1.15,3303
0.61,Ideal,F,VVS2,61.2,60.0,1.54,1.58,0.93,2904
0.43,Very Good,D,VS2,59.9,55.0,1.08,1.06,0.67,675
0.69,Very Good,F,SI2,63.4,57.0,1.75,1.86,1.09,2516
0.91,Fair,I,VS1,61.9,56.0,2.3,2.24,1.36,4596
0.96,Ideal,G,SI2,61.9,57.0,2.46,2.42,1.55,5218
2.19,Premium,D,VS2,60.8,56.0,5.6,5.59,3.45,20000
0.93,Ideal,F,VS2,60.8,54.0,2.38,2.3,1.41,5714
1.32,Premium,F,VVS1,62.9,55.0,3.38,3.47,2.04,9227
0.77,Ideal,D,VS2,63.1,61.0,1.98,1.99,1.24,4130
1.71,Very Good,D,SI1,62.8,58.0,4.41,4.37,2.71,13987
2.46,Ideal,D,SI1,62.8,58.0,6.22,6.24,3.74,20000
0.97,Ideal,I,VVS1,62.5,57.0,2.48,2.49,1.56,5835
0.45,Ideal,F,SI2,61.9,57.0,1.13,1.11,0.7,541
0.56,Ideal,E,SI1,61.5,57.0,1.41,1.35,0.87,1080
0.85,Ideal,E,SI2,63.4,59.0,2.18,2.11,1.36,3637
0.93,Ideal,F,VVS2,61.2,58.0,2.37,2.48,1.47,5726
1.05,Good,I,VS2,62.2,55.0,2.7,2.63,1.62,5537
0.93,Fair,E,SI1,60.6,58.0,2.37,2.45,1.45,4405
0.74,Ideal,E,SI1,60.8,52.0,1.86,1.82,1.16,2492
0.54,Premium,J,VVS2,61.4,58.0,1.39,1.43,0.83,1225
0.91,Ideal,G,VS2,60.6,54.0,2.29,2.31,1.37,5052
1.87,Premium,I,VS1,62.8,57.0,4.72,4.75,2.81,15631
1.23,Good,G,VVS1,59.8,55.0,3.11,3.15,1.86,8687
0.97,Good,J,VVS1,61.8,58.0,2.51,2.43,1.49,5318
1.24,Ideal,G,SI1,61.9,59.0,3.15,3.12,1.96,8309
0.62,Premium,F,IF,59.2,61.0,1.58,1.51,0.98,3053
0.57,Very Good,F,SI2,61.1,54.0,1.47,1.48,0.88,1483
0.51,Premium,E,SI1,62.1,60.0,1.31,1.24,0.81,890
0.7,Good,D,VVS1,62.3,58.0,1.8,1.7,1.11,3247
0.6,Premium,H,SI1,61.4,57.0,1.53,1.52,0.92,1017
1.36,Very Good,I,SI1,62.6,59.0,3.52,3.41,2.11,9267
0.58,Ideal,D,SI1,61.5,57.0,1.49,1.5,0.89,1626
0.5,Very Good,I,VS2,61.7,59.0,1.27,1.21,0.79,1326
1.96,Premium,D,VS2,62.1,55.0,4.98,4.94,3.0,16430
0.59,Fair,D,VS1,63.0,56.0,1.52,1.41,0.91,1780
0.8,Good,G,VVS1,60.8,60.0,2.05,2.13,1.21,3887
0.93,Premium,D,VS1,61.0,61.0,2.38,2.31,1.49,5256
0.42,Premium,I,SI1,60.8,57.0,1.08,1.06,0.67,300
1.37,Premium,H,VVS1,61.2,51.0,3.5,3.41,2.13,9721
1.02,Very Good,F,SI1,63.7,57.0,2.57,2.53,1.61,6377
1.61,Ideal,G,SI2,62.5,58.0,4.08,4.17,2.46,11572
0.53,Ideal,D,SI2,60.1,57.0,1.35,1.36,0.83,1566
0.78,Ideal,J,VS2,60.9,58.0,1.96,1.92,1.18,3499
0.76,Fair,F,SI2,62.2,56.0,1.93,1.93,1.16,2913
0.85,Premium,F,SI2,60.4,59.0,2.18,2.15,1.36,4302
0.36,Good,F,SI1,60.7,55.0,0.91,0.91,0.57,300
0.78,Very Good,H,SI1,63.6,60.0,1.96,2.0,1.18,3376
0.36,Ideal,G,VS2,60.8,61.0,0.93,0.91,0.55,300
0.89,Very Good,D,VVS2,63.0,55.0,2.28,2.29,1.38,4878
0.26,Premium,I,VS1,63.5,55.0,0.66,0.67,0.41,300
0.29,Premium,E,SI1,60.7,58.0,0.75,0.73,0.45,300
1.12,Ideal,F,SI1,60.5,55.0,2.87,2.83,1.77,7449
0.56,Premium,E,IF,61.3,56.0,1.42,1.39,0.89,1915
0.45,Fair,E,I1,60.2,60.0,1.14,1.17,0.68,300
1.4,Very Good,H,VVS1,61.9,59.0,3.53,3.57,2.2,10463
0.87,Premium,F,SI1,61.4,62.0,2.24,2.18,1.33,4632
1.15,Good,D,IF,62.2,58.0,2.93,2.92,1.81,7497
0.68,Very Good,G,SI1,63.7,56.0,1.74,1.7,1.08,2222
2.83,Fair,D,VS2,62.8,58.0,7.3,7.34,4.44,20000
0.55,Good,G,VS1,62.4,57.0,1.38,1.36,0.83,1325
1.77,Premium,I,VS2,58.9,57.0,4.45,4.56,2.79,14566
0.72,Good,G,SI1,62.3,57.0,1.82,1.83,1.08,2551
0.32,Premium,D,VS2,64.1,55.0,0.8,0.86,0.49,300
0.94,Ideal,H,VS1,57.5,58.0,2.41,2.36,1.46,5320
0.87,Ideal,D,SI2,62.7,54.0,2.23,2.23,1.36,4962
0.44,Very Good,D,I1,61.5,56.0,1.11,1.14,0.68,770
0.47,Very Good,G,VS2,60.5,57.0,1.19,1.14,0.73,366
0.73,Good,J,SI2,62.8,53.0,1.84,1.84,1.1,1964
0.88,Ideal,E,VS1,64.1,59.0,2.27,2.32,1.4,5120
0.22,Ideal,H,SI1,62.8,53.0,0.56,0.54,0.33,300
1.25,Fair,E,VS2,61.2,59.0,3.2,3.16,1.89,8518
0.58,Ideal,G,SI1,60.4,55.0,1.47,1.56,0.9,1448
0.38,Good,G,VS2,61.9,57.0,0.97,0.91,0.59,300
1.19,Premium,E,SI2,62.9,59.0,3.0,3.01,1.8,7495
0.73,Ideal,G,SI2,61.2,62.0,1.89,1.85,1.16,3179
1.36,Ideal,G,SI2,61.3,58.0,3.49,3.44,2.13,9046
0.92,Ideal,G,IF,65.7,53.0,2.35,2.39,1.42,5151
0.74,Ideal,G,SI2,63.2,60.0,1.89,1.88,1.16,2589
0.69,Very Good,F,VS1,63.3,57.0,1.76,1.78,1.11,2537
0.94,Ideal,E,SI2,59.7,58.0,2.38,2.27,1.45,5213
0.6,Good,G,SI2,60.7,59.0,1.52,1.55,0.94,1754
0.48,Ideal,F,VS2,61.8,53.0,1.23,1.19,0.74,1037
1.0,Premium,E,VS2,60.3,58.0,2.52,2.43,1.56,6231
0.69,Ideal,H,IF,63.9,57.0,1.74,1.83,1.07,2539
0.75,Premium,H,IF,63.7,60.0,1.92,1.95,1.18,4062
1.28,Ideal,D,VVS2,61.0,59.0,3.31,3.32,2.07,9034
0.7,Premium,E,VS2,64.2,54.0,1.81,1.87,1.08,2537
0.75,Ideal,F,VS2,61.7,60.0,1.88,1.89,1.14,3574
0.55,Good,F,SI1,65.3,58.0,1.39,1.35,0.82,920
0.92,Good,J,IF,61.9,54.0,2.35,2.34,1.45,5103
0.88,Very Good,F,VS2,62.5,58.0,2.27,2.24,1.42,4699
1.16,Very Good,G,VS2,63.7,60.0,3.0,2.97,1.82,7030
0.55,Ideal,F,SI1,63.5,55.0,1.42,1.36,0.86,1243
0.59,Very Good,G,SI2,62.4,61.0,1.51,1.46,0.93,1465
1.1,Ideal,J,IF,61.5,54.0,2.78,2.82,1.65,7412
0.84,Very Good,I,SI1,62.4,56.0,2.11,2.13,1.27,3625
0.47,Very Good,D,VS2,60.6,55.0,1.18,1.15,0.71,623
1.42,Ideal,G,SI2,61.9,61.0,3.63,3.58,2.22,9823
0.32,Ideal,G,VVS2,60.1,56.0,0.8,0.78,0.49,300
1.1,Premium,J,SI2,59.2,55.0,2.83,2.75,1.69,5999
0.39,Premium,J,VVS2,61.8,58.0,1.0,1.01,0.61,300
1.9,Ideal,E,SI2,63.5,59.0,4.78,4.83,3.0,16394
0.34,Very Good,F,VVS1,63.0,59.0,0.88,1.0,0.52,300
1.32,Ideal,G,VS1,61.6,57.0,3.37,3.31,2.08,9783
0.71,Ideal,H,SI2,64.1,58.0,1.83,1.88,1.13,2265
0.62,Ideal,E,VS2,60.9,56.0,1.6,1.56,1.0,1590
0.81,Very Good,I,SI1,59.0,61.0,2.05,1.99,1.26,3876
1.02,Ideal,I,SI2,58.6,60.0,2.59,2.53,1.59,6563
0.47,Good,G,VVS2,60.0,60.0,1.18,1.19,0.73,721
0.49,Fair,H,SI1,62.8,59.0,1.26,1.21,0.76,475
1.03,Very Good,H,SI1,60.8,59.0,2.63,2.6,1.61,5347
0.32,Premium,F,SI2,62.3,55.0,0.83,0.81,0.51,300
0.55,Ideal,F,SI1,64.0,59.0,1.39,1.35,0.84,1319
3.39,Ideal,E,VVS1,60.2,58.0,8.69,8.65,5.15,20000
0.46,Ideal,G,SI1,62.4,60.0,1.19,1.07,0.72,300
1.32,Premium,J,IF,62.5,59.0,3.38,3.38,2.03,9011
0.55,Very Good,H,IF,60.5,59.0,1.38,1.38,0.85,1255
0.96,Premium,D,SI2,63.6,54.0,2.45,2.41,1.54,4900
1.03,Ideal,F,SI2,61.3,57.0,2.6,2.62,1.56,6180
1.3,Fair,E,VVS1,61.2,56.0,3.27,3.34,1.94,8916
0.67,Ideal,J,SI1,64.7,58.0,1.7,1.7,1.07,2581
2.0,Premium,G,I1,62.4,57.0,5.06,5.13,3.13,16663
0.55,Premium,J,SI1,63.0,57.0,1.41,1.52,0.88,1167
0.83,Ideal,F,VS2,63.6,59.0,2.11,2.24,1.26,4314
0.84,Premium,D,VVS2,60.8,57.0,2.16,2.1,1.34,5135
0.42,Ideal,D,SI2,63.4,58.0,1.05,0.99,0.65,300
0.64,Ideal,F,SI2,61.0,54.0,1.61,1.59,0.96,2288
0.8,Premium,G,VVS1,60.9,56.0,2.01,2.02,1.2,3781
0.6,Very Good,D,VS1,61.3,59.0,1.52,1.6,0.91,2739
2.51,Premium,E,VS2,60.8,55.0,6.37,6.4,3.81,20000
0.49,Ideal,J,VS1,62.9,60.0,1.25,1.19,0.79,1009
1.34,Very Good,G,SI1,62.1,60.0,3.47,3.44,2.1,9757
1.14,Ideal,H,VS1,61.0,57.0,2.89,2.89,1.79,6952
0.74,Ideal,G,SI1,62.6,64.0,1.86,1.79,1.16,3457
0.48,Ideal,G,SI1,61.3,60.0,1.21,1.21,0.73,478
0.5,Good,F,VS1,61.2,55.0,1.29,1.23,0.8,1764
0.57,Ideal,G,SI1,61.8,59.0,1.46,1.38,0.87,933
0.3,Ideal,I,IF,62.3,58.0,0.77,0.72,0.47,300
0.45,Very Good,G,SI1,62.2,56.0,1.13,1.15,0.71,300
0.35,Very Good,D,VVS1,61.2,55.0,0.88,0.9,0.53,300
1.45,Ideal,E,VVS1,62.9,60.0,3.65,3.65,2.21,11300
1.01,Very Good,G,SI1,61.4,56.0,2.6,2.65,1.62,6292
1.1,Ideal,D,VVS2,60.8,57.0,2.78,2.82,1.71,7716
0.99,Premium,D,VS2,59.6,55.0,2.54,2.55,1.56,5979
0.81,Very Good,H,VVS1,63.1,56.0,2.07,2.07,1.29,3963
1.54,Ideal,J,VS2,61.7,57.0,3.93,3.94,2.32,11300
0.55,Premium,E,VS1,62.0,58.0,1.39,1.38,0.86,1779
0.78,Premium,E,VS2,63.2,52.0,2.0,1.89,1.25,3440
1.08,Very Good,D,SI1,61.0,58.0,2.71,2.77,1.6,6689
0.38,Premium,D,SI1,59.8,56.0,0.98,1.0,0.6,300
3.48,Very Good,F,SI1,61.8,61.0,8.74,8.68,5.28,20000
0.75,Premium,F,VS1,62.1,64.0,1.89,1.96,1.12,3578
0.8,Ideal,J,VS2,61.3,57.0,2.03,2.0,1.23,3684
1.39,Very Good,H,VS1,63.8,54.0,3.58,3.57,2.2,9511
1.17,Ideal,G,SI1,58.2,58.0,2.96,3.01,1.86,7420
0.76,Very Good,F,VS2,63.3,57.0,1.94,1.95,1.19,3471
0.79,Ideal,F,SI2,62.8,62.0,1.98,2.05,1.24,3790
0.35,Good,E,VVS2,62.3,61.0,0.88,0.86,0.52,518
0.56,Ideal,H,IF,57.0,59.0,1.43,1.51,0.86,2717
0.96,Premium,F,SI1,63.5,56.0,2.42,2.38,1.52,4771
0.92,Very Good,J,I1,60.3,59.0,2.36,2.43,1.48,4399
1.36,Good,G,SI2,61.0,58.0,3.5,3.39,2.1,8779
0.7,Very Good,E,VS1,61.5,58.0,1.8,1.74,1.11,2339
0.37,Premium,E,VS2,62.3,54.0,0.93,0.94,0.56,603
1.26,Very Good,D,VVS2,62.6,60.0,3.21,3.19,1.95,9341
1.52,Ideal,H,SI1,62.9,58.0,3.93,3.93,2.45,11033
1.16,Premium,G,VS1,62.8,57.0,2.98,2.98,1.85,7907
0.68,Very Good,H,VS1,62.1,56.0,1.71,1.65,1.03,3030
1.25,Premium,G,SI1,62.3,56.0,3.19,3.13,1.92,7547
4.0,Ideal,D,VS2,60.2,58.0,10.33,10.34,6.21,20000
0.78,Very Good,E,SI2,60.6,54.0,1.98,1.95,1.23,3212
0.38,Very Good,D,VS2,63.0,59.0,0.98,1.05,0.6,300
0.55,Fair,H,VVS1,62.9,55.0,1.4,1.39,0.88,2391
1.01,Ideal,D,SI1,62.7,53.0,2.54,2.58,1.58,6431
0.33,Ideal,J,VVS2,61.0,62.0,0.83,0.85,0.5,300
0.81,Premium,D,VS2,63.0,56.0,2.04,2.01,1.27,4452
0.9,Ideal,H,SI1,60.1,56.0,2.27,2.17,1.39,4044
1.6,Ideal,H,VS2,63.2,60.0,4.13,4.19,2.48,12488
1.43,Premium,G,VS2,61.3,62.0,3.66,3.61,2.21,10667
1.14,Ideal,D,SI1,64.1,54.0,2.93,2.91,1.84,7423
0.25,Very Good,J,SI2,59.6,55.0,0.64,0.63,0.39,300
1.17,Good,G,SI1,64.2,56.0,2.97,2.97,1.84,7242
1.05,Very Good,D,SI2,61.2,60.0,2.65,2.7,1.61,6532
0.84,Good,G,SI2,61.2,61.0,2.17,2.17,1.31,3065
0.31,Premium,I,SI1,62.0,55.0,0.79,0.78,0.49,300
0.5,Ideal,G,SI1,60.7,61.0,1.27,1.32,0.79,738
0.41,Fair,G,VVS1,61.6,56.0,1.06,1.09,0.63,461
0.27,Good,D,SI1,60.7,58.0,0.69,0.65,0.41,300
0.74,Premium,E,VS1,60.7,55.0,1.91,1.85,1.17,3209
0.5,Ideal,G,VS2,62.4,57.0,1.29,1.25,0.78,618
2.75,Very Good,D,VS1,60.4,57.0,6.95,6.95,4.32,20000
0.68,Premium,G,SI1,60.6,57.0,1.71,1.65,1.02,2155
1.41,Fair,J,IF,59.8,58.0,3.65,3.65,2.27,10194
0.34,Very Good,H,VS2,61.0,55.0,0.86,0.85,0.53,300
0.57,Ideal,G,VVS2,63.5,56.0,1.43,1.3,0.86,1983
0.78,Ideal,I,SI1,60.5,58.0,1.99,1.92,1.2,3609
0.47,Fair,D,SI2,60.7,60.0,1.2,1.06,0.72,572
0.6,Ideal,E,VS1,62.0,57.0,1.54,1.52,0.92,2734
0.66,Ideal,H,I1,61.2,59.0,1.71,1.76,1.06,2275
0.66,Ideal,F,VS2,64.8,59.0,1.7,1.61,1.03,2304
1.87,Premium,E,SI1,61.5,59.0,4.83,4.76,2.98,15493
0.9,Premium,D,VS1,62.2,55.0,2.26,2.25,1.38,4704
0.94,Premium,D,IF,63.0,56.0,2.41,2.36,1.44,5325
0.97,Ideal,G,VS2,63.0,56.0,2.45,2.4,1.49,4958
1.01,Good,E,VVS2,62.0,62.0,2.55,2.58,1.58,6519
0.71,Fair,F,VS2,61.5,59.0,1.83,1.81,1.1,2516
0.63,Very Good,F,VS2,64.5,59.0,1.6,1.53,0.99,2135
0.81,Ideal,I,VVS1,61.6,58.0,2.09,1.99,1.25,4070
1.32,Very Good,I,VVS1,61.1,55.0,3.32,3.43,1.98,9251
1.3,Ideal,F,VVS2,60.8,62.0,3.35,3.41,2.02,9831
0.66,Ideal,H,SI1,59.3,59.0,1.66,1.64,1.01,2557
1.09,Good,J,VS2,62.9,59.0,2.75,2.75,1.71,5999
0.67,Ideal,E,SI1,58.4,54.0,1.71,1.69,1.04,2517
0.75,Premium,J,VS2,61.7,59.0,1.91,1.94,1.13,3440
0.58,Ideal,F,VS2,61.4,57.0,1.48,1.44,0.91,2006
0.68,Very Good,F,VVS2,64.8,55.0,1.76,1.73,1.07,2941
1.45,Ideal,D,VVS1,59.1,55.0,3.71,3.73,2.24,11184
0.78,Ideal,G,SI1,60.4,55.0,1.98,2.05,1.23,3075
0.79,Ideal,J,I1,61.5,55.0,1.99,2.03,1.19,3383
0.36,Ideal,F,VVS1,61.4,58.0,0.92,0.98,0.58,312
0.63,Premium,D,SI2,60.9,57.0,1.6,1.58,0.97,2242
0.66,Premium,D,VS1,61.6,58.0,1.69,1.66,1.03,2257
0.49,Ideal,G,SI2,59.9,61.0,1.24,1.14,0.78,671
0.75,Premium,H,SI1,62.2,57.0,1.93,1.93,1.2,2756
0.6,Fair,D,IF,58.4,53.0,1.51,1.53,0.9,2471
0.77,Ideal,I,SI2,61.7,57.0,1.97,1.95,1.21,3364
0.79,Ideal,F,SI1,60.9,60.0,2.02,1.98,1.22,3780
0.46,Ideal,G,SI1,63.1,57.0,1.16,1.22,0.71,835
0.61,Very Good,J,VVS1,64.2,61.0,1.57,1.6,0.97,2506
0.77,Ideal,G,VVS1,61.2,58.0,1.97,2.04,1.2,4051
1.34,Premium,H,SI1,63.6,53.0,3.43,3.38,2.03,9251
0.84,Ideal,E,SI2,61.3,58.0,2.14,2.1,1.31,3984
0.53,Good,D,VS1,60.3,58.0,1.37,1.43,0.81,1192
0.9,Ideal,H,SI1,64.1,60.0,2.31,2.31,1.4,4950
1.74,Ideal,E,VS1,62.4,62.0,4.42,4.39,2.69,14028
1.17,Fair,J,SI2,61.7,59.0,2.96,2.94,1.82,7167
0.97,Ideal,F,SI2,62.7,58.0,2.44,2.44,1.49,5941
1.06,Premium,J,VS1,62.1,59.0,2.67,2.72,1.59,6550
1.52,Ideal,D,SI1,61.6,57.0,3.93,3.92,2.47,11510
1.27,Ideal,E,VVS2,59.8,54.0,3.23,3.27,1.99,8582
0.98,Premium,F,SI2,61.3,58.0,2.53,2.55,1.52,5488
1.26,Ideal,E,SI1,62.6,58.0,3.18,3.14,2.0,8906
0.43,Ideal,F,IF,61.5,55.0,1.09,1.05,0.68,818
0.35,Premium,D,VS2,63.0,60.0,0.9,0.88,0.54,300
0.8,Very Good,E,VS1,62.2,60.0,2.01,1.94,1.24,4075
0.77,Ideal,D,SI2,60.5,54.0,1.97,1.94,1.21,3614
0.56,Ideal,G,VS2,59.9,61.0,1.45,1.53,0.87,1638
1.12,Ideal,I,VS1,61.5,57.0,2.89,2.89,1.73,6566
0.29,Ideal,F,SI1,61.0,56.0,0.75,0.71,0.46,300
0.57,Premium,I,VVS2,62.2,60.0,1.47,1.57,0.89,1574
0.58,Ideal,F,VS2,60.7,57.0,1.49,1.44,0.93,2074
0.33,Good,G,SI1,60.8,62.0,0.83,0.78,0.49,300
1.56,Premium,F,VS2,63.2,56.0,4.01,4.07,2.51,12187
0.38,Fair,J,VS2,61.9,54.0,0.98,1.01,0.61,300
0.55,Very Good,I,SI2,60.7,57.0,1.4,1.39,0.87,861
1.17,Premium,G,SI1,61.7,59.0,2.96,3.0,1.78,7168
1.02,Premium,D,SI1,63.6,55.0,2.61,2.63,1.61,5683
0.43,Ideal,G,SI1,62.1,55.0,1.1,1.04,0.67,300
1.04,Premium,G,VS1,62.5,58.0,2.63,2.51,1.62,6124
0.86,Premium,E,VS2,60.6,54.0,2.21,2.18,1.33,4088
2.38,Very Good,F,IF,63.1,58.0,6.08,6.13,3.79,20000
0.91,Premium,H,SI1,64.9,57.0,2.33,2.31,1.38,4570
0.69,Very Good,G,SI1,60.6,59.0,1.75,1.77,1.08,2709
0.48,Good,H,VVS2,60.0,54.0,1.21,1.22,0.75,512
0.51,Premium,D,VS2,61.9,60.0,1.31,1.23,0.81,910
0.49,Ideal,I,VS2,62.9,57.0,1.25,1.23,0.75,708
1.47,Premium,G,SI2,61.6,59.0,3.73,3.75,2.24,9929
0.75,Premium,J,SI1,60.2,60.0,1.9,1.86,1.16,3397
0.98,Premium,H,SI1,61.5,55.0,2.49,2.47,1.5,5105
1.58,Ideal,E,IF,62.5,59.0,4.03,4.05,2.38,12620
0.23,Premium,H,SI1,61.1,54.0,0.59,0.59,0.35,300
1.4,Premium,J,VVS1,62.6,54.0,3.6,3.65,2.23,9993
0.76,Fair,G,VS1,63.3,62.0,1.96,1.98,1.16,2857
0.92,Very Good,J,SI1,62.0,60.0,2.35,2.3,1.47,5148
0.49,Premium,J,VS2,61.7,62.0,1.25,1.23,0.76,300
0.51,Premium,E,VVS2,62.9,57.0,1.29,1.29,0.8,542
0.95,Premium,E,VVS1,60.5,58.0,2.44,2.51,1.45,6084
2.44,Premium,D,SI2,60.4,59.0,6.21,6.19,3.89,20000
1.22,Premium,D,SI1,61.3,57.0,3.13,3.04,1.85,8585
1.39,Ideal,E,SI1,61.0,56.0,3.53,3.55,2.09,10152
0.67,Ideal,J,SI2,60.6,56.0,1.69,1.65,1.0,2333
0.55,Ideal,E,VS2,64.3,58.0,1.39,1.33,0.83,1298
0.5,Ideal,D,VVS2,64.7,55.0,1.29,1.29,0.79,956
0.58,Fair,E,SI1,61.2,55.0,1.47,1.52,0.91,1305
0.27,Very Good,G,VS1,61.8,58.0,0.68,0.65,0.41,300
0.52,Fair,H,VS1,61.4,57.0,1.34,1.36,0.83,1383
0.56,Ideal,D,SI1,63.3,60.0,1.43,1.46,0.89,1369
0.68,Ideal,E,SI2,63.5,57.0,1.71,1.75,1.07,2681
0.79,Very Good,D,VS1,59.2,56.0,1.99,1.95,1.19,4332
0.89,Ideal,I,VVS2,62.4,58.0,2.25,2.19,1.34,4504
0.74,Good,H,VS1,59.9,56.0,1.89,1.84,1.12,3275
0.55,Ideal,H,I1,64.2,56.0,1.41,1.45,0.85,640
0.28,Very Good,E,SI1,62.3,56.0,0.71,0.74,0.43,300
0.56,Good,I,SI2,60.5,57.0,1.44,1.39,0.88,898
0.46,Premium,J,VS2,61.4,61.0,1.16,1.27,0.7,300
0.94,Very Good,D,VS1,61.3,54.0,2.37,2.32,1.46,5372
1.17,Very Good,J,SI2,62.4,60.0,3.03,3.08,1.83,6643
1.18,Very Good,D,VVS2,63.2,59.0,2.97,3.05,1.8,8240
1.08,Ideal,G,VS2,60.1,61.0,2.79,2.8,1.66,6440
0.69,Premium,D,VS1,64.3,64.0,1.77,1.73,1.09,2564
0.57,Very Good,F,IF,63.9,61.0,1.43,1.39,0.88,1892
0.51,Premium,D,SI2,60.5,60.0,1.3,1.29,0.81,994
0.35,Ideal,D,VVS1,61.8,55.0,0.89,0.94,0.56,301
1.22,Very Good,J,SI2,64.1,55.0,3.15,3.09,1.96,7446
0.68,Premium,J,SI1,63.4,58.0,1.73,1.64,1.04,1689
0.4,Good,H,VVS2,61.2,54.0,1.02,1.04,0.61,377
0.49,Very Good,E,VVS1,62.8,59.0,1.23,1.26,0.77,1123
0.48,Ideal,D,VS2,65.9,53.0,1.23,1.33,0.76,829
0.76,Very Good,G,VS2,61.8,60.0,1.92,1.85,1.19,4121
1.26,Premium,F,VS1,60.8,57.0,3.17,3.16,1.96,9153
0.62,Ideal,I,VVS2,61.9,58.0,1.6,1.66,0.96,2315
0.24,Good,E,SI2,62.0,56.0,0.61,0.62,0.38,300
0.67,Premium,D,VVS2,61.0,53.0,1.69,1.68,1.01,2399
0.69,Very Good,H,VS2,62.3,60.0,1.77,1.81,1.07,3005
0.66,Ideal,G,VS2,59.9,60.0,1.7,1.67,1.03,2515
0.54,Premium,J,SI1,60.8,57.0,1.36,1.4,0.83,1012
0.83,Ideal,F,VS2,62.8,59.0,2.09,2.03,1.27,3779
0.77,Premium,G,IF,59.2,57.0,1.94,1.86,1.18,4193
0.73,Fair,I,VS2,63.0,58.0,1.84,1.83,1.13,3082
0.91,Ideal,G,IF,58.9,59.0,2.33,2.2,1.41,6079
0.6,Ideal,G,SI2,59.3,59.0,1.53,1.53,0.92,1730
0.58,Premium,F,VS1,61.0,60.0,1.49,1.4,0.92,2173
1.48,Ideal,F,VVS2,62.1,59.0,3.77,3.78,2.34,11274
0.98,Ideal,J,VS1,63.6,58.0,2.52,2.53,1.54,5794
1.12,Very Good,E,VS2,61.8,56.0,2.86,2.86,1.76,7009
1.37,Very Good,E,VS2,61.4,56.0,3.54,3.56,2.16,9439
0.96,Premium,G,VVS1,62.5,59.0,2.45,2.46,1.45,6140
1.18,Premium,J,VVS2,60.5,54.0,3.04,3.03,1.85,7704
0.34,Ideal,E,SI2,61.9,60.0,0.86,0.95,0.51,300
0.82,Ideal,D,VVS2,60.0,57.0,2.09,2.11,1.29,4585
0.68,Very Good,H,SI1,61.8,56.0,1.75,1.79,1.07,2081
1.71,Very Good,H,SI1,61.5,55.0,4.31,4.36,2.56,13467
1.18,Ideal,I,VVS1,60.6,59.0,3.01,3.04,1.84,7946
0.54,Very Good,F,VS2,61.9,57.0,1.39,1.49,0.87,1008
0.89,Ideal,I,VVS2,61.9,61.0,2.29,2.3,1.38,5729
0.81,Premium,G,SI1,63.3,55.0,2.07,2.07,1.3,3277
0.93,Ideal,E,I1,59.5,56.0,2.37,2.34,1.49,5130
0.45,Good,F,VS2,61.6,57.0,1.14,1.13,0.71,432
0.89,Ideal,G,SI2,60.6,56.0,2.3,2.26,1.43,4183
0.66,Premium,G,VS1,62.9,58.0,1.68,1.71,1.02,2377
0.85,Premium,F,SI1,62.8,58.0,2.19,2.14,1.33,3697
0.52,Very Good,J,VS2,62.4,59.0,1.31,1.31,0.82,1603
0.55,Ideal,J,SI2,60.7,61.0,1.39,1.42,0.84,1124
1.33,Ideal,D,SI1,62.9,55.0,3.37,3.38,2.0,9237
0.44,Very Good,J,VVS2,59.6,58.0,1.13,1.09,0.67,1185
0.45,Good,E,SI2,59.3,56.0,1.14,1.17,0.7,300
0.72,Fair,D,VS1,59.9,58.0,1.81,1.81,1.1,3606
0.5,Ideal,H,VVS1,61.7,58.0,1.26,1.12,0.75,1532
0.48,Premium,G,VS1,62.6,55.0,1.21,1.16,0.75,300
0.78,Premium,F,VVS2,57.5,56.0,1.97,2.04,1.2,3909
0.35,Very Good,D,SI2,63.6,59.0,0.88,0.95,0.54,300
0.45,Premium,D,SI1,61.9,58.0,1.16,1.19,0.69,600
2.07,Premium,E,VVS1,59.5,57.0,5.26,5.3,3.14,18616
0.93,Premium,J,VS1,61.8,59.0,2.36,2.32,1.4,4799
0.51,Ideal,E,VS1,63.2,59.0,1.32,1.31,0.81,1070
0.91,Good,G,VS1,62.5,56.0,2.32,2.38,1.44,4628
0.98,Ideal,G,SI1,63.2,56.0,2.53,2.55,1.57,6112
1.22,Premium,J,SI2,59.8,55.0,3.09,3.09,1.86,7394
0.7,Premium,I,VVS2,61.1,58.0,1.78,1.77,1.11,2784
1.21,Ideal,E,VS1,60.4,54.0,3.08,3.14,1.83,8275
0.27,Ideal,G,VS2,64.1,58.0,0.69,0.75,0.41,300
0.44,Ideal,H,VVS1,62.6,60.0,1.12,1.15,0.7,935
0.8,Good,G,SI1,65.7,57.0,2.02,2.02,1.21,2842
0.87,Good,D,SI1,61.0,56.0,2.24,2.22,1.39,3993
0.47,Ideal,E,VVS1,60.7,62.0,1.2,1.23,0.71,968
0.84,Premium,H,VVS2,61.5,61.0,2.11,2.05,1.25,3829
0.54,Very Good,I,VS2,63.6,56.0,1.38,1.34,0.85,1445
0.65,Good,H,SI2,61.2,58.0,1.67,1.6,1.0,2119
1.24,Good,D,SI1,61.9,58.0,3.14,3.2,1.86,8514
1.17,Ideal,F,VS1,61.8,58.0,2.94,2.9,1.79,8079
0.45,Very Good,F,SI1,61.8,61.0,1.16,1.18,0.7,394
0.44,Very Good,F,VVS2,60.8,58.0,1.14,1.13,0.71,673
0.6,Very Good,G,IF,61.5,58.0,1.51,1.65,0.94,2611
0.73,Very Good,E,VVS2,61.4,59.0,1.89,1.91,1.16,3976
0.53,Good,F,SI1,61.7,60.0,1.35,1.26,0.81,635
1.25,Premium,I,VVS2,63.0,60.0,3.23,3.29,1.97,9356
0.88,Good,I,SI1,64.2,59.0,2.25,2.23,1.39,3612
0.91,Ideal,F,SI2,60.5,54.0,2.35,2.34,1.39,4605
0.39,Very Good,D,SI2,61.2,56.0,1.0,0.97,0.6,300
1.33,Premium,H,SI1,60.5,59.0,3.34,3.35,2.08,9239
0.2,Ideal,D,VVS1,62.0,58.0,0.5,0.51,0.3,300
1.12,Ideal,E,SI1,60.9,59.0,2.86,2.83,1.76,7520
1.18,Premium,H,SI1,62.0,62.0,2.97,2.94,1.76,7689
0.6,Very Good,J,IF,63.2,55.0,1.53,1.54,0.95,2294
1.4,Very Good,I,SI2,58.2,60.0,3.62,3.5,2.15,9963
0.72,Ideal,E,VVS2,62.4,57.0,1.82,1.75,1.14,3141
0.76,Ideal,I,SI1,61.1,60.0,1.94,2.02,1.15,3486
0.88,Ideal,G,SI2,62.3,57.0,2.24,2.26,1.4,4401
3.64,Premium,G,VVS1,60.4,62.0,9.32,9.29,5.63,20000
1.45,Ideal,E,SI2,63.4,58.0,3.66,3.58,2.25,10944
1.05,Premium,I,VS2,63.0,56.0,2.66,2.66,1.66,6043
0.47,Good,G,SI1,62.5,58.0,1.21,1.26,0.71,300
0.8,Premium,G,SI2,62.8,58.0,2.06,2.19,1.24,3171
0.49,Ideal,F,SI2,60.7,60.0,1.26,1.35,0.79,1082
1.12,Very Good,E,SI2,60.8,58.0,2.88,2.84,1.74,7248
0.79,Ideal,I,SI2,62.8,63.0,2.01,1.99,1.24,3639
0.42,Very Good,E,VS1,60.6,57.0,1.08,1.01,0.64,617
0.77,Premium,E,VS2,63.7,57.0,1.96,1.92,1.21,3208
0.48,Good,F,SI1,61.2,56.0,1.21,1.2,0.72,602
0.8,Premium,E,SI1,62.4,58.0,2.03,2.01,1.26,3642
0.48,Ideal,G,VVS1,64.6,58.0,1.21,1.31,0.73,992
0.75,Very Good,I,VVS1,60.7,58.0,1.91,1.84,1.16,3440
1.08,Ideal,E,VS1,61.8,58.0,2.74,2.74,1.63,6672
0.72,Ideal,F,VVS1,63.2,56.0,1.84,1.74,1.13,3631
0.61,Ideal,F,SI1,63.0,56.0,1.55,1.57,0.94,1551
0.82,Very Good,G,SI1,61.2,57.0,2.1,2.03,1.27,3338
1.05,Premium,D,VS2,61.0,60.0,2.68,2.74,1.65,6268
0.43,Very Good,F,VS1,61.4,60.0,1.11,1.1,0.66,805
0.84,Ideal,J,VS2,63.7,57.0,2.11,2.04,1.32,4072
1.43,Ideal,G,SI1,61.3,55.0,3.67,3.56,2.27,9688
0.99,Premium,E,IF,61.8,57.0,2.54,2.49,1.56,6417
0.76,Ideal,E,VVS2,61.1,62.0,1.96,1.97,1.17,3909
1.02,Premium,G,VS2,62.7,60.0,2.59,2.61,1.6,5823
0.93,Ideal,D,VS1,61.9,59.0,2.36,2.34,1.39,5362
1.08,Good,H,SI1,60.3,60.0,2.73,2.78,1.7,5911
0.27,Ideal,G,SI2,60.3,61.0,0.68,0.62,0.41,300
0.34,Good,D,SI1,58.9,55.0,0.87,0.72,0.52,300
1.22,Ideal,D,SI1,60.5,57.0,3.14,3.15,1.87,8144
0.35,Ideal,E,I1,62.8,56.0,0.89,0.95,0.56,300
0.91,Ideal,D,VVS2,63.6,59.0,2.3,2.36,1.43,5541
0.62,Fair,J,SI1,62.7,58.0,1.57,1.51,0.94,1506
0.45,Very Good,D,VS2,62.5,59.0,1.13,1.1,0.71,855
0.88,Very Good,H,SI2,61.5,56.0,2.27,2.31,1.35,3759
0.82,Premium,I,SI2,62.8,61.0,2.11,2.08,1.31,3605
2.13,Good,H,VVS1,62.1,57.0,5.4,5.41,3.33,19088
0.54,Ideal,G,VS2,64.2,59.0,1.37,1.33,0.85,1746
1.52,Premium,H,IF,61.6,60.0,3.92,3.87,2.37,11429
0.88,Very Good,H,IF,63.6,60.0,2.21,2.17,1.34,4518
0.53,Premium,I,SI1,62.9,58.0,1.36,1.41,0.84,1132
1.1,Premium,H,SI1,62.7,59.0,2.84,2.84,1.72,7171
0.98,Premium,F,VVS2,58.9,61.0,2.5,2.56,1.48,6151
0.75,Premium,G,IF,63.0,59.0,1.88,1.91,1.16,3306
0.85,Ideal,G,VS1,61.5,56.0,2.15,2.23,1.32,4050
0.55,Premium,E,VVS2,61.1,59.0,1.42,1.46,0.86,1865
0.49,Ideal,D,VVS2,59.6,57.0,1.23,1.27,0.74,1575
1.08,Ideal,E,SI1,61.7,52.0,2.74,2.73,1.65,6491
0.66,Very Good,G,VS2,61.7,59.0,1.7,1.85,1.05,2008
0.71,Ideal,E,VVS2,59.9,58.0,1.83,1.84,1.13,3813
0.85,Good,I,VS1,59.6,60.0,2.17,2.07,1.35,4124
0.85,Ideal,I,SI2,62.4,56.0,2.15,2.16,1.33,4121
0.36,Premium,G,SI1,62.9,54.0,0.92,0.87,0.57,300
1.41,Ideal,E,SI2,62.0,58.0,3.57,3.62,2.14,10544
0.79,Ideal,H,SI1,63.3,58.0,2.0,2.04,1.19,3276
0.67,Ideal,J,VVS1,61.6,58.0,1.72,1.71,1.07,3245
0.92,Ideal,I,SI2,61.6,58.0,2.32,2.28,1.38,4926
0.83,Very Good,D,SI1,60.4,55.0,2.08,2.09,1.31,3570
1.09,Good,F,SI1,59.5,57.0,2.76,2.73,1.73,6668
0.97,Premium,H,VS2,64.3,57.0,2.47,2.51,1.51,5839
1.06,Very Good,F,VS2,63.3,60.0,2.72,2.75,1.64,6122
1.46,Ideal,F,SI1,59.8,58.0,3.75,3.9,2.29,11426
1.15,Very Good,F,SI2,61.9,57.0,2.95,2.93,1.83,7197
0.68,Ideal,H,SI1,61.6,61.0,1.74,1.72,1.08,3078
0.42,Ideal,D,VS2,61.3,57.0,1.08,1.07,0.64,578
1.71,Ideal,H,SI1,61.1,59.0,4.33,4.32,2.69,13538
0.66,Good,E,IF,62.2,57.0,1.68,1.73,1.03,3443
0.58,Ideal,J,VS2,62.8,61.0,1.48,1.47,0.88,1860
0.31,Ideal,G,SI2,62.3,58.0,0.78,0.88,0.47,300
0.88,Premium,G,VS1,61.5,58.0,2.23,2.26,1.36,4836
0.8,Premium,F,SI1,61.5,57.0,2.03,2.01,1.21,3525
0.35,Ideal,J,VS1,63.0,58.0,0.89,0.85,0.53,300
0.93,Very Good,E,SI1,62.3,60.0,2.37,2.42,1.4,5425
0.58,Premium,H,VS2,61.8,59.0,1.49,1.49,0.93,1601
2.84,Premium,E,VVS2,61.6,58.0,7.23,7.23,4.28,20000
0.56,Very Good,E,VVS1,62.2,61.0,1.45,1.42,0.88,1585
0.6,Premium,F,SI1,61.0,59.0,1.52,1.52,0.91,1917
0.48,Good,E,SI1,62.9,57.0,1.22,1.19,0.76,300
1.4,Fair,E,VS2,60.2,54.0,3.51,3.58,2.17,9420
0.61,Good,G,VVS1,61.1,57.0,1.55,1.59,0.96,1740
0.52,Ideal,E,VVS1,62.6,58.0,1.34,1.33,0.82,2051
1.05,Premium,H,SI2,60.1,59.0,2.66,2.65,1.63,6058
0.37,Ideal,F,SI2,59.5,60.0,0.94,0.94,0.57,300
1.01,Premium,E,VS2,61.8,55.0,2.58,2.58,1.59,5593
1.81,Very Good,G,SI2,59.3,57.0,4.55,4.5,2.71,14420
0.98,Premium,H,SI1,59.9,55.0,2.5,2.4,1.54,5216
1.02,Premium,G,SI2,62.8,55.0,2.58,2.54,1.53,5547
1.14,Good,E,VS1,61.4,56.0,2.9,2.89,1.81,6691
1.74,Ideal,D,IF,63.5,58.0,4.48,4.44,2.73,14971
1.36,Very Good,F,IF,60.0,59.0,3.48,3.52,2.13,10121
0.92,Premium,E,SI1,61.6,55.0,2.34,2.33,1.44,4992
1.16,Ideal,D,VS2,62.3,56.0,2.96,3.05,1.84,7947
0.48,Very Good,I,VVS2,60.1,54.0,1.23,1.2,0.75,1108
1.09,Good,H,SI2,63.1,58.0,2.8,2.81,1.7,5991
0.45,Ideal,E,VS1,62.4,56.0,1.14,1.13,0.69,974
0.62,Premium,E,SI1,59.4,61.0,1.57,1.59,0.93,2465
0.2,Good,D,SI1,61.6,58.0,0.51,0.56,0.3,300
0.91,Ideal,G,SI1,62.2,57.0,2.3,2.33,1.36,5163
0.54,Good,J,SI2,60.9,56.0,1.36,1.26,0.85,1056
1.29,Ideal,G,VS1,59.6,54.0,3.26,3.28,2.02,9303
0.9,Ideal,H,SI1,62.1,54.0,2.32,2.27,1.39,5054
1.3,Very Good,H,SI1,64.8,56.0,3.32,3.3,1.96,8508
0.43,Very Good,E,SI2,61.2,56.0,1.09,1.12,0.66,300
1.25,Good,J,VVS1,63.9,55.0,3.2,3.14,1.94,8506
2.12,Very Good,E,VS2,60.6,58.0,5.44,5.5,3.38,18736
1.09,Good,G,VS2,62.0,59.0,2.77,2.75,1.68,6716
1.1,Ideal,F,VS2,62.8,56.0,2.8,2.91,1.75,6655
0.81,Good,J,SI1,61.7,62.0,2.04,2.04,1.21,2712
0.57,Premium,G,SI1,61.3,54.0,1.46,1.55,0.88,1650
1.08,Ideal,J,VS1,62.7,58.0,2.74,2.8,1.72,6016
0.35,Ideal,D,SI2,64.3,57.0,0.89,0.86,0.53,300
0.6,Premium,E,SI2,62.1,56.0,1.53,1.46,0.93,2014
0.31,Very Good,G,VS1,61.0,56.0,0.79,0.8,0.47,300
0.52,Ideal,H,SI1,61.4,57.0,1.33,1.3,0.81,1471
1.02,Premium,D,SI1,65.2,57.0,2.59,2.67,1.56,5147
0.95,Premium,G,VS2,61.9,57.0,2.39,2.38,1.49,5341
0.76,Good,I,VS2,60.9,55.0,1.94,1.92,1.22,3005
0.81,Ideal,F,VS1,60.1,54.0,2.09,2.02,1.3,4476
0.29,Premium,D,VS1,59.1,57.0,0.75,0.77,0.45,300
0.61,Very Good,J,VS1,62.2,57.0,1.58,1.52,0.99,1326
0.53,Premium,H,VS1,62.6,57.0,1.34,1.36,0.83,1236
0.53,Premium,D,SI1,61.1,57.0,1.34,1.37,0.81,1617
1.0,Ideal,I,SI1,61.7,56.0,2.55,2.51,1.51,5466
0.48,Ideal,I,VS2,60.1,57.0,1.21,1.26,0.75,1426
0.55,Ideal,F,SI1,61.9,56.0,1.38,1.37,0.85,1267
0.26,Fair,D,IF,62.4,61.0,0.66,0.59,0.39,300
0.64,Premium,G,VVS2,61.0,56.0,1.62,1.7,0.99,2097
0.43,Premium,D,SI2,64.1,57.0,1.09,1.04,0.69,300
0.77,Fair,E,I1,60.5,56.0,1.99,2.02,1.2,2006
0.46,Very Good,J,SI2,62.1,56.0,1.16,1.18,0.7,300
0.78,Ideal,D,SI1,62.9,58.0,1.97,1.99,1.23,4123
0.69,Good,G,SI2,61.6,57.0,1.74,1.76,1.03,1844
1.71,Premium,H,VS2,61.4,56.0,4.4,4.35,2.76,12970
0.95,Very Good,F,VVS2,59.7,57.0,2.44,2.52,1.52,5938
0.3,Fair,H,VS1,63.6,56.0,0.76,0.81,0.46,300
0.39,Very Good,J,SI1,61.5,58.0,0.99,1.01,0.59,300
0.76,Ideal,J,SI1,62.5,62.0,1.95,1.88,1.15,3832
0.47,Ideal,G,VS2,62.6,56.0,1.19,1.14,0.72,852
0.2,Ideal,D,VVS2,60.8,58.0,0.52,0.55,0.32,300
1.45,Premium,F,VVS2,61.4,58.0,3.7,3.6,2.26,10625
1.06,Good,D,VVS1,63.6,59.0,2.68,2.7,1.66,7187
0.96,Premium,H,VS2,60.1,59.0,2.47,2.4,1.52,5315
0.55,Premium,H,VS1,64.7,58.0,1.39,1.35,0.85,1218
0.92,Ideal,I,SI2,60.7,57.0,2.33,2.26,1.46,4905
0.52,Good,I,VS2,60.0,57.0,1.32,1.33,0.82,803
0.82,Premium,H,SI1,61.9,56.0,2.11,2.17,1.32,3225
0.47,Very Good,E,VS2,64.8,57.0,1.19,1.21,0.71,617
1.58,Very Good,D,VS1,59.0,55.0,4.01,4.03,2.48,12268
0.34,Ideal,D,SI1,61.5,56.0,0.85,0.86,0.52,300
1.37,Premium,H,SI2,62.4,60.0,3.53,3.56,2.21,9872
0.76,Premium,D,I1,61.7,58.0,1.93,1.95,1.18,4083
0.58,Premium,H,SI2,62.2,59.0,1.47,1.33,0.88,1095
0.81,Premium,I,I1,60.7,61.0,2.07,2.12,1.25,3609
1.07,Ideal,D,SI2,60.9,57.0,2.75,2.79,1.65,6415
1.47,Ideal,F,SI1,61.5,58.0,3.78,3.76,2.26,11675
0.87,Ideal,I,SI1,60.1,57.0,2.21,2.11,1.35,4551
0.47,Ideal,G,IF,61.6,56.0,1.21,1.22,0.76,1515
0.76,Very Good,H,SI1,61.2,55.0,1.94,1.96,1.16,3524
1.84,Ideal,E,SI2,61.0,59.0,4.63,4.61,2.79,15270
1.45,Premium,G,VS2,62.1,58.0,3.74,3.75,2.33,10522
1.17,Very Good,D,VVS2,59.2,62.0,2.99,3.04,1.8,8600
1.1,Ideal,J,VS1,61.4,60.0,2.81,2.93,1.77,7144
1.05,Fair,G,SI1,64.9,56.0,2.71,2.72,1.63,5441
1.32,Ideal,G,VS2,60.2,59.0,3.37,3.39,2.05,9083
0.59,Premium,G,VS1,63.5,57.0,1.48,1.44,0.88,1658
0.38,Ideal,H,VS1,61.8,60.0,0.98,0.95,0.62,483
0.77,Ideal,E,VS1,60.9,56.0,1.95,1.94,1.22,4318
0.49,Ideal,D,VVS1,59.9,55.0,1.25,1.31,0.78,2258
0.44,Ideal,D,VVS1,61.9,56.0,1.11,1.15,0.66,731
0.52,Premium,E,VS2,63.7,56.0,1.32,1.42,0.83,1184
2.57,Good,D,SI1,61.2,56.0,6.59,6.52,4.13,20000
0.79,Premium,F,VS1,61.6,56.0,2.01,1.94,1.22,3757
0.89,Very Good,E,VVS2,63.1,59.0,2.28,2.34,1.41,5202
0.4,Ideal,H,I1,62.2,61.0,1.03,1.1,0.65,300
0.29,Premium,G,IF,59.5,55.0,0.74,0.74,0.45,300
0.49,Ideal,H,SI2,61.8,60.0,1.25,1.03,0.74,539
1.52,Fair,G,VS2,63.8,56.0,3.91,3.87,2.44,11277
0.88,Good,H,VVS1,61.6,58.0,2.26,2.28,1.38,4528
1.0,Ideal,D,SI1,57.9,54.0,2.55,2.51,1.61,5391
1.07,Good,H,VS2,62.2,59.0,2.72,2.73,1.66,5912
0.55,Good,I,SI2,61.4,53.0,1.4,1.49,0.83,886
1.48,Fair,F,SI1,59.1,58.0,3.77,3.84,2.3,11460
0.54,Ideal,J,SI2,59.3,58.0,1.37,1.41,0.85,976
1.5,Ideal,I,SI1,63.1,58.0,3.85,3.85,2.28,10895
0.92,Very Good,H,SI1,60.7,56.0,2.32,2.3,1.41,4898
0.3,Very Good,G,IF,60.4,59.0,0.78,0.82,0.47,300
0.51,Very Good,G,IF,61.7,58.0,1.31,1.31,0.81,1255
0.3,Ideal,E,SI2,60.8,57.0,0.76,0.76,0.48,300
1.33,Ideal,E,VS1,61.8,59.0,3.34,3.26,2.05,9443
0.73,Very Good,G,SI2,61.4,57.0,1.87,1.83,1.16,2179
0.24,Very Good,G,SI2,60.0,59.0,0.62,0.66,0.38,300
0.89,Good,H,SI2,61.0,57.0,2.3,2.24,1.41,4457
0.57,Ideal,E,IF,62.3,58.0,1.44,1.45,0.88,2446
0.35,Ideal,J,IF,61.8,59.0,0.88,0.9,0.55,474
1.71,Very Good,J,SI1,61.6,57.0,4.41,4.43,2.75,13676
0.78,Fair,E,SI2,64.4,55.0,1.97,2.0,1.21,2739
0.64,Good,G,SI1,62.7,58.0,1.64,1.67,1.03,1677
0.61,Ideal,I,VS2,62.9,60.0,1.53,1.5,0.95,1674
0.35,Very Good,H,VS2,61.5,58.0,0.9,0.83,0.54,300
0.39,Ideal,D,SI1,62.0,58.0,0.98,0.94,0.6,300
1.41,Ideal,D,VS1,61.1,57.0,3.62,3.66,2.27,10477
0.58,Premium,E,SI1,62.8,59.0,1.48,1.42,0.93,1372
0.75,Very Good,G,VVS1,61.5,57.0,1.94,1.89,1.17,3814
0.27,Good,F,VS1,62.0,57.0,0.68,0.63,0.42,300
0.38,Premium,D,VS2,61.9,60.0,0.96,0.87,0.58,300
1.0,Ideal,D,VVS2,61.7,56.0,2.52,2.46,1.5,6397
0.89,Ideal,H,VVS2,65.8,59.0,2.3,2.35,1.44,4975
1.78,Premium,E,SI1,60.8,60.0,4.55,4.51,2.85,14477
1.45,Fair,I,SI1,60.8,59.0,3.7,3.61,2.26,10507
0.66,Ideal,H,VVS1,62.7,55.0,1.66,1.63,0.98,2964
0.94,Ideal,E,SI2,60.9,58.0,2.4,2.43,1.49,5852
0.63,Very Good,G,SI2,61.3,57.0,1.6,1.51,0.97,2121
2.07,Ideal,D,VS2,60.2,56.0,5.25,5.3,3.11,18955
1.32,Premium,J,VVS2,62.4,58.0,3.39,3.32,2.03,9188
0.81,Premium,G,VVS2,62.4,59.0,2.04,2.02,1.22,4575
0.82,Ideal,D,VVS1,61.3,56.0,2.1,2.08,1.3,5045
1.53,Ideal,D,VS2,62.7,57.0,3.94,3.91,2.37,11658
0.99,Ideal,I,SI2,59.1,57.0,2.56,2.56,1.52,5282
1.61,Good,G,VS2,60.7,60.0,4.14,4.18,2.59,12194
0.25,Very Good,F,VVS2,61.5,57.0,0.63,0.63,0.4,300
0.93,Ideal,I,SI2,60.1,55.0,2.38,2.35,1.42,4424
0.57,Very Good,D,SI2,59.3,54.0,1.44,1.46,0.86,1372
1.78,Premium,D,I1,61.3,58.0,4.48,4.49,2.75,14750
1.61,Premium,I,VS2,62.7,56.0,4.12,4.09,2.46,12466
0.75,Premium,I,VVS1,63.5,59.0,1.93,1.93,1.15,2616
1.6,Premium,J,VS1,60.9,55.0,4.02,3.98,2.43,11770
1.81,Ideal,D,IF,62.7,56.0,4.56,4.52,2.86,16189
0.77,Very Good,I,SI2,62.6,55.0,1.97,2.01,1.24,3380
2.55,Good,G,VVS1,63.4,58.0,6.44,6.46,4.02,20000
0.73,Very Good,G,VVS2,61.2,59.0,1.87,1.91,1.16,2772
0.67,Ideal,F,SI1,59.2,58.0,1.69,1.72,1.05,2257
1.14,Ideal,J,IF,61.8,55.0,2.87,2.83,1.75,7679
0.62,Very Good,H,SI1,60.3,56.0,1.58,1.63,0.97,2544
0.77,Ideal,D,VVS1,60.7,58.0,1.98,1.97,1.22,4802
1.5,Ideal,D,VVS1,61.3,54.0,3.85,3.9,2.38,11153
0.75,Ideal,E,VS1,61.2,57.0,1.93,1.92,1.15,3511
0.32,Ideal,J,VS2,61.9,61.0,0.81,0.83,0.49,300
0.89,Very Good,H,SI2,62.7,57.0,2.3,2.32,1.45,4285
0.52,Ideal,F,VS2,61.2,54.0,1.32,1.36,0.8,774
1.14,Premium,H,SI1,62.3,56.0,2.94,2.86,1.77,6795
1.05,Ideal,D,VVS2,61.7,56.0,2.67,2.59,1.62,6424
1.55,Ideal,F,VS1,63.0,62.0,3.92,3.95,2.36,12196
1.17,Ideal,J,VVS1,61.4,61.0,2.96,2.98,1.76,7668
1.28,Ideal,D,I1,61.6,59.0,3.27,3.23,1.96,8550
0.53,Very Good,D,VVS2,61.2,57.0,1.33,1.35,0.82,1749
1.11,Premium,J,VVS1,61.5,60.0,2.87,2.8,1.72,7686
1.98,Ideal,F,VVS2,60.6,55.0,5.01,5.17,3.09,18019
0.53,Ideal,H,SI2,60.5,60.0,1.34,1.41,0.8,1305
1.82,Fair,G,SI2,62.8,60.0,4.6,4.63,2.72,14439
0.56,Very Good,I,SI2,60.2,57.0,1.41,1.41,0.88,1615
0.48,Good,F,VS1,61.3,60.0,1.23,1.2,0.76,1273
0.86,Ideal,D,VS1,63.1,57.0,2.2,2.13,1.36,4959
1.06,Ideal,G,IF,61.2,55.0,2.73,2.72,1.61,6323
1.17,Very Good,J,SI1,62.9,60.0,2.94,2.9,1.76,7576
0.46,Premium,F,SI1,60.9,57.0,1.19,1.15,0.74,712
0.92,Ideal,G,VS1,60.2,59.0,2.33,2.26,1.39,4938
0.53,Ideal,D,VVS2,59.5,62.0,1.37,1.38,0.85,1680
0.35,Premium,G,VVS1,63.5,56.0,0.88,0.86,0.54,300
0.47,Premium,I,VVS2,60.1,57.0,1.21,1.24,0.75,300
0.51,Premium,I,SI1,62.7,61.0,1.3,1.32,0.8,801
0.96,Very Good,E,VS1,60.3,59.0,2.44,2.45,1.48,5379
1.32,Premium,H,VVS2,63.5,56.0,3.32,3.45,2.0,8926
0.35,Ideal,E,VS2,64.8,55.0,0.9,0.94,0.56,300
0.88,Ideal,H,SI1,59.3,56.0,2.21,2.15,1.38,4040
0.41,Ideal,H,SI2,60.2,56.0,1.05,1.07,0.62,378
1.01,Ideal,G,I1,62.8,58.0,2.58,2.58,1.56,4827
0.54,Very Good,D,VS1,62.4,58.0,1.39,1.32,0.84,1571
0.44,Premium,D,SI2,62.8,58.0,1.14,1.07,0.7,300
1.1,Fair,H,SI1,60.9,56.0,2.78,2.8,1.65,7091
0.55,Very Good,G,SI1,64.5,57.0,1.39,1.42,0.87,1085
0.63,Ideal,I,VS2,61.9,53.0,1.6,1.55,0.98,1272
0.24,Ideal,G,SI1,60.0,58.0,0.62,0.67,0.39,300
1.19,Good,G,VS1,61.3,60.0,3.07,3.08,1.91,7383
1.12,Premium,D,SI2,60.0,54.0,2.9,2.96,1.73,7325
0.74,Ideal,D,SI2,63.9,59.0,1.91,1.96,1.14,3370
0.35,Very Good,G,VS2,60.8,56.0,0.9,0.89,0.56,300
1.36,Premium,G,SI1,62.4,59.0,3.52,3.6,2.15,9542
0.53,Ideal,D,SI1,61.0,58.0,1.35,1.29,0.8,1717
0.59,Premium,E,SI2,60.8,58.0,1.52,1.64,0.95,1754
2.35,Very Good,J,VVS1,59.0,58.0,6.04,6.0,3.68,20000
0.52,Very Good,H,VS1,62.5,60.0,1.31,1.31,0.79,1498
1.07,Ideal,G,SI2,63.5,58.0,2.69,2.66,1.64,5834
0.98,Premium,H,SI2,60.4,56.0,2.48,2.46,1.54,5303
0.9,Fair,I,IF,59.5,58.0,2.31,2.46,1.37,4758
0.85,Ideal,J,VS1,62.8,57.0,2.18,2.16,1.32,4501
0.89,Fair,F,SI1,59.4,58.0,2.25,2.29,1.36,4161
0.85,Ideal,H,VS1,63.4,57.0,2.18,2.17,1.36,4153
0.72,Very Good,J,VS1,60.4,56.0,1.82,1.87,1.13,2903
1.58,Ideal,H,VVS2,60.2,58.0,4.07,4.04,2.47,12930
0.38,Premium,E,VS2,62.0,58.0,0.98,0.99,0.6,300
1.23,Very Good,D,SI1,60.2,60.0,3.18,3.21,1.93,8149
1.12,Very Good,G,I1,60.7,57.0,2.82,2.78,1.73,6164
1.05,Very Good,G,VVS1,62.2,53.0,2.71,2.85,1.71,6068
1.29,Ideal,D,VS2,58.3,57.0,3.27,3.3,2.0,9388
0.71,Ideal,H,SI1,64.0,54.0,1.81,1.8,1.14,2644
0.29,Premium,H,VVS1,61.8,58.0,0.74,0.71,0.46,300
0.71,Premium,H,VVS1,59.9,54.0,1.82,1.82,1.08,3807
0.45,Ideal,I,IF,60.3,55.0,1.16,1.1,0.72,352
0.51,Ideal,G,VVS1,63.1,57.0,1.3,1.39,0.78,2196
0.4,Premium,D,IF,62.5,61.0,1.03,1.05,0.63,1139
0.58,Premium,F,SI1,63.6,55.0,1.47,1.47,0.9,1383
0.55,Premium,G,VVS2,60.7,58.0,1.4,1.45,0.88,1834
0.23,Ideal,D,VVS2,62.1,59.0,0.59,0.55,0.35,300
1.05,Fair,J,SI1,62.3,61.0,2.66,2.6,1.66,5899
2.25,Premium,H,SI2,62.7,59.0,5.82,5.81,3.65,20000
1.0,Very Good,F,IF,63.3,60.0,2.57,2.58,1.53,5928
0.67,Ideal,F,SI1,60.7,59.0,1.71,1.74,1.07,2558
0.72,Good,J,VVS1,61.5,55.0,1.85,1.78,1.11,2688
0.6,Premium,G,I1,60.8,58.0,1.53,1.51,0.91,1393
0.77,Premium,F,SI2,61.6,59.0,1.93,1.78,1.21,3216
0.73,Ideal,E,VS2,62.7,55.0,1.86,1.8,1.13,2815
0.49,Good,F,SI1,59.4,56.0,1.25,1.29,0.77,657
1.72,Premium,H,VS1,63.3,56.0,4.45,4.5,2.72,13690
0.35,Premium,I,VS2,60.1,59.0,0.88,0.82,0.53,300
1.06,Premium,G,SI2,61.3,57.0,2.7,2.68,1.67,5366
0.7,Premium,I,SI2,63.4,57.0,1.76,1.76,1.04,2323
1.92,Ideal,D,SI1,62.2,55.0,4.84,4.89,2.89,16223
0.88,Ideal,G,SI2,62.2,57.0,2.25,2.33,1.41,5047
0.62,Very Good,H,VVS2,60.0,56.0,1.57,1.58,0.99,2206
0.65,Ideal,E,SI1,60.2,58.0,1.67,1.66,1.02,2844
0.76,Premium,G,SI2,63.0,55.0,1.94,1.87,1.16,2902
0.42,Good,H,VS2,60.9,58.0,1.06,1.07,0.64,537
0.5,Good,E,SI2,61.0,57.0,1.27,1.37,0.79,399
0.3,Very Good,D,SI2,63.0,55.0,0.75,0.81,0.44,300
0.47,Ideal,E,SI1,60.2,55.0,1.21,1.22,0.72,1105
0.78,Ideal,J,VVS2,62.1,55.0,1.96,1.98,1.23,3871
0.86,Ideal,F,VVS1,61.8,57.0,2.16,2.13,1.31,5572
0.28,Premium,E,VVS2,61.7,58.0,0.72,0.7,0.43,300
0.69,Premium,I,SI1,61.0,58.0,1.78,1.79,1.06,3028
0.98,Very Good,H,SI1,60.9,58.0,2.53,2.54,1.58,5765
0.68,Very Good,D,VS2,60.2,56.0,1.72,1.77,1.05,2786
0.54,Premium,J,VS1,62.4,60.0,1.36,1.41,0.81,1915
0.6,Good,E,IF,60.8,57.0,1.54,1.57,0.96,2260
0.57,Very Good,G,SI2,63.1,58.0,1.47,1.42,0.92,1248
0.54,Premium,G,SI2,61.4,57.0,1.37,1.32,0.81,1110
0.81,Ideal,J,VS1,60.2,58.0,2.06,2.02,1.26,3519
2.35,Ideal,E,VVS2,61.4,57.0,5.92,5.93,3.55,20000
0.51,Ideal,G,VVS2,61.1,58.0,1.29,1.19,0.79,1607
0.63,Ideal,F,VS1,63.1,57.0,1.61,1.61,0.97,2288
0.72,Premium,E,IF,61.2,59.0,1.81,1.88,1.09,4234
0.53,Ideal,E,VS2,61.3,56.0,1.34,1.37,0.82,1273
1.28,Ideal,D,VVS1,63.7,54.0,3.24,3.22,1.98,8529
0.23,Good,F,IF,62.4,55.0,0.59,0.56,0.36,300
0.57,Premium,G,VVS2,64.0,60.0,1.43,1.47,0.85,2109
1.12,Ideal,D,SI1,63.5,57.0,2.86,2.88,1.8,7275
0.64,Premium,F,SI1,60.5,58.0,1.65,1.64,0.99,2149
0.49,Premium,H,VS2,63.1,55.0,1.23,1.2,0.76,814
0.92,Premium,I,VS2,63.8,58.0,2.35,2.35,1.39,4300
1.17,Very Good,D,VVS1,63.8,55.0,3.01,2.99,1.86,7729
0.82,Premium,G,SI2,63.1,56.0,2.08,2.12,1.24,3331
0.5,Very Good,E,SI1,63.1,57.0,1.26,1.32,0.75,906
0.93,Fair,G,VS1,61.3,58.0,2.34,2.27,1.44,5280
0.61,Fair,I,SI2,60.5,59.0,1.56,1.5,0.94,1112
1.08,Ideal,F,SI1,61.2,59.0,2.76,2.83,1.69,6927
1.56,Very Good,J,SI1,59.4,54.0,3.94,3.95,2.34,11598
0.2,Premium,G,VS1,63.6,57.0,0.52,0.46,0.31,300
0.78,Very Good,F,SI2,61.3,57.0,2.0,2.05,1.24,3264
0.31,Ideal,G,VVS1,63.5,54.0,0.78,0.8,0.46,300
2.51,Very Good,E,VS2,60.0,58.0,6.45,6.56,3.83,20000
0.59,Premium,E,VVS1,63.2,57.0,1.49,1.48,0.89,1560
1.08,Ideal,E,VS2,61.0,59.0,2.77,2.83,1.64,6344
0.73,Ideal,J,SI1,59.9,58.0,1.84,1.77,1.09,2812
0.5,Very Good,I,SI2,64.0,56.0,1.28,1.35,0.77,300
0.47,Ideal,F,I1,63.3,60.0,1.19,1.24,0.71,1018
1.64,Premium,D,VS2,62.0,53.0,4.19,4.27,2.62,12830
1.19,Premium,D,SI2,61.7,57.0,3.0,3.06,1.78,8018
1.96,Good,D,SI1,62.3,54.0,5.03,5.03,3.14,16748
0.76,Good,H,VS2,62.0,55.0,1.91,1.85,1.19,3103
0.86,Ideal,G,SI1,60.6,59.0,2.17,2.14,1.29,5653
0.65,Premium,G,SI2,61.1,55.0,1.64,1.55,0.97,3126
0.64,Premium,I,VVS2,64.4,54.0,1.61,1.56,0.95,2630
0.44,Ideal,J,IF,65.4,63.0,1.13,1.15,0.69,377
0.77,Ideal,D,SI2,63.9,55.0,1.99,1.99,1.23,3864
0.5,Very Good,H,SI2,62.4,61.0,1.29,1.28,0.79,300
0.92,Premium,H,IF,61.2,57.0,2.37,2.33,1.45,5840
0.81,Good,J,SI2,60.6,56.0,2.03,1.94,1.21,2440
0.86,Ideal,D,IF,60.7,59.0,2.17,2.18,1.35,5028
1.71,Ideal,F,I1,60.9,60.0,4.37,4.39,2.64,13935
0.73,Ideal,E,VVS1,64.7,55.0,1.89,1.84,1.19,3563
1.08,Good,D,SI1,64.2,56.0,2.77,2.74,1.68,5826
2.07,Good,G,VVS1,62.7,59.0,5.26,5.34,3.16,18262
1.42,Very Good,F,SI1,60.4,58.0,3.58,3.64,2.24,10340
1.32,Very Good,J,VS1,63.0,60.0,3.33,3.26,2.04,9058
0.64,Very Good,I,SI2,61.4,59.0,1.62,1.62,1.0,1730
0.83,Ideal,D,SI1,58.7,61.0,2.13,2.2,1.29,4734
0.38,Very Good,E,VVS2,62.1,58.0,0.95,0.94,0.59,552
0.95,Very Good,G,VS2,60.5,58.0,2.45,2.44,1.54,5194
0.85,Ideal,G,VVS1,60.6,58.0,2.2,2.25,1.34,5268
0.75,Premium,F,SI1,61.3,57.0,1.93,1.98,1.16,3195
1.24,Ideal,J,VVS1,61.0,59.0,3.2,3.25,1.97,8405
0.4,Good,H,VS2,61.7,58.0,1.0,0.99,0.63,341
1.68,Premium,H,IF,61.6,59.0,4.35,4.38,2.67,14133
1.16,Fair,H,IF,59.1,60.0,2.95,3.02,1.85,7530
0.72,Good,E,SI1,63.8,58.0,1.86,1.86,1.12,2490
0.69,Ideal,H,VVS1,60.3,59.0,1.74,1.72,1.09,3785
0.94,Good,I,VVS2,60.4,55.0,2.39,2.45,1.42,5076
1.58,Premium,G,SI1,61.2,56.0,3.97,4.07,2.4,11970
0.78,Premium,D,VS1,61.5,59.0,1.96,2.07,1.2,3820
0.8,Very Good,H,SI2,63.7,61.0,2.07,2.05,1.28,3845
0.75,Ideal,J,VVS2,62.1,53.0,1.93,1.92,1.16,4050
1.81,Fair,G,SI2,62.5,56.0,4.62,4.57,2.9,14308
0.62,Ideal,E,SI2,62.1,58.0,1.58,1.59,0.99,2878
0.73,Ideal,F,SI1,62.0,56.0,1.88,1.83,1.17,2889
1.54,Premium,E,VS2,62.1,56.0,3.91,3.88,2.32,11593
0.8,Ideal,D,VVS2,59.0,59.0,2.06,2.1,1.22,4653
1.31,Good,E,IF,61.4,61.0,3.34,3.36,2.04,9241
0.47,Premium,F,VS2,63.3,53.0,1.2,1.11,0.74,817
0.67,Very Good,G,SI2,67.2,57.0,1.73,1.81,1.03,1763
1.56,Ideal,J,VS1,60.0,59.0,3.97,3.92,2.44,11437
0.53,Ideal,D,VS2,62.3,59.0,1.35,1.3,0.83,886
0.69,Very Good,G,VS2,60.9,58.0,1.78,1.72,1.1,2574
0.84,Ideal,I,SI1,64.6,61.0,2.17,2.14,1.32,4084
0.45,Very Good,E,VS2,59.8,58.0,1.16,1.12,0.72,300
0.6,Premium,H,SI1,62.6,60.0,1.53,1.49,0.91,1774
0.78,Premium,F,VS1,59.7,56.0,1.98,1.86,1.19,3882
0.76,Ideal,F,VS2,61.3,58.0,1.92,1.93,1.2,3497
1.41,Premium,G,VVS1,61.7,55.0,3.54,3.55,2.14,10104
1.6,Very Good,D,VS2,63.2,59.0,4.11,4.22,2.59,12456
0.48,Good,H,SI1,60.2,57.0,1.21,1.23,0.72,470
0.78,Very Good,G,VVS2,62.6,58.0,2.0,1.98,1.22,4027
1.04,Very Good,F,VS2,61.7,57.0,2.69,2.63,1.62,5692
1.58,Very Good,E,SI1,62.1,59.0,4.08,4.08,2.57,12064
1.06,Ideal,E,VS1,63.0,58.0,2.66,2.68,1.67,6191
0.86,Premium,G,SI1,59.9,55.0,2.18,2.15,1.31,4207
1.03,Premium,F,VVS2,62.8,55.0,2.65,2.65,1.59,5863
1.04,Good,I,VS2,60.9,57.0,2.65,2.74,1.64,5603
0.47,Ideal,D,VS1,63.2,59.0,1.21,1.19,0.76,1019
0.82,Ideal,G,SI2,62.2,62.0,2.11,2.02,1.3,3694
1.54,Good,E,SI1,61.4,58.0,3.92,3.96,2.45,12011
0.67,Ideal,J,IF,60.9,60.0,1.7,1.72,1.01,3372
0.79,Premium,H,VVS2,62.9,54.0,2.01,1.92,1.24,3987
0.66,Good,G,SI2,63.5,62.0,1.69,1.71,1.04,2330
0.23,Premium,D,SI1,61.0,59.0,0.58,0.53,0.35,300
0.75,Premium,F,SI1,60.1,57.0,1.93,1.95,1.2,3766
0.86,Very Good,D,VS1,62.7,57.0,2.22,2.32,1.39,4407
0.57,Ideal,G,VS1,59.7,55.0,1.44,1.43,0.9,2582
0.42,Ideal,G,VS1,59.9,56.0,1.09,1.14,0.65,300
0.48,Ideal,I,VS2,60.2,62.0,1.23,1.17,0.74,515
1.09,Premium,E,VVS2,61.1,55.0,2.81,2.73,1.71,6524
1.99,Premium,H,VS2,59.8,55.0,5.01,5.11,2.99,16596
1.48,Ideal,D,SI2,59.0,56.0,3.74,3.76,2.35,10512
0.38,Premium,D,VS2,60.1,55.0,0.96,0.99,0.57,300
1.14,Good,D,IF,62.6,58.0,2.89,2.95,1.79,7940
0.53,Premium,F,VVS2,59.9,60.0,1.34,1.31,0.81,1668
0.55,Ideal,E,VS2,61.2,56.0,1.42,1.46,0.87,1128
0.59,Premium,E,VS1,64.4,54.0,1.5,1.53,0.89,1645
1.05,Good,I,VVS1,61.6,58.0,2.71,2.65,1.62,6637
1.2,Ideal,F,SI1,62.2,57.0,3.07,3.15,1.87,7728
0.71,Very Good,J,SI1,60.4,60.0,1.79,1.86,1.1,2373
0.71,Very Good,G,IF,64.7,57.0,1.81,1.75,1.12,2578
0.93,Very Good,I,VVS1,60.9,57.0,2.41,2.42,1.42,5068
0.98,Very Good,I,SI1,61.4,57.0,2.5,2.49,1.49,5010
1.33,Ideal,G,VS2,63.5,58.0,3.34,3.41,2.07,9231
0.39,Premium,G,SI1,61.4,57.0,1.01,0.94,0.63,300
0.75,Very Good,F,SI2,61.8,56.0,1.9,2.08,1.14,2916
0.43,Ideal,J,IF,61.3,53.0,1.1,1.09,0.66,675
0.72,Ideal,G,SI1,61.3,56.0,1.84,1.88,1.09,3128
0.66,Ideal,I,VVS1,62.2,59.0,1.67,1.74,1.0,2300
0.72,Very Good,F,SI2,62.5,59.0,1.82,1.81,1.07,3413
0.5,Premium,F,VS2,60.8,56.0,1.29,1.28,0.79,780
0.35,Ideal,F,SI2,60.6,60.0,0.9,0.87,0.56,300
0.26,Ideal,E,VS1,60.8,57.0,0.66,0.62,0.39,300
0.69,Fair,G,VS2,59.7,55.0,1.75,1.76,1.09,2566
0.6,Good,E,VS1,59.5,54.0,1.51,1.5,0.93,2038
0.53,Premium,G,SI2,62.1,60.0,1.34,1.31,0.84,1626
1.44,Ideal,G,SI1,63.0,57.0,3.67,3.65,2.28,10298
0.48,Premium,F,SI2,62.9,55.0,1.22,1.25,0.76,970
1.5,Premium,J,SI1,58.4,53.0,3.77,3.73,2.32,11051
1.67,Good,F,VS1,61.4,57.0,4.25,4.24,2.65,13800
0.28,Ideal,F,VS2,60.2,58.0,0.72,0.76,0.43,300
0.78,Ideal,H,VS2,61.9,56.0,2.01,2.02,1.2,3727
0.61,Premium,J,VS2,61.1,55.0,1.56,1.51,0.98,834
0.2,Ideal,I,SI1,62.5,56.0,0.51,0.51,0.32,300
0.36,Ideal,D,SI1,61.7,60.0,0.91,0.93,0.54,300
1.09,Very Good,E,SI2,59.0,54.0,2.78,2.83,1.74,7083
2.03,Premium,I,VVS2,60.3,56.0,5.21,5.17,3.15,17942
1.16,Very Good,G,VS2,61.7,60.0,2.98,2.95,1.79,7296
0.87,Ideal,F,SI2,61.8,59.0,2.21,2.18,1.36,4595
0.73,Premium,D,SI2,59.7,58.0,1.86,1.83,1.14,4049
1.72,Ideal,J,VVS1,59.5,56.0,4.44,4.46,2.72,14067
2.17,Ideal,H,VS1,61.8,58.0,5.55,5.58,3.33,19813
0.55,Premium,D,VS1,59.7,56.0,1.41,1.46,0.89,1627
0.27,Ideal,J,SI1,59.4,56.0,0.69,0.69,0.43,300
0.26,Premium,H,SI1,61.1,55.0,0.65,0.58,0.38,300
1.43,Very Good,D,IF,61.0,59.0,3.65,3.68,2.2,10764
0.72,Ideal,F,VVS2,60.5,57.0,1.86,1.87,1.1,3685
0.81,Ideal,H,SI1,60.7,58.0,2.06,2.06,1.29,4128
0.3,Very Good,J,VVS2,61.7,58.0,0.76,0.7,0.48,300
0.51,Ideal,J,VS1,60.7,58.0,1.3,1.29,0.79,1110
0.64,Ideal,H,SI1,61.8,57.0,1.62,1.56,1.01,2573
0.82,Very Good,D,SI1,61.2,56.0,2.09,2.11,1.29,3625
0.61,Ideal,G,SI2,61.9,56.0,1.54,1.52,0.94,1792
0.44,Very Good,E,SI2,62.9,54.0,1.12,1.09,0.68,300
0.5,Very Good,D,VS1,62.9,55.0,1.28,1.2,0.77,1474
1.36,Very Good,G,SI1,63.5,57.0,3.46,3.51,2.08,8964
0.84,Ideal,I,VVS2,62.9,54.0,2.13,2.12,1.3,4298
1.01,Ideal,G,IF,62.0,54.0,2.55,2.55,1.52,6129
0.47,Very Good,D,SI2,61.1,60.0,1.19,1.15,0.71,694
0.2,Premium,E,VS2,61.2,58.0,0.51,0.43,0.3,300
0.57,Premium,J,VVS2,60.5,57.0,1.44,1.41,0.88,1243
0.48,Good,E,VVS2,61.7,62.0,1.23,1.21,0.77,1497
0.88,Ideal,F,VS1,62.7,54.0,2.26,2.27,1.41,4838
3.83,Ideal,D,SI1,60.7,60.0,9.7,9.68,6.0,20000
1.05,Premium,I,VS2,61.6,57.0,2.64,2.6,1.64,6033
2.91,Ideal,F,VS2,60.8,59.0,7.3,7.22,4.43,20000
0.98,Premium,D,IF,62.0,58.0,2.51,2.51,1.51,6322
0.54,Ideal,G,SI1,60.9,53.0,1.36,1.32,0.82,909
0.88,Ideal,G,VVS1,60.7,58.0,2.21,2.28,1.31,4754
1.8,Ideal,J,SI1,60.7,58.0,4.57,4.58,2.81,14761
1.85,Very Good,H,IF,62.4,53.0,4.78,4.81,2.85,15737
0.56,Ideal,H,VS1,61.6,62.0,1.44,1.43,0.89,1861
0.84,Premium,D,VS2,61.1,58.0,2.17,2.18,1.3,4281
0.36,Very Good,H,VS2,62.1,59.0,0.91,0.87,0.55,300
1.12,Fair,G,SI1,61.1,55.0,2.82,2.76,1.77,6527
1.61,Premium,E,SI1,63.3,59.0,4.04,4.04,2.4,12094
0.76,Premium,I,SI2,60.3,60.0,1.96,1.99,1.2,3721
0.53,Ideal,G,SI2,61.4,58.0,1.34,1.24,0.79,1292
0.89,Ideal,E,SI1,59.7,57.0,2.27,2.25,1.35,4562
0.91,Good,D,VS1,61.2,56.0,2.31,2.4,1.42,5028
0.77,Ideal,F,VS2,59.3,57.0,1.98,2.0,1.22,3742
0.81,Very Good,E,SI2,62.7,56.0,2.05,2.13,1.23,3487
0.68,Ideal,I,VVS2,62.8,59.0,1.74,1.71,1.09,2860
1.22,Ideal,D,VS2,62.8,56.0,3.16,3.14,1.95,7917
1.07,Premium,I,IF,61.7,59.0,2.72,2.77,1.64,7140
0.45,Ideal,E,VS1,60.5,56.0,1.15,1.18,0.69,855
0.45,Very Good,H,SI2,60.6,57.0,1.15,1.15,0.71,300
0.65,Premium,D,VS2,63.8,59.0,1.67,1.61,1.03,2367
1.07,Ideal,E,VS1,63.7,56.0,2.71,2.77,1.62,6449
0.8,Premium,E,SI2,61.9,59.0,2.02,2.15,1.22,2646
0.54,Very Good,H,I1,61.0,59.0,1.39,1.31,0.83,867
0.84,Premium,G,SI2,63.6,57.0,2.14,2.21,1.29,4201
0.63,Ideal,F,SI1,60.7,60.0,1.63,1.61,0.98,2247
1.15,Very Good,E,SI1,62.0,58.0,2.94,2.92,1.85,7494
0.88,Very Good,I,VS2,63.6,60.0,2.25,2.26,1.4,4316
0.63,Ideal,D,SI2,60.5,61.0,1.58,1.52,0.98,2165
0.83,Ideal,D,VS1,62.9,57.0,2.13,2.13,1.28,4109
1.43,Good,H,VS2,62.4,59.0,3.67,3.59,2.17,9698
0.56,Very Good,E,SI1,61.6,56.0,1.43,1.45,0.85,1738
0.91,Very Good,G,I1,60.3,55.0,2.3,2.41,1.41,4722
0.72,Very Good,G,SI2,60.7,57.0,1.86,1.83,1.12,2645
0.92,Premium,H,SI1,62.1,55.0,2.33,2.32,1.39,4008
0.53,Ideal,F,SI2,59.7,55.0,1.34,1.33,0.79,1371
0.78,Ideal,E,SI1,61.9,59.0,2.02,2.07,1.26,3372
1.29,Ideal,G,VS1,62.5,56.0,3.31,3.33,2.03,8994
0.46,Very Good,F,VS2,63.1,59.0,1.17,1.22,0.7,300
0.38,Ideal,E,SI1,59.7,58.0,0.98,0.95,0.61,300
0.39,Premium,E,SI1,63.5,62.0,0.98,1.0,0.61,300
0.41,Ideal,J,VS2,64.1,59.0,1.03,0.86,0.62,300
1.0,Ideal,D,VVS1,62.3,60.0,2.56,2.59,1.53,6941
0.37,Good,G,VS1,60.2,58.0,0.93,0.87,0.58,300
0.64,Ideal,H,VS2,61.2,58.0,1.65,1.63,1.0,2212
1.01,Very Good,H,SI1,61.6,60.0,2.6,2.64,1.62,5859
0.91,Ideal,G,SI1,62.1,59.0,2.31,2.23,1.37,4818
0.61,Good,D,VVS1,61.7,58.0,1.57,1.62,0.96,2456
0.82,Very Good,G,SI2,62.1,58.0,2.06,2.05,1.23,3257
0.78,Ideal,E,IF,61.6,59.0,1.99,2.06,1.23,4204
0.66,Very Good,I,VS1,62.1,56.0,1.71,1.66,1.08,1627
0.67,Ideal,G,VS1,61.1,56.0,1.73,1.64,1.05,2636
2.27,Very Good,D,SI2,61.2,61.0,5.76,5.76,3.42,20000
1.11,Ideal,E,VS2,60.9,62.0,2.8,2.83,1.69,6704
2.56,Ideal,H,VS2,64.4,55.0,6.47,6.5,4.05,20000
0.58,Premium,G,SI2,63.7,56.0,1.48,1.42,0.92,599
0.71,Very Good,H,SI1,62.5,60.0,1.82,1.74,1.09,2670
0.38,Very Good,G,VVS1,63.6,59.0,0.95,0.93,0.6,300
0.49,Fair,E,VS2,62.8,59.0,1.25,1.28,0.77,864
1.92,Very Good,E,SI1,62.0,59.0,4.94,4.96,2.95,15899
0.57,Ideal,H,SI2,59.6,57.0,1.45,1.53,0.89,745
1.93,Ideal,D,VS1,61.3,58.0,4.87,4.85,2.96,16254
0.4,Ideal,F,VS1,61.2,58.0,1.03,0.94,0.64,801
0.44,Ideal,G,VS2,60.1,56.0,1.11,1.17,0.67,866
0.62,Ideal,G,VS2,59.6,58.0,1.6,1.61,1.0,2225
0.72,Ideal,F,VS2,62.4,60.0,1.82,1.83,1.13,3214
1.18,Very Good,F,VS2,62.2,57.0,3.0,3.04,1.85,7225
0.93,Ideal,G,SI1,60.1,58.0,2.37,2.43,1.42,5568
0.6,Ideal,G,IF,60.7,58.0,1.53,1.53,0.96,2205
0.69,Premium,I,VS2,63.3,57.0,1.76,1.82,1.08,2661
0.63,Good,E,SI1,60.5,59.0,1.59,1.62,1.0,1630
0.47,Premium,F,VS2,61.9,56.0,1.2,1.17,0.72,653
0.48,Premium,I,VVS2,61.4,60.0,1.22,1.21,0.77,1387
1.24,Ideal,E,SI2,62.4,59.0,3.13,3.16,1.95,7925
0.3,Premium,D,SI1,60.5,55.0,0.78,0.74,0.49,300
1.66,Premium,D,VS1,61.8,61.0,4.28,4.32,2.56,12996
0.62,Ideal,G,SI1,61.9,58.0,1.6,1.61,0.97,1716
0.5,Good,I,VVS2,62.0,56.0,1.28,1.3,0.76,856
1.07,Premium,G,SI2,61.8,60.0,2.7,2.77,1.61,6649
1.56,Fair,I,VS1,62.2,59.0,3.99,4.01,2.4,11503
1.3,Ideal,D,SI2,64.8,54.0,3.35,3.35,2.1,8964
0.95,Ideal,I,I1,65.3,56.0,2.39,2.39,1.47,5078
1.28,Very Good,H,VVS1,60.8,58.0,3.26,3.25,1.96,8690
0.31,Ideal,G,VS2,58.5,53.0,0.79,0.81,0.5,300
0.57,Very Good,G,SI1,62.5,58.0,1.44,1.51,0.89,1256
0.47,Ideal,E,SI1,62.0,58.0,1.19,1.16,0.75,1226
1.37,Ideal,G,VS2,63.2,55.0,3.54,3.51,2.22,9373
0.61,Ideal,I,VS2,62.1,58.0,1.57,1.63,0.97,2274
1.13,Fair,H,IF,61.8,58.0,2.86,2.83,1.72,7164
0.97,Ideal,G,IF,63.3,55.0,2.48,2.49,1.56,6464
0.48,Ideal,I,VS1,63.5,60.0,1.21,1.18,0.73,1601
0.55,Very Good,F,VS2,59.8,59.0,1.41,1.33,0.87,1884
1.41,Ideal,F,VS2,60.6,57.0,3.64,3.65,2.27,9757
0.5,Very Good,E,VS1,61.6,57.0,1.28,1.34,0.76,300
0.79,Ideal,D,SI2,61.8,59.0,2.03,2.03,1.25,3762
0.5,Good,D,SI1,61.4,57.0,1.27,1.2,0.77,1197
0.63,Ideal,D,SI2,62.3,53.0,1.61,1.62,0.97,2250
0.72,Premium,H,SI2,63.1,59.0,1.85,1.81,1.09,2429
0.5,Good,I,SI1,64.1,56.0,1.29,1.16,0.81,300
0.46,Very Good,H,VS2,62.5,57.0,1.18,1.18,0.7,742
0.85,Fair,D,VVS2,60.5,61.0,2.2,2.23,1.38,5202
0.49,Premium,D,VS2,61.5,57.0,1.26,1.32,0.77,820
0.49,Very Good,D,SI1,61.6,58.0,1.26,1.35,0.77,1168
0.46,Premium,I,SI2,62.4,59.0,1.19,1.22,0.74,1172
0.71,Very Good,D,VS2,62.2,59.0,1.8,1.85,1.1,2946
1.19,Very Good,G,SI1,64.6,55.0,3.03,2.97,1.83,7302
1.57,Ideal,J,VS2,61.1,57.0,4.01,4.09,2.39,12084
0.52,Fair,G,IF,62.2,58.0,1.32,1.38,0.81,1230
2.17,Ideal,J,SI2,65.0,58.0,5.59,5.57,3.42,19335
0.45,Ideal,F,SI1,60.9,58.0,1.13,1.16,0.68,456
1.27,Ideal,G,VS2,61.9,63.0,3.21,3.24,1.97,8775
0.52,Premium,G,IF,60.4,55.0,1.34,1.41,0.81,1095
0.48,Ideal,F,VVS2,61.8,60.0,1.21,1.2,0.75,1108
0.51,Very Good,D,VVS1,60.6,60.0,1.29,1.25,0.79,1237
0.72,Good,E,SI1,63.2,59.0,1.83,1.81,1.15,2929
0.99,Very Good,G,IF,61.9,56.0,2.54,2.58,1.55,5400
1.04,Ideal,E,SI2,60.4,61.0,2.66,2.56,1.66,6632
0.46,Fair,D,SI2,62.9,53.0,1.19,1.04,0.73,300
0.45,Premium,I,VVS2,62.0,56.0,1.14,1.18,0.7,1197
0.47,Ideal,F,VVS1,63.0,60.0,1.21,1.22,0.73,1630
0.7,Ideal,H,SI2,60.1,57.0,1.77,1.77,1.07,2870
0.67,Premium,J,SI2,62.2,61.0,1.69,1.62,1.06,1636
0.46,Good,E,SI2,62.8,54.0,1.17,1.08,0.7,300
0.85,Ideal,D,SI2,61.1,55.0,2.14,2.11,1.27,3968
2.3,Premium,I,SI1,59.9,56.0,5.84,5.86,3.64,20000
0.58,Good,E,IF,61.6,58.0,1.47,1.44,0.9,2659
0.6,Good,D,VS1,63.4,57.0,1.51,1.56,0.91,1858
0.98,Ideal,D,VVS2,63.3,56.0,2.53,2.48,1.54,5701
0.56,Ideal,H,VVS2,61.1,61.0,1.42,1.39,0.87,1587
1.04,Ideal,D,VS2,59.9,61.0,2.69,2.73,1.65,6408
0.52,Ideal,H,VVS2,61.1,57.0,1.34,1.32,0.83,1591
1.85,Premium,F,VS2,61.0,54.0,4.67,4.65,2.83,14757
0.88,Premium,J,SI1,62.3,53.0,2.24,2.21,1.38,4182
0.54,Premium,J,VS2,61.6,58.0,1.38,1.34,0.86,1310
0.55,Very Good,E,VS2,60.6,59.0,1.42,1.44,0.89,935
0.57,Premium,G,VVS2,63.2,58.0,1.47,1.49,0.88,1259
1.47,Ideal,H,IF,61.9,57.0,3.76,3.77,2.27,11247
0.39,Premium,I,SI1,62.3,56.0,0.98,0.95,0.6,300
0.53,Ideal,E,VS1,59.3,59.0,1.35,1.34,0.84,2117
0.56,Premium,J,SI2,58.3,61.0,1.44,1.52,0.9,1136
0.74,Premium,E,VVS2,59.7,53.0,1.9,1.83,1.17,4037
0.65,Ideal,J,SI1,61.0,57.0,1.68,1.77,1.06,2045
0.35,Premium,I,SI2,62.5,55.0,0.9,0.9,0.55,300
0.61,Ideal,G,SI1,58.4,54.0,1.53,1.52,0.95,2067
0.7,Very Good,G,VS2,63.9,55.0,1.81,1.86,1.13,2866
0.54,Premium,G,SI2,61.9,58.0,1.39,1.29,0.87,893
1.04,Good,H,VVS1,63.6,58.0,2.62,2.69,1.65,6060
1.17,Premium,D,SI2,60.5,61.0,2.95,3.04,1.8,7186
0.71,Premium,F,VVS1,62.4,58.0,1.81,1.86,1.08,3395
0.83,Ideal,J,VS1,61.8,54.0,2.13,2.02,1.3,4327
0.25,Ideal,G,SI1,62.8,57.0,0.64,0.68,0.4,300
0.6,Premium,D,SI1,61.4,54.0,1.51,1.59,0.94,1413
1.22,Ideal,H,VS1,62.4,55.0,3.11,3.19,1.88,7978
0.6,Premium,I,VS2,63.2,59.0,1.52,1.45,0.9,2147
0.51,Ideal,E,VS1,60.8,58.0,1.29,1.34,0.79,1501
2.31,Good,F,SI1,62.0,59.0,5.92,6.01,3.61,20000
1.84,Very Good,F,VS2,59.1,57.0,4.75,4.75,2.82,15283
0.94,Premium,J,IF,62.7,59.0,2.4,2.33,1.49,5586
1.31,Premium,I,SI1,64.4,57.0,3.36,3.4,2.02,8767
0.24,Fair,F,SI1,60.0,60.0,0.61,0.66,0.38,300
0.5,Very Good,H,SI1,61.6,58.0,1.28,1.27,0.76,1038
0.59,Very Good,G,VS1,62.9,57.0,1.5,1.44,0.94,1323
0.66,Ideal,F,VS1,61.7,58.0,1.68,1.73,1.04,3158
0.58,Very Good,H,SI1,61.9,57.0,1.47,1.43,0.89,1109
0.21,Premium,D,SI2,61.2,61.0,0.54,0.56,0.33,300
0.9,Very Good,D,I1,61.1,58.0,2.32,2.4,1.39,4509
0.97,Premium,E,SI1,61.6,57.0,2.48,2.4,1.56,5298
1.65,Very Good,J,SI1,61.8,57.0,4.26,4.31,2.65,12992
0.5,Very Good,I,IF,60.0,59.0,1.29,1.28,0.8,1580
0.48,Premium,G,VS2,61.6,59.0,1.24,1.23,0.74,799
0.2,Fair,I,SI1,63.9,57.0,0.51,0.54,0.3,300
0.64,Fair,D,VVS1,61.1,55.0,1.64,1.6,1.01,2841
1.16,Very Good,I,VS2,60.0,56.0,2.97,2.91,1.77,7000
0.55,Fair,G,VS2,61.5,57.0,1.41,1.32,0.88,386
2.16,Good,G,SI2,60.7,60.0,5.47,5.53,3.32,18969
0.65,Very Good,F,SI1,59.8,57.0,1.67,1.65,1.01,2781
0.8,Ideal,I,IF,61.9,56.0,2.03,2.06,1.2,4346
0.37,Premium,G,VS2,60.7,54.0,0.95,0.93,0.6,346
0.86,Premium,H,SI1,60.8,61.0,2.21,2.15,1.39,4096
0.28,Very Good,D,VS1,61.9,59.0,0.71,0.74,0.42,300
1.05,Ideal,J,VVS1,59.6,59.0,2.65,2.67,1.6,6610
1.06,Premium,D,SI1,59.3,60.0,2.72,2.71,1.65,6705
1.46,Good,D,VS2,62.6,57.0,3.73,3.75,2.24,10944
0.44,Premium,H,IF,59.0,58.0,1.12,1.07,0.7,1525
0.8,Good,E,SI2,60.3,61.0,2.06,2.11,1.27,4297
0.98,Very Good,J,VS1,59.2,58.0,2.53,2.59,1.59,6129
0.92,Premium,D,VS2,61.0,59.0,2.33,2.37,1.46,5435
0.48,Ideal,F,VS1,62.3,59.0,1.23,1.21,0.76,915
0.22,Premium,H,SI1,61.9,59.0,0.57,0.57,0.35,300
0.88,Ideal,G,SI1,65.0,57.0,2.27,2.35,1.42,4582
0.69,Ideal,J,VS1,63.2,57.0,1.75,1.81,1.08,2690
0.56,Good,D,SI1,60.4,59.0,1.41,1.51,0.84,1194
1.09,Very Good,J,SI1,60.0,59.0,2.76,2.72,1.7,6275
0.72,Premium,F,SI2,65.5,60.0,1.86,1.82,1.14,3006
0.38,Premium,G,I1,63.2,59.0,0.97,0.98,0.61,300
0.28,Premium,D,IF,62.5,59.0,0.71,0.73,0.43,300
0.42,Ideal,H,VS2,61.8,57.0,1.05,1.04,0.62,300
2.45,Ideal,F,IF,62.1,56.0,6.16,6.14,3.7,20000
1.06,Premium,G,SI2,59.6,59.0,2.72,2.78,1.7,6236
0.81,Very Good,E,VS2,61.9,56.0,2.07,2.07,1.3,3710
0.68,Ideal,J,SI1,61.8,57.0,1.74,1.68,1.08,2156
0.65,Ideal,I,VVS2,60.4,61.0,1.64,1.59,0.97,2286
1.33,Ideal,H,VVS2,60.9,60.0,3.38,3.39,2.0,9556
0.58,Fair,E,SI2,63.8,58.0,1.49,1.64,0.91,1474
0.99,Ideal,I,VVS1,61.5,57.0,2.5,2.45,1.57,6345
0.62,Good,F,SI1,64.6,57.0,1.6,1.58,1.0,1209
1.95,Very Good,H,VS2,59.3,59.0,4.91,5.03,3.08,17110
1.07,Good,D,IF,61.0,57.0,2.7,2.68,1.66,7072
1.38,Premium,D,VVS1,59.5,56.0,3.52,3.54,2.2,10009
0.55,Ideal,G,IF,60.0,60.0,1.42,1.51,0.86,1931
1.26,Good,G,SI1,60.5,58.0,3.2,3.15,1.89,7641
0.63,Premium,H,SI2,62.1,56.0,1.61,1.59,1.01,1257
0.78,Premium,J,SI2,62.1,59.0,1.99,1.97,1.19,3791
1.68,Premium,H,VS2,60.7,60.0,4.24,4.16,2.63,13051
0.44,Good,F,VVS2,58.6,55.0,1.11,1.19,0.68,842
0.82,Premium,F,SI2,63.8,57.0,2.12,2.09,1.26,3653
0.92,Ideal,D,VS1,61.3,57.0,2.32,2.28,1.39,5342
0.96,Good,G,SI1,60.1,58.0,2.46,2.44,1.48,5307
0.59,Good,E,SI1,62.1,59.0,1.53,1.58,0.95,915
2.1,Very Good,G,VS1,62.0,56.0,5.29,5.3,3.13,18883
0.39,Ideal,G,VS2,61.2,54.0,0.99,0.95,0.6,300
1.54,Ideal,H,VVS2,61.9,60.0,3.89,3.91,2.4,11726
1.36,Ideal,G,SI2,60.1,55.0,3.44,3.48,2.05,9646
1.92,Premium,G,VVS2,62.8,58.0,4.84,4.84,2.88,16087
0.33,Premium,E,SI2,60.3,57.0,0.85,0.84,0.51,300
0.48,Fair,D,SI1,60.9,58.0,1.23,1.28,0.74,607
1.56,Ideal,H,VS1,62.6,61.0,4.0,3.99,2.46,12257
0.29,Ideal,J,VVS2,63.4,64.0,0.75,0.83,0.47,300
0.33,Premium,G,SI1,63.9,54.0,0.83,0.79,0.49,300
0.58,Ideal,F,SI1,63.2,60.0,1.47,1.43,0.92,1824
0.82,Ideal,I,VS2,61.2,57.0,2.08,2.03,1.26,3848
1.64,Good,E,SI1,59.5,60.0,4.15,4.14,2.56,12157
0.68,Ideal,D,VVS2,63.7,60.0,1.71,1.71,1.07,3123
0.55,Good,D,VVS2,63.6,61.0,1.4,1.33,0.86,1444
0.87,Premium,I,SI2,60.8,58.0,2.24,2.24,1.33,4295
0.94,Very Good,D,VS2,63.0,56.0,2.43,2.46,1.45,4863
0.92,Fair,E,VVS2,61.2,60.0,2.32,2.25,1.44,4709
0.68,Premium,G,SI1,63.8,58.0,1.75,1.72,1.05,2831
0.28,Very Good,F,VS1,61.0,57.0,0.72,0.75,0.44,300
0.47,Premium,D,SI2,64.5,56.0,1.19,1.14,0.72,483
1.51,Premium,G,VS2,62.8,60.0,3.8,3.78,2.29,11427
0.81,Fair,G,SI2,64.2,61.0,2.1,2.15,1.31,3638
0.63,Good,G,VVS2,61.1,55.0,1.61,1.7,1.0,2191
1.3,Premium,F,SI1,62.3,59.0,3.36,3.38,2.07,8460
0.42,Very Good,I,SI1,60.3,57.0,1.07,1.06,0.65,300
0.66,Ideal,D,VVS2,62.9,54.0,1.68,1.65,1.01,3136
0.79,Ideal,E,SI2,63.0,58.0,2.0,2.05,1.22,3808
0.59,Ideal,F,SI1,65.1,56.0,1.53,1.59,0.95,1635
0.78,Ideal,I,SI1,62.4,54.0,1.97,1.91,1.21,3521
0.67,Premium,F,SI1,62.7,56.0,1.68,1.73,1.06,2321
0.37,Ideal,I,VVS1,61.0,55.0,0.94,0.91,0.56,455
0.81,Very Good,J,VS1,62.5,56.0,2.06,2.02,1.3,4121
0.38,Very Good,F,SI2,61.2,55.0,0.96,0.95,0.59,300
0.8,Ideal,G,VS1,61.9,57.0,2.05,2.1,1.28,4333
1.47,Premium,F,VS2,61.9,56.0,3.73,3.75,2.25,11627
0.64,Ideal,J,VVS1,61.2,58.0,1.63,1.64,0.99,2697
0.41,Ideal,G,SI1,61.8,59.0,1.03,1.05,0.64,504
0.7,Ideal,I,VS2,61.2,58.0,1.79,1.81,1.11,2581
0.49,Ideal,D,VS2,61.2,57.0,1.23,1.22,0.74,973
1.0,Premium,F,VS2,63.2,57.0,2.53,2.56,1.53,5666
0.69,Very Good,E,VS2,61.9,56.0,1.77,1.74,1.09,2577
1.74,Premium,H,SI1,62.2,56.0,4.41,4.44,2.77,13285
1.33,Premium,I,VS1,59.7,59.0,3.36,3.4,2.04,9321
0.69,Premium,D,VS2,62.3,54.0,1.76,1.79,1.06,3091
1.06,Ideal,H,IF,62.4,57.0,2.68,2.72,1.68,6341
0.61,Ideal,G,SI1,61.1,57.0,1.54,1.56,0.95,2022
0.75,Premium,F,VS1,64.6,59.0,1.92,1.98,1.16,3396
0.62,Very Good,J,IF,58.5,54.0,1.59,1.48,0.94,2226
1.09,Premium,E,VS1,62.8,58.0,2.8,2.84,1.73,7051
1.52,Very Good,F,VVS1,62.7,58.0,3.87,3.97,2.34,11804
1.1,Ideal,H,VVS2,62.5,53.0,2.8,2.77,1.66,6776
1.17,Very Good,J,SI1,61.9,55.0,3.01,2.97,1.85,7474
1.18,Very Good,I,VS2,62.5,57.0,2.98,3.04,1.8,7586
0.98,Fair,D,SI2,62.9,59.0,2.47,2.42,1.49,5802
0.42,Ideal,E,VS2,60.7,58.0,1.08,1.05,0.66,489
1.73,Ideal,H,SI1,62.1,59.0,4.4,4.41,2.72,13657
1.83,Very Good,J,VS1,61.4,55.0,4.7,4.66,2.82,14799
0.66,Good,E,VS2,60.2,54.0,1.67,1.71,0.99,2813
0.62,Premium,F,SI1,62.7,58.0,1.57,1.53,0.95,1920
1.01,Very Good,G,SI1,60.9,55.0,2.61,2.63,1.55,5636
0.98,Ideal,G,IF,59.6,56.0,2.49,2.5,1.54,6842
0.67,Premium,H,SI2,60.9,60.0,1.71,1.79,1.07,1869
0.4,Premium,E,SI2,60.6,58.0,1.01,1.07,0.62,300
0.86,Very Good,D,SI1,63.1,56.0,2.17,2.14,1.3,4229
0.98,Ideal,I,IF,61.9,56.0,2.46,2.4,1.47,5833
1.06,Premium,F,IF,63.6,59.0,2.7,2.74,1.62,6482
0.88,Ideal,G,VS1,60.8,58.0,2.28,2.25,1.37,4570
0.65,Very Good,G,VVS1,62.9,55.0,1.68,1.66,1.01,2339
1.22,Premium,H,SI1,65.7,53.0,3.12,3.07,1.85,7780
0.77,Fair,E,IF,62.2,62.0,1.98,2.01,1.24,4165
0.59,Premium,G,SI2,62.9,55.0,1.51,1.48,0.94,832
0.68,Ideal,F,SI2,62.7,59.0,1.73,1.73,1.06,2103
0.31,Premium,H,SI2,59.7,61.0,0.78,0.78,0.46,300
0.68,Fair,I,VS2,62.5,58.0,1.74,1.75,1.08,2455
1.05,Fair,J,VVS2,62.1,56.0,2.65,2.68,1.57,5515
0.88,Premium,E,SI1,61.3,54.0,2.24,2.23,1.33,4824
1.58,Very Good,I,IF,60.5,54.0,4.07,4.03,2.45,12309
0.65,Fair,E,VS2,62.7,58.0,1.64,1.55,1.0,2443
0.95,Ideal,G,SI2,60.3,61.0,2.39,2.4,1.44,4959
1.1,Premium,G,VS2,64.7,57.0,2.78,2.77,1.66,6150
2.39,Very Good,G,VS1,61.9,56.0,6.1,6.06,3.63,20000
0.8,Ideal,G,VVS2,60.0,59.0,2.02,2.02,1.26,4095
0.44,Good,I,VS2,61.0,56.0,1.12,1.16,0.68,300
1.13,Ideal,H,VS2,61.3,58.0,2.86,2.92,1.71,7024
1.88,Very Good,E,SI1,65.1,58.0,4.79,4.71,2.92,16032
0.63,Ideal,E,VS1,60.5,57.0,1.6,1.58,0.95,1920
1.13,Premium,H,IF,61.5,57.0,2.92,2.97,1.79,7195
1.37,Ideal,G,SI2,60.9,61.0,3.49,3.57,2.09,9526
1.23,Ideal,I,VVS1,62.4,59.0,3.16,3.12,1.94,8467
0.79,Very Good,H,VS2,61.0,60.0,2.03,2.1,1.25,3869
0.52,Ideal,J,SI1,60.1,55.0,1.33,1.26,0.83,1268
0.71,Premium,D,IF,61.4,60.0,1.8,1.86,1.08,3969
0.93,Premium,H,VS2,61.3,59.0,2.37,2.36,1.44,5215
1.17,Very Good,H,SI1,60.9,54.0,3.0,3.08,1.89,6648
0.88,Premium,H,SI2,60.9,59.0,2.24,2.22,1.39,3765
0.61,Very Good,I,SI1,63.4,56.0,1.54,1.52,0.97,1946
0.98,Premium,F,VVS2,61.3,54.0,2.46,2.45,1.54,6170
1.14,Premium,J,VS2,60.1,58.0,2.89,2.81,1.78,7349
0.9,Ideal,I,VVS1,61.1,59.0,2.27,2.18,1.36,4819
0.49,Ideal,F,SI1,61.8,58.0,1.26,1.29,0.78,797
0.68,Premium,G,SI2,59.8,57.0,1.72,1.77,1.06,2349
1.19,Very Good,E,I1,64.0,57.0,3.02,3.05,1.85,6972
0.37,Very Good,F,VS2,62.9,63.0,0.95,0.89,0.59,300
0.26,Very Good,H,IF,63.7,55.0,0.67,0.69,0.41,300
1.57,Good,F,VS1,62.2,59.0,4.0,3.95,2.44,11810
0.96,Very Good,I,SI1,58.8,58.0,2.42,2.44,1.47,5657
1.0,Very Good,F,VVS1,63.8,56.0,2.53,2.59,1.5,5630
0.43,Ideal,G,VVS2,60.5,57.0,1.09,1.11,0.68,300
1.07,Premium,H,I1,60.6,54.0,2.72,2.79,1.7,6425
0.85,Very Good,F,VVS2,61.9,56.0,2.16,2.15,1.33,4345
0.34,Premium,D,SI1,63.6,57.0,0.86,0.85,0.52,300
1.51,Good,D,SI2,63.2,54.0,3.9,3.9,2.31,11448
0.8,Premium,F,SI1,63.0,59.0,2.01,1.94,1.19,3590
0.61,Ideal,G,VS2,61.3,55.0,1.55,1.53,0.92,2489
0.61,Premium,H,SI1,61.2,54.0,1.58,1.56,0.95,1447
0.27,Premium,H,SI1,62.2,55.0,0.69,0.68,0.41,300
1.0,Ideal,G,SI2,61.5,62.0,2.54,2.55,1.53,6100
0.84,Ideal,G,VS1,62.9,53.0,2.12,2.05,1.31,3661
0.67,Ideal,D,IF,62.9,58.0,1.73,1.67,1.09,3179
1.4,Premium,G,VVS2,62.5,56.0,3.52,3.58,2.11,10624
0.37,Ideal,G,SI1,58.2,57.0,0.95,0.85,0.58,411
0.55,Very Good,G,SI1,61.9,59.0,1.42,1.45,0.89,1096
0.48,Premium,D,SI1,61.5,59.0,1.21,1.19,0.76,1248
0.64,Fair,F,SI2,61.9,56.0,1.64,1.65,0.99,1415
0.77,Premium,F,VS2,60.6,55.0,1.99,2.07,1.2,3313
0.92,Premium,G,VS2,59.8,59.0,2.36,2.35,1.42,5162
0.62,Very Good,E,VS1,62.3,59.0,1.58,1.61,0.94,2344
0.48,Ideal,J,VS1,61.2,57.0,1.24,1.24,0.75,443
1.72,Ideal,D,SI1,62.5,58.0,4.39,4.38,2.65,14502
2.47,Ideal,G,SI1,60.8,57.0,6.35,6.34,3.94,20000
0.8,Premium,G,VS1,63.7,56.0,2.05,2.09,1.23,3771
0.51,Ideal,G,SI1,63.1,58.0,1.28,1.24,0.79,1033
1.55,Good,E,SI1,62.1,59.0,3.92,3.86,2.36,10986
0.36,Ideal,J,SI1,61.4,58.0,0.91,0.91,0.56,300
0.63,Good,D,SI1,62.9,59.0,1.59,1.6,0.98,1776
0.52,Ideal,G,SI2,62.2,56.0,1.31,1.22,0.81,984
0.41,Very Good,G,VVS2,62.0,61.0,1.04,1.04,0.62,474
0.64,Ideal,I,VVS2,63.2,57.0,1.62,1.56,0.97,1834
0.48,Ideal,G,SI1,63.7,57.0,1.24,1.27,0.74,300
0.75,Very Good,G,SI2,59.9,55.0,1.93,1.84,1.18,3577
0.75,Premium,G,VS1,60.2,57.0,1.92,2.02,1.14,3441
0.54,Ideal,E,SI1,60.6,59.0,1.38,1.36,0.84,557
0.62,Premium,G,SI1,59.6,59.0,1.57,1.53,0.93,1981
0.66,Ideal,D,SI2,61.6,61.0,1.68,1.67,1.01,2539
1.11,Premium,F,SI1,62.5,59.0,2.84,2.87,1.75,6918
0.69,Premium,E,VVS2,61.7,58.0,1.77,1.81,1.07,2368
1.12,Very Good,I,VVS2,61.0,57.0,2.82,2.81,1.7,7041
0.99,Very Good,G,SI1,63.3,56.0,2.54,2.47,1.56,5071
0.99,Ideal,G,SI1,61.9,60.0,2.54,2.48,1.57,5750
1.48,Premium,F,SI2,62.2,60.0,3.78,3.79,2.27,10979
0.42,Premium,D,SI2,63.3,55.0,1.06,1.11,0.64,300
0.58,Premium,J,IF,61.5,59.0,1.48,1.54,0.91,2484
1.79,Premium,J,VS1,64.6,59.0,4.56,4.57,2.87,15153
0.65,Ideal,D,VS2,61.1,55.0,1.66,1.71,0.99,2185
0.2,Ideal,H,VS1,64.5,59.0,0.51,0.61,0.31,300
0.67,Premium,E,VVS2,60.3,55.0,1.69,1.75,1.06,3149
0.79,Ideal,F,VVS2,62.4,52.0,1.99,2.04,1.21,3846
0.2,Ideal,D,I1,60.8,57.0,0.5,0.46,0.3,300
1.44,Premium,I,SI2,63.3,58.0,3.64,3.69,2.24,10007
0.52,Ideal,I,VS1,61.0,57.0,1.32,1.34,0.78,1672
0.87,Very Good,F,SI1,62.1,64.0,2.2,2.23,1.33,3951
0.66,Good,D,IF,60.8,58.0,1.67,1.73,1.0,3027
0.39,Ideal,G,VS1,63.0,58.0,1.0,1.02,0.6,300
0.43,Premium,H,IF,60.8,58.0,1.11,1.1,0.66,1080
0.46,Ideal,F,SI1,64.1,57.0,1.17,1.12,0.72,591
1.27,Ideal,D,VVS1,60.3,60.0,3.22,3.21,2.02,9117
0.69,Good,D,SI1,59.8,58.0,1.78,1.79,1.08,2587
0.57,Ideal,D,IF,63.0,58.0,1.46,1.47,0.86,1721
0.46,Premium,J,SI2,60.9,56.0,1.17,1.18,0.72,569
1.35,Premium,I,VS2,61.7,54.0,3.46,3.51,2.12,9012
1.54,Ideal,F,VVS2,61.2,56.0,3.91,3.95,2.42,12153
1.34,Ideal,E,VS2,59.9,58.0,3.43,3.43,2.11,9335
0.95,Fair,H,VS2,61.6,57.0,2.46,2.42,1.54,5722
0.86,Premium,H,IF,63.5,58.0,2.18,2.2,1.3,5206
0.4,Ideal,E,SI1,63.1,57.0,1.03,1.14,0.61,812
0.66,Ideal,J,VS2,62.0,58.0,1.67,1.69,1.01,3097
0.53,Ideal,G,SI2,63.3,55.0,1.35,1.34,0.82,743
0.3,Good,G,VVS2,60.2,58.0,0.76,0.79,0.48,300
1.26,Very Good,F,VS1,61.2,56.0,3.24,3.27,2.03,9292
0.52,Very Good,E,SI1,62.3,54.0,1.31,1.34,0.82,926
1.35,Ideal,G,I1,61.5,57.0,3.46,3.53,2.07,9523
1.15,Very Good,F,VS2,61.4,61.0,2.96,2.98,1.83,7169
0.98,Very Good,F,I1,60.0,54.0,2.5,2.57,1.51,5014
1.01,Ideal,F,I1,58.8,58.0,2.54,2.55,1.59,6122
0.54,Fair,F,VS2,62.8,59.0,1.37,1.45,0.82,432
1.88,Ideal,H,SI2,62.0,63.0,4.82,4.88,2.87,15839
0.76,Ideal,J,SI1,63.0,56.0,1.96,2.01,1.22,3264
0.86,Ideal,I,VS1,61.1,56.0,2.19,2.23,1.35,4244
0.54,Very Good,H,SI2,60.7,55.0,1.38,1.5,0.86,975
0.47,Fair,G,SI1,61.7,60.0,1.19,1.24,0.71,459
0.94,Ideal,D,SI2,62.9,56.0,2.39,2.35,1.49,5190
0.83,Ideal,E,VS2,61.4,57.0,2.11,2.12,1.3,4512
0.5,Ideal,E,VS1,62.8,53.0,1.28,1.27,0.79,844
0.36,Very Good,G,VS1,60.3,59.0,0.93,1.03,0.57,802
0.39,Ideal,G,SI1,61.5,60.0,1.0,1.06,0.62,300
1.35,Ideal,G,SI2,61.6,59.0,3.41,3.51,2.07,9331
0.55,Ideal,I,SI2,63.4,54.0,1.41,1.37,0.84,1683
0.63,Ideal,J,SI1,62.0,59.0,1.58,1.64,0.97,1320
1.53,Ideal,F,IF,64.1,54.0,3.87,3.8,2.4,12575
0.42,Premium,D,SI1,59.8,58.0,1.06,0.98,0.63,460
0.52,Good,I,SI1,61.9,58.0,1.32,1.3,0.79,569
0.5,Premium,J,SI2,62.0,58.0,1.28,1.36,0.79,300
1.66,Good,E,VS2,62.6,59.0,4.23,4.18,2.54,12520
2.01,Premium,H,VS1,60.6,57.0,5.19,5.19,3.1,17266
1.08,Premium,E,VS1,64.1,53.0,2.73,2.79,1.71,6705
1.1,Good,E,VVS1,61.7,59.0,2.79,2.83,1.66,7334
0.55,Very Good,D,VS2,60.2,58.0,1.39,1.5,0.84,1696
1.96,Good,G,SI2,61.7,56.0,4.96,4.96,3.01,16074
0.85,Ideal,E,SI1,61.3,54.0,2.2,2.18,1.34,4770
1.13,Ideal,G,VS1,65.6,61.0,2.87,2.82,1.73,8112
0.7,Good,F,VS2,63.2,60.0,1.81,1.79,1.13,3211
0.65,Ideal,G,VS2,61.8,59.0,1.65,1.59,1.02,2321
1.7,Premium,I,VS1,61.5,56.0,4.29,4.2,2.59,13638
0.97,Very Good,G,VS1,63.0,52.0,2.44,2.54,1.47,5513
1.53,Good,F,VVS1,63.1,59.0,3.94,3.94,2.4,12259
0.84,Premium,E,VS2,57.6,58.0,2.11,2.24,1.25,4380
0.48,Ideal,E,VVS2,62.6,57.0,1.24,1.2,0.78,812
0.55,Ideal,E,SI1,61.7,60.0,1.4,1.38,0.84,1954
0.78,Good,I,VS1,59.9,59.0,1.97,1.93,1.22,3671
0.54,Good,E,VVS1,62.9,58.0,1.38,1.35,0.86,1178
0.43,Premium,G,SI1,64.8,58.0,1.08,1.12,0.67,332
1.35,Very Good,D,VVS2,62.5,58.0,3.4,3.43,2.03,10415
0.56,Very Good,D,VS1,63.2,59.0,1.44,1.48,0.88,1431
0.79,Very Good,J,SI2,64.2,56.0,2.01,2.08,1.19,2729
0.86,Ideal,E,VS2,60.5,58.0,2.19,2.25,1.36,4641
0.55,Ideal,J,SI2,59.1,55.0,1.39,1.34,0.85,1416
1.53,Premium,G,IF,62.6,60.0,3.85,3.82,2.3,11926
0.42,Ideal,F,VVS2,61.4,59.0,1.07,1.08,0.66,1054
0.84,Very Good,I,SI2,59.8,56.0,2.14,2.33,1.29,3899
0.84,Premium,E,SI2,61.6,58.0,2.16,2.2,1.28,4432
0.72,Very Good,J,VS2,62.7,56.0,1.84,1.85,1.12,2410
0.39,Ideal,I,SI1,61.5,61.0,1.0,1.03,0.6,300
1.15,Ideal,F,SI2,60.6,61.0,2.9,2.87,1.82,7247
1.07,Premium,E,VS2,61.4,59.0,2.69,2.7,1.63,6178
0.53,Very Good,D,SI1,61.7,61.0,1.34,1.39,0.82,1439
1.06,Ideal,E,SI2,59.0,58.0,2.73,2.73,1.71,5800
0.89,Good,E,VVS2,61.5,59.0,2.29,2.25,1.39,4719
0.39,Ideal,G,VVS1,59.8,60.0,0.98,0.98,0.59,444
0.48,Premium,J,VS1,62.6,57.0,1.21,1.19,0.72,300
1.31,Premium,I,VVS2,59.5,58.0,3.36,3.29,2.11,9155
0.86,Premium,F,SI1,63.1,60.0,2.22,2.19,1.38,4292
0.56,Ideal,E,SI1,61.1,59.0,1.44,1.37,0.86,2103
0.48,Good,G,SI1,60.9,56.0,1.21,1.15,0.73,300
0.57,Ideal,E,VS1,62.1,53.0,1.46,1.4,0.91,1925
0.59,Very Good,F,IF,60.5,57.0,1.52,1.57,0.93,2449
0.49,Ideal,J,VS1,62.1,53.0,1.24,1.31,0.76,767
0.31,Ideal,I,VVS1,60.7,55.0,0.79,0.71,0.49,300
1.31,Ideal,D,VS1,60.9,56.0,3.32,3.4,2.06,9023
1.2,Premium,E,SI1,62.3,56.0,3.03,2.97,1.9,8467
0.39,Premium,D,SI1,60.1,59.0,1.01,1.05,0.63,300
0.79,Very Good,I,SI2,59.9,60.0,2.04,2.05,1.28,3285
0.47,Ideal,D,SI2,62.0,59.0,1.2,1.23,0.75,1493
0.65,Very Good,H,VS1,61.7,59.0,1.64,1.58,0.97,2419
0.62,Premium,J,VS2,61.9,59.0,1.59,1.5,0.95,2792
0.6,Very Good,D,VS2,62.2,52.0,1.52,1.48,0.95,1346
2.02,Good,H,VS2,61.8,58.0,5.1,5.12,3.01,17119
0.59,Ideal,E,SI1,62.6,54.0,1.5,1.6,0.93,1280
0.49,Good,I,VS2,61.8,59.0,1.25,1.2,0.78,577
0.51,Ideal,F,VS2,58.9,53.0,1.28,1.28,0.78,1200
1.25,Very Good,D,SI1,59.3,57.0,3.19,3.15,1.93,8329
0.32,Fair,H,VVS2,64.4,59.0,0.8,0.8,0.48,300
0.51,Premium,E,VS2,61.7,55.0,1.32,1.22,0.78,981
1.53,Fair,I,VS2,63.0,60.0,3.95,4.02,2.45,11094
0.84,Very Good,F,VVS1,61.2,59.0,2.16,2.16,1.28,4264
0.82,Ideal,G,VVS1,61.6,58.0,2.09,2.14,1.31,4897
2.15,Good,H,VVS1,61.1,59.0,5.44,5.43,3.27,18863
0.84,Ideal,H,SI1,65.2,57.0,2.16,2.17,1.34,3963
0.52,Fair,I,SI2,62.1,58.0,1.34,1.4,0.79,300
0.64,Very Good,D,SI1,61.0,58.0,1.61,1.62,0.98,1991
0.42,Ideal,G,SI1,59.4,57.0,1.07,1.08,0.65,300
1.39,Very Good,H,VVS1,64.5,56.0,3.52,3.48,2.08,9899
0.99,Good,G,VS1,61.5,55.0,2.51,2.48,1.55,5634
1.3,Premium,H,SI2,62.7,57.0,3.3,3.25,2.07,8205
1.36,Very Good,E,SI2,62.9,57.0,3.52,3.48,2.08,9197
0.6,Ideal,D,SI2,61.1,56.0,1.52,1.58,0.91,1570
0.46,Very Good,G,VS1,62.6,59.0,1.17,1.26,0.72,300
0.72,Ideal,D,VS1,60.9,55.0,1.86,1.8,1.16,3759
0.48,Ideal,F,VVS2,60.3,57.0,1.22,1.24,0.73,718
0.8,Premium,I,IF,63.3,60.0,2.06,2.04,1.22,4089
1.3,Ideal,E,SI1,61.5,60.0,3.27,3.34,1.93,9677
0.68,Premium,G,SI1,62.4,60.0,1.76,1.77,1.05,2951
0.8,Ideal,F,SI1,62.3,56.0,2.02,2.02,1.2,3891
0.71,Good,D,SI1,62.6,59.0,1.84,1.8,1.11,2797
1.11,Ideal,G,VVS1,59.5,55.0,2.8,2.72,1.7,7629
0.53,Premium,D,VS2,60.9,57.0,1.35,1.39,0.82,1575
0.25,Premium,E,VS1,61.2,57.0,0.63,0.65,0.38,300
0.94,Ideal,G,VS2,60.5,56.0,2.39,2.41,1.45,5220
1.21,Ideal,F,SI2,62.3,57.0,3.06,3.03,1.81,8190
0.93,Fair,H,SI2,63.4,56.0,2.4,2.39,1.44,4307
0.54,Very Good,D,VS2,63.6,55.0,1.37,1.41,0.83,1944
0.42,Ideal,E,VS1,61.2,59.0,1.08,1.13,0.64,561
0.95,Ideal,J,SI1,62.1,57.0,2.39,2.33,1.49,4451
0.8,Ideal,H,VS1,62.3,58.0,2.06,2.03,1.23,3910
0.7,Ideal,F,VVS2,62.6,58.0,1.79,1.72,1.11,3405
1.84,Ideal,J,SI1,60.5,58.0,4.76,4.77,2.9,15609
0.46,Ideal,J,VS1,64.2,58.0,1.17,1.21,0.71,300
1.8,Very Good,G,SI1,63.0,57.0,4.55,4.54,2.8,13817
0.75,Good,G,VS1,63.0,61.0,1.9,1.87,1.12,3418
0.3,Ideal,G,VS1,63.4,59.0,0.77,0.75,0.46,300
0.68,Ideal,H,IF,62.4,58.0,1.74,1.86,1.05,2565
1.2,Fair,I,SI1,60.3,57.0,3.09,3.15,1.87,7327
0.62,Premium,E,SI1,61.5,57.0,1.56,1.6,0.95,1972
0.35,Ideal,G,SI2,59.4,58.0,0.89,0.91,0.55,300
0.68,Premium,H,SI1,62.3,61.0,1.76,1.76,1.04,2349
0.48,Premium,H,VS1,61.5,54.0,1.21,1.16,0.76,623
0.95,Premium,F,VVS1,61.6,59.0,2.39,2.34,1.43,5723
1.09,Very Good,J,SI1,63.4,60.0,2.8,2.77,1.68,5805
0.44,Premium,I,SI2,61.1,54.0,1.12,1.07,0.7,714
0.52,Premium,J,SI1,61.3,57.0,1.33,1.3,0.78,1192
1.08,Good,E,VS2,61.7,55.0,2.76,2.75,1.74,6253
0.48,Ideal,E,SI1,59.1,58.0,1.24,1.24,0.73,624
0.43,Premium,E,SI1,61.3,57.0,1.11,1.08,0.66,300
0.41,Ideal,E,VS1,58.2,57.0,1.05,1.07,0.63,845
0.88,Ideal,E,I1,60.9,57.0,2.23,2.22,1.35,4104
0.86,Very Good,G,VS2,62.9,59.0,2.18,2.19,1.33,4163
0.53,Ideal,F,VVS2,62.3,58.0,1.37,1.33,0.81,984
0.74,Premium,J,SI1,60.9,58.0,1.89,1.92,1.12,3143
1.59,Ideal,F,VS2,61.8,58.0,4.09,4.06,2.42,12548
0.46,Very Good,E,VS1,60.2,59.0,1.17,1.25,0.7,797
0.28,Ideal,G,VS1,61.7,57.0,0.71,0.7,0.45,300
0.93,Premium,G,VS2,65.8,61.0,2.36,2.36,1.43,5200
0.7,Very Good,H,SI1,64.3,55.0,1.77,1.8,1.1,2441
0.52,Good,F,VVS2,61.8,54.0,1.34,1.38,0.8,1463
1.03,Ideal,E,VS1,61.9,54.0,2.64,2.69,1.56,5893
1.13,Ideal,D,SI1,60.3,53.0,2.84,2.93,1.74,7373
0.25,Very Good,G,SI2,60.6,59.0,0.64,0.67,0.4,300
0.53,Ideal,E,SI2,62.2,59.0,1.37,1.37,0.86,1641
2.36,Premium,F,SI2,61.0,60.0,6.05,6.02,3.7,20000
0.99,Ideal,D,VS2,63.0,55.0,2.52,2.51,1.52,5774
1.04,Very Good,F,SI2,63.9,59.0,2.64,2.71,1.57,5659
1.33,Ideal,G,SI1,62.2,58.0,3.43,3.36,2.12,9738
0.75,Very Good,F,VS1,61.8,58.0,1.91,1.87,1.15,2560
1.1,Premium,E,SI1,59.3,59.0,2.83,2.82,1.77,7135
1.06,Good,D,VS1,62.7,56.0,2.73,2.69,1.68,6424
0.97,Good,J,VS1,60.1,63.0,2.5,2.48,1.56,5355
0.63,Premium,J,SI1,61.1,60.0,1.63,1.72,1.0,1830
0.81,Very Good,D,VS1,63.0,56.0,2.08,2.07,1.29,3965
0.55,Ideal,F,VS1,63.1,55.0,1.38,1.4,0.83,1715
0.75,Fair,F,SI1,61.0,57.0,1.89,1.81,1.15,2746
0.41,Premium,G,SI1,61.1,58.0,1.03,0.97,0.61,300
0.5,Very Good,I,VS2,60.7,60.0,1.26,1.31,0.77,987
0.64,Fair,E,VVS1,60.0,55.0,1.61,1.69,0.98,2159
0.46,Good,E,VS1,60.8,58.0,1.17,1.18,0.73,908
0.58,Premium,H,SI2,59.4,54.0,1.46,1.44,0.9,1583
0.68,Premium,H,VS1,62.7,58.0,1.73,1.75,1.06,2354
0.91,Premium,D,SI1,62.3,57.0,2.35,2.22,1.39,4470
1.19,Premium,J,VS2,62.5,62.0,3.06,3.07,1.92,7332
0.59,Premium,D,VS1,60.4,54.0,1.52,1.47,0.9,2117
1.44,Fair,H,VS2,60.0,61.0,3.64,3.68,2.26,10313
1.18,Premium,F,VVS2,61.8,54.0,3.01,2.9,1.83,8332
0.95,Ideal,D,VS1,61.8,55.0,2.41,2.38,1.5,5444
0.8,Premium,E,VS2,61.5,54.0,2.04,2.04,1.24,3521
0.87,Ideal,G,SI2,61.3,58.0,2.22,2.18,1.37,4579
1.34,Very Good,E,VVS2,64.1,55.0,3.37,3.35,2.04,9118
1.37,Ideal,G,VVS1,62.3,55.0,3.46,3.51,2.14,9756
1.44,Ideal,H,SI2,64.5,58.0,3.69,3.69,2.21,9883
0.76,Premium,D,VS2,63.5,58.0,1.95,1.9,1.21,2437
0.98,Ideal,E,SI1,64.1,58.0,2.5,2.55,1.49,5739
1.45,Good,F,VS1,60.2,57.0,3.67,3.68,2.27,11001
0.54,Fair,G,VS1,62.5,62.0,1.37,1.38,0.82,1567
0.63,Ideal,J,SI2,61.1,58.0,1.59,1.55,0.96,2535
0.75,Ideal,J,VVS1,59.4,59.0,1.94,1.81,1.21,4192
1.16,Good,F,SI2,63.8,58.0,2.99,2.94,1.86,6895
1.17,Very Good,E,VVS2,61.3,55.0,2.94,2.89,1.82,8151
0.66,Fair,F,VS2,60.2,59.0,1.67,1.64,1.05,2326
0.35,Very Good,D,SI1,61.1,56.0,0.89,0.85,0.53,300
0.84,Ideal,J,SI2,60.6,57.0,2.12,2.13,1.27,3624
0.47,Premium,G,SI2,60.7,58.0,1.21,1.25,0.73,442
0.35,Very Good,H,VS1,61.4,53.0,0.9,0.95,0.54,300
0.39,Premium,G,VS2,64.1,54.0,0.99,1.03,0.6,352
0.87,Fair,J,SI2,60.8,60.0,2.18,2.14,1.35,4169
1.46,Very Good,D,SI2,64.0,56.0,3.76,3.76,2.26,10175
0.76,Ideal,H,SI2,62.9,56.0,1.93,2.01,1.16,2730
0.82,Ideal,D,VS1,62.3,58.0,2.1,2.02,1.29,4516
1.34,Ideal,G,VS1,62.7,57.0,3.39,3.46,2.03,9817
0.34,Fair,D,SI2,61.7,58.0,0.86,0.81,0.52,300
0.96,Ideal,F,VS2,63.5,57.0,2.46,2.47,1.46,5304
0.74,Ideal,D,SI2,62.5,58.0,1.88,1.9,1.18,3368
0.98,Ideal,J,VVS1,59.4,56.0,2.48,2.49,1.49,6176
0.58,Premium,E,VVS1,62.1,58.0,1.46,1.57,0.91,1659
0.49,Premium,D,VS1,62.8,60.0,1.25,1.23,0.76,1257
0.79,Very Good,I,VVS1,61.3,56.0,2.03,1.95,1.22,4112
1.69,Good,I,VVS2,61.9,60.0,4.28,4.3,2.56,13532
1.14,Very Good,G,VVS2,60.8,57.0,2.93,2.92,1.81,7363
0.57,Very Good,D,VS2,59.8,59.0,1.44,1.47,0.91,2739
0.38,Premium,F,SI1,59.5,58.0,0.96,1.0,0.57,647
0.32,Ideal,F,SI1,59.5,57.0,0.82,0.82,0.49,300
1.43,Premium,I,SI1,62.6,58.0,3.66,3.68,2.22,10041
0.46,Good,J,VS1,58.2,60.0,1.16,1.17,0.7,847
0.63,Ideal,E,SI2,60.8,58.0,1.59,1.68,0.99,2170
1.43,Ideal,J,SI1,60.6,59.0,3.59,3.57,2.19,10692
0.33,Ideal,F,VS2,61.3,57.0,0.85,0.82,0.5,300
1.56,Ideal,D,SI1,59.1,61.0,3.92,3.96,2.46,12119
0.65,Premium,H,VS2,62.3,59.0,1.64,1.59,0.99,2521
0.42,Ideal,E,VVS1,59.9,58.0,1.06,1.08,0.65,1233
0.65,Good,J,VS1,63.3,57.0,1.65,1.64,1.02,1503
0.52,Premium,F,VS1,60.8,60.0,1.34,1.33,0.79,1076
0.92,Very Good,I,VS2,61.6,56.0,2.33,2.45,1.38,4144
0.54,Very Good,E,VS2,61.7,54.0,1.38,1.44,0.82,991
0.28,Very Good,H,SI2,62.0,58.0,0.7,0.75,0.44,300
0.66,Ideal,G,VVS1,61.8,60.0,1.68,1.71,1.04,3079
0.38,Ideal,F,SI1,61.1,61.0,0.96,0.93,0.57,300
0.82,Premium,I,SI2,62.2,57.0,2.07,2.08,1.27,3539
0.41,Very Good,E,VS1,62.4,58.0,1.04,1.07,0.64,300
0.58,Ideal,H,SI2,60.6,59.0,1.49,1.5,0.88,1995
0.81,Ideal,E,SI1,62.3,57.0,2.08,2.08,1.26,3555
0.67,Premium,I,SI2,63.4,59.0,1.7,1.68,1.05,1459
0.84,Ideal,E,SI2,62.7,57.0,2.12,2.13,1.27,4332
1.04,Very Good,I,SI2,63.0,60.0,2.63,2.6,1.64,5603
0.42,Very Good,G,SI2,61.9,59.0,1.07,1.11,0.66,300
0.72,Ideal,H,VS1,60.4,59.0,1.86,1.76,1.1,3421
0.2,Very Good,E,VVS2,60.6,57.0,0.52,0.59,0.32,300
0.84,Premium,H,SI1,62.1,62.0,2.15,2.08,1.27,3763
0.64,Ideal,D,VVS1,63.0,59.0,1.62,1.57,1.01,1967
0.45,Ideal,D,SI1,65.6,58.0,1.15,1.17,0.69,573
0.87,Good,I,SI1,63.1,56.0,2.21,2.24,1.37,4520
1.33,Very Good,F,SI2,60.1,57.0,3.4,3.5,2.11,8891
0.58,Fair,J,VS1,60.6,58.0,1.47,1.48,0.88,1170
0.46,Ideal,G,SI1,64.9,56.0,1.16,1.16,0.7,1011
0.8,Premium,E,VS2,61.4,57.0,2.01,2.02,1.23,4117
0.38,Good,F,VS1,61.8,57.0,0.97,1.05,0.59,730
0.53,Ideal,F,VS2,60.4,58.0,1.36,1.48,0.82,1507
1.37,Premium,H,VS1,63.9,54.0,3.52,3.51,2.22,9652
0.76,Very Good,G,VVS1,62.4,57.0,1.96,1.99,1.21,4096
0.29,Premium,I,SI1,60.6,57.0,0.75,0.75,0.45,300
0.3,Ideal,E,SI1,60.3,57.0,0.76,0.76,0.47,300
0.8,Good,G,VS1,62.1,60.0,2.04,2.13,1.24,2905
1.14,Very Good,E,VS2,61.8,62.0,2.91,2.86,1.82,7949
0.33,Ideal,H,SI2,62.9,59.0,0.85,0.73,0.51,300
0.93,Premium,H,SI1,62.5,55.0,2.35,2.37,1.4,4759
1.44,Premium,G,VS2,61.3,57.0,3.62,3.68,2.14,10812
1.9,Premium,J,SI1,60.9,59.0,4.82,4.83,3.03,15283
0.87,Fair,G,SI2,61.5,59.0,2.25,2.28,1.36,3846
0.95,Very Good,E,VVS1,60.9,60.0,2.45,2.49,1.47,5911
0.25,Premium,D,VS1,61.5,57.0,0.64,0.65,0.39,300
2.12,Very Good,G,VS2,61.7,57.0,5.47,5.5,3.29,18760
0.56,Fair,G,VS1,60.4,61.0,1.41,1.44,0.85,1601
0.46,Ideal,J,VVS1,62.6,58.0,1.17,1.07,0.72,1022
0.65,Ideal,D,SI2,61.2,55.0,1.67,1.68,0.99,1894
1.58,Ideal,J,SI1,60.5,61.0,3.99,3.91,2.44,12452
2.23,Ideal,D,VS2,61.2,54.0,5.63,5.63,3.41,20000
0.79,Very Good,G,VVS2,62.0,50.0,2.04,2.02,1.25,3671
1.22,Ideal,G,SI2,61.8,59.0,3.12,3.17,1.88,7741
0.76,Very Good,D,IF,62.3,60.0,1.97,1.98,1.21,3845
0.44,Ideal,J,VS2,63.0,58.0,1.11,1.13,0.66,354
1.55,Ideal,F,SI1,63.5,55.0,3.93,3.92,2.38,11885
0.54,Ideal,F,SI1,62.1,57.0,1.37,1.42,0.82,1642
1.6,Ideal,H,SI2,60.2,57.0,4.13,4.05,2.51,12333
1.42,Premium,G,VVS2,61.3,56.0,3.59,3.55,2.18,10262
1.01,Very Good,F,IF,60.3,61.0,2.56,2.62,1.58,6556
1.85,Premium,E,SI1,64.1,55.0,4.66,4.64,2.87,15226
2.26,Premium,J,IF,64.5,58.0,5.81,5.7,3.52,20000
0.68,Good,D,VVS2,62.6,60.0,1.72,1.79,1.03,3055
0.49,Ideal,I,VS2,62.9,58.0,1.23,1.28,0.75,338
0.29,Ideal,H,VS1,62.1,60.0,0.74,0.78,0.47,300
2.28,Very Good,H,VS2,62.2,59.0,5.79,5.79,3.46,20000
0.59,Ideal,J,VS2,59.5,58.0,1.49,1.57,0.88,1758
1.31,Ideal,I,SI2,61.6,58.0,3.3,3.36,1.98,8942
0.51,Ideal,D,VS1,60.5,59.0,1.32,1.4,0.8,1211
1.6,Ideal,H,SI2,62.1,57.0,4.02,4.05,2.42,12528
0.52,Premium,I,VVS2,61.6,55.0,1.31,1.32,0.82,1323
0.41,Ideal,I,VVS2,64.4,60.0,1.04,1.02,0.63,300
0.67,Ideal,E,SI1,63.0,60.0,1.73,1.67,1.04,2704
0.57,Very Good,D,SI1,62.1,58.0,1.43,1.46,0.9,971
1.0,Premium,H,VS2,61.3,56.0,2.57,2.6,1.53,5825
0.72,Ideal,J,VS2,64.0,54.0,1.86,1.84,1.11,3238
1.01,Very Good,H,SI1,61.7,58.0,2.57,2.6,1.54,5737
0.64,Ideal,J,VS2,62.2,55.0,1.62,1.6,0.96,2138
0.53,Ideal,I,SI1,61.8,54.0,1.36,1.4,0.84,900
0.55,Very Good,G,SI2,61.1,57.0,1.41,1.37,0.85,1516
2.06,Premium,H,I1,61.8,56.0,5.3,5.25,3.28,17931
0.83,Ideal,G,SI2,59.0,58.0,2.14,2.13,1.33,3919
0.27,Premium,H,VVS2,59.5,57.0,0.68,0.72,0.41,300
0.57,Fair,D,IF,62.2,56.0,1.46,1.4,0.89,2007
0.78,Fair,D,SI1,63.9,54.0,1.97,2.02,1.2,3369
1.86,Very Good,F,VS2,62.2,56.0,4.74,4.66,2.96,15079
1.24,Ideal,G,SI2,60.7,56.0,3.17,3.16,1.87,8562
0.47,Very Good,G,VS2,59.7,55.0,1.19,1.12,0.72,863
2.48,Ideal,G,SI2,62.8,57.0,6.24,6.11,3.9,20000
0.73,Very Good,E,VS2,60.9,55.0,1.84,1.86,1.1,2738
1.38,Very Good,G,VVS1,62.6,57.0,3.51,3.5,2.09,9639
0.42,Ideal,D,SI1,62.2,58.0,1.08,1.01,0.66,1108
0.22,Ideal,D,VS1,62.4,56.0,0.56,0.53,0.34,300
0.37,Good,G,SI2,61.7,58.0,0.95,0.97,0.58,300
0.2,Premium,F,SI1,62.2,55.0,0.5,0.48,0.31,300
2.13,Fair,I,SI2,61.5,55.0,5.36,5.35,3.27,18040
0.82,Premium,H,SI1,60.8,57.0,2.07,2.05,1.26,3238
0.47,Ideal,G,SI2,60.4,59.0,1.19,1.16,0.72,300
0.93,Good,H,SI1,58.4,59.0,2.37,2.34,1.47,4914
0.81,Very Good,D,SI1,61.4,61.0,2.09,2.06,1.29,4491
1.01,Premium,I,SI1,63.8,57.0,2.57,2.53,1.54,6054
1.36,Ideal,G,VS1,62.7,57.0,3.47,3.42,2.09,10163
0.64,Ideal,F,VVS1,62.0,55.0,1.61,1.59,1.0,2944
0.48,Fair,E,SI1,60.7,55.0,1.21,1.18,0.73,666
1.12,Ideal,G,SI1,63.1,58.0,2.82,2.77,1.71,7319
1.11,Premium,D,SI1,61.5,56.0,2.85,2.89,1.72,6247
0.78,Premium,F,VVS2,63.9,60.0,1.99,2.05,1.19,4145
2.2,Ideal,G,VS2,60.3,54.0,5.56,5.56,3.36,19420
0.6,Ideal,J,VS2,60.7,59.0,1.53,1.53,0.95,1537
0.47,Ideal,G,SI2,60.5,55.0,1.2,1.17,0.73,809
0.91,Premium,E,VS2,59.6,56.0,2.29,2.34,1.39,5376
0.53,Very Good,F,SI1,60.4,59.0,1.36,1.45,0.81,987
0.95,Ideal,D,IF,61.8,56.0,2.44,2.43,1.46,6149
0.49,Very Good,G,VVS1,60.7,56.0,1.24,1.21,0.73,1342
0.61,Premium,I,SI2,56.3,56.0,1.56,1.58,0.92,1760
1.91,Very Good,J,VS2,63.2,61.0,4.82,4.83,2.94,15829
0.6,Ideal,H,SI1,59.3,56.0,1.54,1.51,0.93,2605
0.5,Very Good,E,SI1,62.5,58.0,1.29,1.31,0.78,766
1.33,Very Good,E,VVS1,61.7,57.0,3.38,3.43,2.13,9535
0.44,Ideal,H,VS2,64.7,58.0,1.11,1.07,0.67,361
0.52,Good,G,SI1,63.1,56.0,1.32,1.45,0.82,711
0.99,Premium,G,SI1,61.0,57.0,2.5,2.42,1.5,5854
1.18,Very Good,G,VVS2,60.7,58.0,2.96,2.92,1.78,8354
1.36,Fair,H,VS1,63.8,56.0,3.48,3.49,2.13,9181
0.51,Fair,I,VS2,59.6,60.0,1.28,1.39,0.76,550
1.0,Very Good,I,SI1,62.0,60.0,2.53,2.5,1.49,6181
0.59,Ideal,J,SI1,61.5,59.0,1.51,1.46,0.9,1656
0.55,Very Good,I,IF,61.2,58.0,1.41,1.44,0.84,1096
1.35,Ideal,J,VS2,62.2,51.0,3.4,3.39,2.08,9878
0.56,Premium,F,SI1,62.0,58.0,1.43,1.46,0.88,1848
0.85,Premium,H,VS2,62.3,57.0,2.2,2.2,1.33,4722
0.8,Premium,D,VVS2,61.9,57.0,2.01,1.97,1.21,4654
0.43,Premium,I,SI1,62.3,53.0,1.09,1.21,0.68,916
1.2,Ideal,G,SI2,61.8,59.0,3.08,2.93,1.84,7375
0.98,Very Good,G,VS2,60.8,54.0,2.51,2.6,1.55,5178
0.27,Very Good,J,VS1,61.7,58.0,0.68,0.73,0.43,300
0.85,Ideal,D,VS1,60.7,59.0,2.14,2.1,1.28,4529
0.5,Ideal,J,VVS1,60.6,56.0,1.29,1.38,0.77,1263
1.28,Ideal,D,SI1,61.2,60.0,3.31,3.24,2.08,8768
0.36,Premium,D,SI2,61.5,56.0,0.93,0.98,0.56,300
0.62,Ideal,F,IF,61.7,59.0,1.6,1.5,0.96,2366
0.89,Premium,F,VS2,63.0,55.0,2.28,2.22,1.39,4499
0.76,Premium,F,VS1,61.0,60.0,1.96,1.9,1.17,4041
1.08,Very Good,G,VS1,62.0,59.0,2.77,2.73,1.74,6432
0.35,Premium,F,VS2,61.9,59.0,0.9,0.9,0.53,300
1.69,Very Good,J,SI1,60.8,57.0,4.26,4.22,2.59,12576
0.96,Very Good,J,VS1,61.8,54.0,2.47,2.37,1.51,4014
1.46,Ideal,G,VVS2,63.1,57.0,3.69,3.71,2.25,10884
1.15,Very Good,F,VS2,62.0,60.0,2.89,2.89,1.77,7123
0.74,Good,D,VS2,62.0,58.0,1.89,1.91,1.19,2900
0.39,Good,I,SI2,60.7,54.0,0.99,1.0,0.62,300
0.56,Ideal,E,SI2,64.5,55.0,1.41,1.46,0.85,1051
1.64,Premium,H,SI1,60.8,60.0,4.24,4.24,2.6,12363
1.48,Premium,G,SI1,59.4,59.0,3.79,3.84,2.24,10658
0.54,Ideal,H,IF,62.9,55.0,1.39,1.35,0.84,1201
0.2,Ideal,G,VVS2,61.5,54.0,0.52,0.48,0.31,300
0.67,Very Good,I,VS1,61.3,56.0,1.7,1.77,1.05,1656
0.64,Ideal,G,VS2,60.9,53.0,1.62,1.69,0.97,3139
0.65,Ideal,E,SI2,64.3,57.0,1.64,1.67,1.02,2159
0.96,Ideal,G,IF,62.2,63.0,2.45,2.41,1.48,6497
1.15,Very Good,G,SI1,62.5,54.0,2.94,2.89,1.84,6959
1.22,Ideal,D,SI2,61.9,57.0,3.11,3.18,1.89,8036
0.93,Premium,E,VS2,62.1,60.0,2.36,2.42,1.47,5314
0.3,Very Good,G,VVS1,63.7,59.0,0.76,0.76,0.47,300
0.62,Premium,H,VVS1,61.3,57.0,1.58,1.7,0.99,1905
2.34,Fair,D,I1,59.7,57.0,5.89,5.91,3.65,20000
0.89,Good,F,VVS1,62.9,55.0,2.29,2.23,1.42,4884
0.89,Ideal,H,SI1,62.4,57.0,2.24,2.23,1.35,3845
0.89,Fair,H,SI2,61.9,58.0,2.26,2.26,1.38,4591
0.91,Premium,E,VVS2,62.4,60.0,2.29,2.29,1.38,5583
0.23,Premium,J,VVS1,61.2,56.0,0.59,0.65,0.35,300
0.66,Good,D,VS2,61.7,57.0,1.67,1.62,1.03,2138
0.73,Ideal,I,VS2,61.5,55.0,1.84,1.77,1.1,3055
1.41,Very Good,E,VVS2,60.9,58.0,3.6,3.63,2.18,10753
0.76,Very Good,G,VVS2,63.4,59.0,1.96,1.93,1.18,4005
0.33,Very Good,G,VVS1,59.7,59.0,0.85,0.97,0.51,300
0.92,Very Good,D,VS2,65.0,55.0,2.33,2.38,1.38,5660
0.5,Fair,G,IF,62.9,58.0,1.28,1.25,0.77,1097
0.4,Ideal,F,IF,59.2,56.0,1.0,1.06,0.59,673
0.49,Ideal,J,SI2,61.4,60.0,1.24,1.28,0.76,816
0.97,Very Good,J,VVS2,61.5,57.0,2.47,2.5,1.46,5528
1.39,Ideal,H,VS2,62.2,54.0,3.51,3.5,2.2,9939
0.94,Ideal,E,SI1,60.3,57.0,2.42,2.44,1.52,6005
1.02,Ideal,I,VS2,61.7,59.0,2.63,2.52,1.58,6046
0.94,Premium,I,SI2,61.5,58.0,2.36,2.43,1.42,4492
0.78,Very Good,G,VS2,60.7,56.0,1.97,1.8,1.17,3225
1.05,Very Good,F,VVS1,60.5,56.0,2.67,2.65,1.67,7133
0.22,Ideal,E,SI1,63.0,55.0,0.56,0.48,0.34,300
0.78,Ideal,I,SI1,59.3,57.0,2.01,1.98,1.23,2994
0.44,Very Good,J,VVS1,62.4,56.0,1.14,1.14,0.71,300
1.33,Premium,D,SI1,62.8,60.0,3.41,3.35,2.14,9335
0.69,Ideal,H,SI1,61.4,56.0,1.75,1.61,1.09,2829
0.75,Ideal,D,VS2,61.8,58.0,1.93,1.94,1.2,3317
0.35,Ideal,D,VS2,63.3,58.0,0.88,0.98,0.55,300
1.23,Ideal,E,VS1,60.7,60.0,3.18,3.16,1.99,8190
1.01,Premium,I,VVS2,60.9,60.0,2.54,2.59,1.54,6633
0.98,Premium,E,VS2,61.0,59.0,2.5,2.58,1.57,5920
0.49,Ideal,E,VVS2,63.3,58.0,1.23,1.13,0.76,1575
0.5,Good,F,VS2,63.5,55.0,1.27,1.25,0.77,1132
0.83,Premium,G,SI1,59.7,55.0,2.12,2.06,1.29,3786
0.52,Ideal,H,VS1,63.1,56.0,1.33,1.29,0.82,1044
0.92,Very Good,I,VS1,62.8,59.0,2.37,2.46,1.43,4782
0.25,Ideal,G,VS2,63.9,58.0,0.64,0.65,0.4,300
0.58,Premium,F,SI2,62.2,59.0,1.47,1.51,0.88,1919
1.82,Ideal,G,SI2,61.6,60.0,4.7,4.7,2.94,15505
0.92,Fair,G,SI1,63.3,56.0,2.37,2.31,1.43,4781
0.81,Very Good,G,SI1,62.7,58.0,2.04,2.07,1.22,3927
2.0,Premium,F,VS1,64.8,57.0,5.15,5.21,3.22,17844
0.23,Very Good,D,I1,63.0,57.0,0.59,0.61,0.35,300
0.49,Ideal,I,VS1,61.9,56.0,1.25,1.27,0.78,1321
0.61,Ideal,G,SI1,60.1,60.0,1.54,1.48,0.93,2271
1.14,Good,I,SI1,60.9,58.0,2.92,2.96,1.83,7091
1.15,Premium,F,VS2,59.7,58.0,2.92,2.99,1.75,7416
0.48,Premium,E,SI1,61.4,56.0,1.23,1.25,0.73,300
1.22,Premium,D,VVS1,63.0,59.0,3.11,3.02,1.95,8662
0.61,Ideal,H,SI2,61.7,55.0,1.58,1.66,0.94,1841
1.36,Ideal,D,VS2,63.1,59.0,3.48,3.43,2.18,9611
0.44,Ideal,J,VVS2,62.2,59.0,1.11,1.13,0.69,520
0.7,Ideal,F,VS2,61.1,57.0,1.8,1.85,1.07,2664
0.58,Premium,J,SI1,61.8,58.0,1.47,1.52,0.89,1101
1.26,Ideal,D,SI1,62.4,58.0,3.19,3.1,1.89,8454
0.57,Ideal,F,VS1,61.9,57.0,1.45,1.46,0.87,1365
0.73,Ideal,E,IF,61.9,58.0,1.83,1.83,1.11,3534
0.95,Ideal,D,VVS1,60.6,58.0,2.46,2.53,1.51,6162
0.97,Very Good,I,SI1,61.1,58.0,2.48,2.5,1.56,5699
1.15,Ideal,J,IF,64.9,58.0,2.96,3.03,1.77,8238
0.82,Very Good,D,I1,63.4,55.0,2.07,2.1,1.25,3462
0.6,Very Good,H,SI2,59.6,57.0,1.54,1.54,0.94,2032
0.62,Very Good,I,VVS2,58.4,58.0,1.58,1.59,0.94,2374
0.75,Ideal,G,SI1,61.8,58.0,1.91,1.99,1.18,3181
0.84,Ideal,F,SI2,63.0,60.0,2.17,2.11,1.32,4209
0.69,Ideal,J,SI1,61.0,59.0,1.76,1.81,1.11,2959
0.75,Ideal,H,SI1,63.1,56.0,1.92,1.89,1.18,2925
0.35,Premium,J,VS1,61.8,57.0,0.88,0.84,0.53,300
1.03,Ideal,G,VS1,61.5,57.0,2.61,2.66,1.62,6118
0.81,Premium,D,SI1,62.8,57.0,2.09,2.05,1.3,3655
1.22,Premium,D,VS2,61.0,57.0,3.14,3.16,1.95,8691
0.74,Very Good,F,VVS1,61.3,59.0,1.89,1.87,1.13,3286
0.31,Ideal,I,VVS2,62.6,58.0,0.8,0.68,0.49,300
0.62,Ideal,D,SI1,61.7,60.0,1.58,1.6,0.96,2371
0.67,Premium,G,IF,64.4,58.0,1.71,1.72,1.04,2925
1.07,Fair,I,VS1,62.7,56.0,2.72,2.62,1.64,6011
0.26,Ideal,D,SI2,62.6,56.0,0.67,0.64,0.42,300
0.76,Fair,E,SI2,61.6,59.0,1.93,1.84,1.14,2860
0.96,Ideal,E,SI2,62.9,54.0,2.44,2.48,1.47,5149
0.53,Ideal,E,VS1,61.2,55.0,1.37,1.44,0.82,846
0.77,Premium,H,SI2,62.1,58.0,1.94,1.98,1.15,3085
0.54,Very Good,H,VS2,60.4,60.0,1.36,1.41,0.82,838
0.51,Ideal,E,SI2,63.2,60.0,1.28,1.25,0.79,689
0.6,Ideal,H,VVS1,62.1,57.0,1.52,1.55,0.96,1512
0.52,Premium,G,SI1,64.5,60.0,1.32,1.32,0.81,633
1.04,Ideal,E,VVS1,65.0,58.0,2.62,2.63,1.58,6523
0.51,Good,E,IF,62.8,54.0,1.3,1.35,0.81,1244
0.47,Premium,G,I1,61.8,57.0,1.2,1.26,0.71,300
1.79,Ideal,E,VS2,60.4,56.0,4.6,4.58,2.73,14693
1.2,Ideal,D,SI2,63.0,60.0,3.1,3.03,1.87,7701
0.29,Very Good,F,VVS1,62.0,57.0,0.74,0.73,0.45,300
0.51,Ideal,H,VS2,62.5,55.0,1.28,1.27,0.8,946
0.84,Premium,H,SI2,64.1,54.0,2.11,2.12,1.32,3789
0.87,Premium,H,SI2,60.5,57.0,2.24,2.28,1.37,4158
0.35,Good,I,SI1,60.4,52.0,0.9,0.8,0.55,300
1.32,Ideal,H,IF,61.4,56.0,3.33,3.3,1.99,9869
1.12,Very Good,H,VS1,62.8,58.0,2.83,2.78,1.72,7142
0.94,Very Good,G,VVS1,62.5,55.0,2.41,2.47,1.51,5305
1.46,Very Good,D,SI1,60.4,60.0,3.73,3.72,2.26,11234
0.93,Ideal,I,SI2,62.8,60.0,2.38,2.35,1.42,4820
0.93,Ideal,E,IF,60.0,55.0,2.35,2.38,1.42,5675
1.61,Ideal,E,I1,60.5,57.0,4.12,4.09,2.52,12329
1.28,Very Good,I,IF,61.5,60.0,3.29,3.29,2.02,9072
0.49,Ideal,D,SI1,60.9,57.0,1.26,1.35,0.77,734
1.02,Premium,F,I1,62.9,54.0,2.62,2.71,1.63,4913
0.53,Ideal,G,VS1,62.1,57.0,1.35,1.33,0.83,1494
0.95,Ideal,E,IF,64.2,56.0,2.43,2.42,1.5,6034
0.94,Fair,H,IF,61.4,60.0,2.4,2.37,1.5,5011
0.37,Ideal,E,SI2,61.5,59.0,0.94,0.84,0.59,300
0.7,Good,J,SI2,63.4,57.0,1.81,1.86,1.08,1581
0.85,Premium,D,VS2,61.6,58.0,2.17,2.29,1.33,4261
0.6,Very Good,G,VS1,63.8,55.0,1.53,1.51,0.95,2349
0.87,Very Good,F,VS1,62.5,56.0,2.25,2.21,1.34,4603
1.11,Very Good,H,SI2,58.4,61.0,2.87,2.86,1.79,6670
0.73,Ideal,E,IF,63.3,58.0,1.87,1.87,1.12,3756
0.83,Very Good,E,VS1,63.0,60.0,2.09,2.03,1.3,4619
1.48,Ideal,G,VVS2,63.0,58.0,3.76,3.74,2.24,10676
0.94,Premium,F,VS2,59.0,60.0,2.43,2.48,1.51,5863
0.82,Good,G,SI1,60.8,53.0,2.08,2.09,1.24,3481
0.46,Ideal,D,IF,60.9,57.0,1.19,1.25,0.72,1584
1.04,Very Good,G,VS2,60.5,61.0,2.62,2.64,1.56,6009
0.87,Premium,D,VVS1,64.1,60.0,2.22,2.17,1.33,5488
1.41,Ideal,E,IF,61.7,60.0,3.6,3.57,2.27,10827
0.76,Very Good,G,VS1,61.6,57.0,1.92,1.93,1.14,2946
0.3,Good,H,VS2,62.5,56.0,0.78,0.72,0.47,300
0.32,Premium,G,I1,62.5,55.0,0.82,0.76,0.51,300
1.07,Ideal,E,SI2,57.0,55.0,2.71,2.65,1.61,7065
0.56,Ideal,H,SI1,60.8,59.0,1.42,1.45,0.84,1527
0.92,Ideal,F,SI2,59.7,59.0,2.36,2.34,1.41,5290
0.78,Ideal,E,SI1,62.3,57.0,1.98,2.04,1.22,3481
0.68,Very Good,G,SI1,61.3,59.0,1.75,1.71,1.1,2690
0.71,Premium,F,SI1,61.7,58.0,1.79,1.67,1.12,2994
0.48,Ideal,H,SI1,58.8,60.0,1.21,1.2,0.76,300
0.73,Good,I,SI2,61.3,60.0,1.84,1.92,1.13,2318
0.55,Very Good,E,SI2,63.3,55.0,1.39,1.39,0.87,1180
0.62,Very Good,I,VS1,63.7,58.0,1.57,1.5,0.95,1940
0.63,Premium,H,VS2,62.7,54.0,1.63,1.55,0.99,1965
0.66,Ideal,D,VS2,59.8,58.0,1.66,1.72,1.01,2832
1.17,Good,G,VS1,63.5,59.0,2.96,2.92,1.75,7846
0.69,Premium,D,VVS2,62.7,55.0,1.75,1.83,1.09,3142
1.24,Very Good,D,SI1,61.5,57.0,3.17,3.2,1.87,7455
1.6,Ideal,H,VS1,58.9,58.0,4.11,4.07,2.54,13278
1.14,Good,J,IF,63.0,58.0,2.93,2.99,1.78,6594
0.97,Premium,E,VVS2,60.9,57.0,2.44,2.39,1.44,6165
0.87,Ideal,G,SI1,62.2,55.0,2.23,2.16,1.34,3806
1.14,Ideal,I,VS1,61.8,57.0,2.92,2.88,1.76,7769
0.77,Premium,E,SI2,63.9,54.0,1.96,2.0,1.23,3105
1.21,Very Good,J,VS2,61.5,57.0,3.07,3.13,1.89,7834
1.01,Premium,D,IF,61.7,57.0,2.6,2.58,1.59,5781
0.62,Very Good,I,VS2,63.9,57.0,1.57,1.48,0.93,1997
1.16,Very Good,I,VVS1,60.8,56.0,2.93,2.85,1.77,7718
0.78,Premium,I,SI1,62.8,54.0,1.98,1.93,1.17,3440
0.7,Very Good,D,IF,61.4,57.0,1.78,1.72,1.1,3690
0.58,Very Good,E,VS2,60.3,60.0,1.47,1.48,0.88,1915
0.8,Ideal,E,SI2,61.7,60.0,2.05,2.15,1.26,3729
1.22,Ideal,G,VS2,62.7,63.0,3.15,3.19,1.95,7923
1.16,Premium,G,SI1,63.6,61.0,2.97,2.91,1.8,7137
0.88,Good,H,SI2,63.8,55.0,2.24,2.21,1.38,4385
1.0,Good,G,VVS2,61.3,57.0,2.57,2.55,1.59,5541
1.4,Ideal,F,SI1,60.3,57.0,3.6,3.62,2.15,9481
0.69,Very Good,F,VVS2,61.3,57.0,1.75,1.83,1.07,2582
0.42,Good,H,SI1,60.0,58.0,1.07,1.05,0.66,300
1.42,Premium,D,SI1,61.4,63.0,3.65,3.73,2.21,10349
0.57,Ideal,I,IF,61.2,55.0,1.44,1.55,0.86,2187
0.52,Ideal,D,SI1,62.7,56.0,1.32,1.3,0.79,515
0.3,Very Good,J,VS2,58.6,61.0,0.76,0.74,0.48,300
0.99,Fair,G,VS2,60.7,56.0,2.56,2.54,1.55,5535
0.33,Ideal,G,VS2,60.7,58.0,0.83,0.83,0.49,300
0.51,Very Good,G,VVS1,63.4,60.0,1.29,1.27,0.77,671
0.99,Ideal,F,VS1,60.1,59.0,2.52,2.56,1.5,6207
1.06,Ideal,G,SI1,62.0,58.0,2.73,2.65,1.62,6762
0.53,Premium,G,VVS1,61.5,60.0,1.35,1.32,0.82,1624
0.69,Very Good,E,SI2,63.2,56.0,1.77,1.79,1.07,2748
0.48,Very Good,E,VS2,62.5,56.0,1.23,1.27,0.77,822
0.56,Premium,D,IF,61.9,59.0,1.43,1.54,0.89,2057
0.85,Ideal,H,VS1,60.9,53.0,2.19,2.13,1.33,4629
0.58,Ideal,F,VVS2,59.1,61.0,1.46,1.43,0.91,2922
0.66,Good,F,VS1,62.0,58.0,1.7,1.59,1.03,2245
0.36,Very Good,G,VVS2,62.4,58.0,0.93,0.87,0.57,300
1.31,Ideal,G,IF,59.5,54.0,3.38,3.29,2.02,9255
0.96,Ideal,H,SI1,60.0,55.0,2.47,2.44,1.46,5358
1.1,Ideal,I,SI2,62.1,57.0,2.84,2.83,1.69,6452
1.41,Very Good,H,VS2,62.2,59.0,3.56,3.58,2.14,10419
0.49,Premium,I,VS1,60.3,53.0,1.24,1.23,0.77,1342
0.62,Ideal,E,SI1,60.9,59.0,1.57,1.59,0.94,2498
0.29,Ideal,E,I1,59.1,57.0,0.73,0.74,0.43,300
3.56,Premium,D,SI1,63.6,57.0,9.14,9.09,5.73,20000
0.69,Fair,E,IF,59.9,58.0,1.74,1.66,1.07,2804
1.25,Premium,J,VS1,62.5,58.0,3.14,3.17,1.91,8442
0.4,Very Good,D,SI1,61.7,56.0,1.03,1.11,0.61,300
1.22,Premium,D,SI1,63.5,59.0,3.15,3.28,1.97,8776
1.88,Ideal,G,SI1,60.6,52.0,4.83,4.88,2.87,14912
0.72,Premium,F,SI2,61.8,57.0,1.85,1.92,1.14,3044
0.45,Ideal,D,SI2,59.3,58.0,1.15,1.17,0.71,899
0.69,Very Good,F,VVS1,59.0,57.0,1.78,1.8,1.08,2886
0.24,Ideal,D,IF,62.5,53.0,0.61,0.62,0.38,300
0.73,Ideal,J,SI2,59.2,59.0,1.89,1.88,1.12,2814
1.12,Good,I,SI2,61.4,55.0,2.82,2.85,1.76,5896
0.73,Fair,G,SI1,63.1,57.0,1.88,1.85,1.15,3178
0.64,Premium,F,VS2,62.7,58.0,1.64,1.63,1.01,3213
0.96,Good,E,SI1,60.8,58.0,2.45,2.39,1.54,5144
1.0,Ideal,D,SI1,59.5,60.0,2.57,2.59,1.58,5851
0.32,Ideal,G,SI1,62.4,57.0,0.82,0.77,0.51,300
0.77,Premium,J,VVS2,63.6,58.0,1.98,1.98,1.18,3053
2.5,Very Good,E,VS1,60.8,57.0,6.31,6.34,3.93,20000
0.38,Premium,F,VS1,60.6,59.0,0.96,0.99,0.6,580
0.71,Ideal,I,SI1,61.0,61.0,1.78,1.82,1.12,3980
1.96,Fair,G,VVS1,62.5,58.0,4.94,4.93,3.1,16469
1.29,Premium,E,IF,63.4,59.0,3.26,3.28,1.95,9013
0.57,Premium,E,SI2,60.0,61.0,1.46,1.44,0.89,1247
0.82,Ideal,G,SI1,59.6,60.0,2.09,1.99,1.31,4250
0.74,Very Good,H,VS2,65.0,57.0,1.9,1.93,1.17,2999
0.51,Ideal,D,SI2,61.5,60.0,1.3,1.31,0.79,1190
0.71,Good,E,VS2,62.1,58.0,1.81,1.86,1.08,2702
0.64,Very Good,G,VS2,60.7,60.0,1.61,1.61,0.97,2744
0.78,Ideal,H,VS2,62.4,59.0,2.01,1.93,1.24,3861
0.51,Ideal,E,SI1,63.0,58.0,1.31,1.31,0.81,1342
0.39,Fair,H,VS2,62.1,58.0,0.99,1.03,0.6,300
0.73,Very Good,I,IF,64.1,58.0,1.85,1.87,1.1,3162
1.75,Very Good,F,SI1,61.2,58.0,4.42,4.41,2.72,13744
0.77,Very Good,H,VS1,61.3,57.0,1.98,1.9,1.24,3644
0.63,Very Good,F,SI2,62.0,57.0,1.62,1.57,0.99,2038
1.08,Good,I,SI2,62.4,61.0,2.76,2.78,1.73,6322
0.68,Premium,F,VS2,62.0,59.0,1.72,1.64,1.04,2151
1.89,Ideal,H,SI2,59.9,56.0,4.77,4.75,2.98,15772
0.74,Premium,J,SI2,62.1,57.0,1.86,1.86,1.16,2656
1.05,Ideal,I,SI2,61.2,60.0,2.64,2.7,1.66,5785
0.51,Good,D,VS2,60.9,56.0,1.29,1.32,0.8,1340
0.95,Ideal,D,VS1,61.7,54.0,2.39,2.44,1.44,5620
0.85,Ideal,H,SI1,60.4,54.0,2.17,2.19,1.36,4990
0.72,Ideal,E,VS1,60.1,54.0,1.83,1.79,1.13,3492
0.58,Ideal,F,SI2,58.0,55.0,1.48,1.45,0.88,1643
0.54,Ideal,D,VS2,64.1,55.0,1.38,1.33,0.82,1379
0.85,Premium,G,SI1,62.5,61.0,2.18,2.21,1.32,3771
1.01,Very Good,E,VS1,61.5,57.0,2.59,2.56,1.61,6447
0.7,Premium,J,IF,60.8,57.0,1.77,1.75,1.09,3218
0.86,Ideal,G,VVS1,57.7,54.0,2.21,2.21,1.35,5016
0.73,Ideal,D,I1,60.7,57.0,1.88,1.96,1.11,2696
0.78,Premium,F,VVS1,62.7,54.0,1.98,2.01,1.2,4121
0.67,Good,H,SI2,63.0,57.0,1.68,1.64,1.0,1687
0.75,Premium,I,IF,62.6,62.0,1.94,1.95,1.18,3461
2.85,Ideal,E,SI1,61.9,59.0,7.36,7.44,4.63,20000
0.87,Premium,F,SI1,63.5,57.0,2.19,2.22,1.37,4105
1.02,Premium,G,SI2,61.2,59.0,2.56,2.48,1.54,5527
0.92,Very Good,D,SI2,63.2,56.0,2.37,2.32,1.45,4714
0.65,Premium,J,VS1,61.2,56.0,1.65,1.6,1.01,2620
1.41,Ideal,H,IF,60.5,61.0,3.64,3.71,2.17,11051
0.64,Ideal,D,VS2,60.3,55.0,1.62,1.68,1.02,2776
1.26,Ideal,H,VS1,60.2,57.0,3.25,3.22,1.97,8863
0.63,Premium,H,VS1,62.6,58.0,1.58,1.55,0.96,2003
0.46,Ideal,F,SI1,60.7,55.0,1.16,1.16,0.71,1029
0.89,Very Good,E,SI2,60.3,59.0,2.3,2.3,1.37,3969
0.43,Ideal,I,I1,62.7,57.0,1.09,1.04,0.65,300
0.97,Premium,D,SI1,62.2,59.0,2.44,2.43,1.46,5829
0.41,Premium,E,SI1,63.0,59.0,1.06,0.99,0.64,300
0.63,Ideal,I,SI2,62.4,57.0,1.59,1.65,0.95,1597
0.36,Ideal,E,SI2,60.6,61.0,0.91,0.82,0.57,300
3.04,Good,G,SI2,61.8,56.0,7.71,7.62,4.77,20000
0.32,Ideal,G,VVS1,61.9,60.0,0.82,0.84,0.51,300
0.74,Very Good,E,SI2,60.4,60.0,1.9,1.84,1.19,3460
1.31,Premium,D,VS2,60.2,61.0,3.38,3.35,2.09,9523
1.24,Fair,I,VS2,60.7,58.0,3.17,3.17,1.9,8117
1.13,Very Good,G,VS2,64.6,56.0,2.87,2.9,1.76,7122
0.63,Premium,G,SI2,61.1,62.0,1.6,1.59,0.96,2361
1.46,Good,G,SI1,63.4,57.0,3.76,3.85,2.24,10073
1.17,Premium,G,SI2,61.0,56.0,3.0,3.0,1.85,6780
0.82,Ideal,J,SI1,62.9,57.0,2.12,2.18,1.3,3785
0.84,Good,E,SI2,63.0,55.0,2.17,2.18,1.29,4112
0.64,Ideal,G,VS2,63.0,59.0,1.62,1.73,0.98,1740
0.47,Premium,I,VS1,62.2,56.0,1.2,1.25,0.71,655
1.38,Ideal,E,VS2,63.6,57.0,3.53,3.53,2.18,10304
1.43,Very Good,E,VS2,62.2,60.0,3.61,3.64,2.27,10397
0.48,Very Good,G,SI1,64.1,59.0,1.21,1.2,0.75,1037
0.69,Very Good,H,VVS2,59.4,58.0,1.78,1.77,1.11,3390
0.69,Good,F,SI1,62.2,58.0,1.76,1.69,1.07,2429
0.73,Very Good,H,VS1,62.1,58.0,1.87,1.83,1.11,2929
0.77,Ideal,H,VS1,60.4,57.0,1.97,2.07,1.22,3545
1.19,Ideal,E,SI1,62.5,57.0,3.06,3.0,1.84,7833
0.51,Ideal,J,SI1,59.6,59.0,1.29,1.26,0.78,569
0.49,Ideal,I,VS2,60.8,57.0,1.25,1.25,0.77,394
1.37,Good,J,SI2,58.9,58.0,3.49,3.49,2.19,8498
0.59,Very Good,I,SI2,63.9,56.0,1.52,1.54,0.93,1217
0.39,Very Good,J,SI2,61.4,56.0,0.99,0.97,0.62,300
0.58,Very Good,D,SI2,64.7,56.0,1.5,1.52,0.92,695
0.63,Premium,H,VS2,62.8,56.0,1.6,1.66,0.95,1945
1.61,Premium,I,VVS2,62.3,60.0,4.16,4.22,2.54,12478
1.18,Very Good,H,SI1,60.9,59.0,3.04,3.03,1.9,7406
1.31,Very Good,D,VVS1,60.2,55.0,3.35,3.38,2.05,9937
1.12,Ideal,F,IF,62.4,58.0,2.84,2.78,1.76,7250
1.19,Ideal,G,IF,61.6,57.0,3.02,2.98,1.85,7580
0.53,Very Good,D,VVS2,59.8,56.0,1.36,1.3,0.83,1434
0.67,Ideal,G,SI1,59.6,54.0,1.71,1.71,1.03,2300
0.45,Ideal,G,SI2,60.4,60.0,1.14,1.1,0.68,300
0.67,Very Good,H,VS2,64.2,54.0,1.72,1.64,1.03,2280
1.04,Very Good,G,VS2,64.8,57.0,2.67,2.65,1.62,5514
0.79,Premium,H,VVS2,62.0,55.0,1.98,1.89,1.23,3741
1.43,Ideal,E,IF,61.9,59.0,3.6,3.67,2.24,10905
0.42,Ideal,H,VS2,61.2,57.0,1.06,1.03,0.63,300
0.95,Good,F,SI1,60.4,57.0,2.4,2.45,1.47,5414
0.4,Premium,J,SI2,63.6,57.0,1.02,1.0,0.62,300
0.78,Premium,I,I1,64.3,58.0,2.01,1.95,1.23,3028
1.07,Premium,G,VS2,60.4,58.0,2.72,2.78,1.68,6765
0.67,Very Good,D,VS2,61.6,57.0,1.68,1.68,1.01,2725
0.98,Ideal,G,VVS2,61.1,56.0,2.5,2.59,1.57,5912
0.46,Ideal,E,VS2,61.1,54.0,1.19,1.17,0.75,478
0.32,Ideal,H,VVS1,63.4,55.0,0.81,0.79,0.48,300
0.98,Ideal,I,VS1,59.9,59.0,2.53,2.58,1.56,5806
1.77,Ideal,J,VVS2,62.4,57.0,4.46,4.51,2.64,14068
0.45,Premium,H,SI2,62.7,56.0,1.14,1.15,0.67,436
1.36,Premium,I,VVS2,61.5,54.0,3.49,3.66,2.19,9587
0.76,Very Good,I,VS1,63.0,54.0,1.94,1.93,1.2,3388
0.38,Ideal,E,SI2,61.9,56.0,0.98,0.92,0.59,300
0.42,Very Good,J,SI2,63.4,59.0,1.08,1.03,0.67,300
0.75,Ideal,F,VVS1,59.6,56.0,1.9,1.89,1.19,4422
0.61,Very Good,G,SI2,61.2,58.0,1.56,1.64,0.97,1652
0.38,Good,G,VS2,61.6,56.0,0.97,0.96,0.57,300
0.32,Very Good,F,SI1,58.0,59.0,0.82,0.9,0.51,300
0.49,Fair,H,VS1,60.2,57.0,1.25,1.27,0.78,651
0.82,Ideal,H,VVS2,60.6,55.0,2.06,2.11,1.26,4668
0.74,Ideal,E,SI1,63.0,57.0,1.89,1.91,1.15,2661
0.58,Premium,D,SI1,60.7,62.0,1.5,1.52,0.89,2699
0.82,Very Good,I,IF,60.6,61.0,2.06,2.1,1.24,4403
1.25,Good,I,VVS2,62.8,59.0,3.16,3.13,1.93,8018
0.9,Fair,D,VVS1,59.4,57.0,2.28,2.25,1.42,5255
0.7,Very Good,G,VS2,58.8,58.0,1.8,1.82,1.12,3276
1.18,Ideal,F,SI1,61.2,58.0,2.99,3.09,1.82,7415
0.46,Very Good,G,SI1,59.7,57.0,1.16,1.08,0.72,300
0.66,Very Good,I,VS1,59.7,58.0,1.69,1.59,1.05,2542
0.67,Good,F,SI2,62.5,58.0,1.68,1.67,1.03,2341
0.4,Very Good,F,SI1,62.9,57.0,1.01,1.06,0.6,300
0.6,Premium,H,SI2,62.8,55.0,1.53,1.53,0.92,1632
0.26,Premium,G,VS2,63.3,56.0,0.66,0.6,0.39,300
1.93,Very Good,E,VVS2,63.4,59.0,4.9,4.9,2.89,16554
0.46,Good,F,SI2,58.7,57.0,1.16,1.07,0.69,300
1.64,Premium,I,VS1,62.3,58.0,4.16,4.19,2.58,12747
0.76,Very Good,F,VVS1,61.0,57.0,1.96,1.94,1.16,4335
0.98,Very Good,E,SI1,60.7,55.0,2.49,2.49,1.51,5608
0.58,Ideal,E,VS1,62.5,57.0,1.48,1.5,0.93,2386
0.82,Premium,F,IF,59.3,55.0,2.07,2.08,1.29,4357
1.03,Premium,I,IF,59.2,55.0,2.59,2.56,1.61,6559
1.03,Premium,E,SI1,62.6,60.0,2.66,2.71,1.6,6365
1.09,Premium,E,SI2,62.4,57.0,2.76,2.8,1.7,7071
0.62,Premium,J,SI2,61.9,56.0,1.57,1.48,0.96,2051
0.58,Ideal,G,VS1,60.5,61.0,1.5,1.49,0.92,1620
0.33,Ideal,G,VS1,62.7,59.0,0.85,0.8,0.52,300
0.96,Very Good,E,VS1,62.7,57.0,2.47,2.41,1.51,6039
1.27,Premium,H,SI1,61.8,58.0,3.26,3.29,2.05,8240
1.66,Premium,F,SI2,60.1,57.0,4.18,4.16,2.52,12616
0.86,Ideal,D,VS2,61.1,56.0,2.22,2.21,1.33,4611
0.5,Ideal,E,VS2,62.9,59.0,1.29,1.26,0.78,1197
0.32,Premium,D,VS1,63.6,57.0,0.81,0.83,0.49,300
1.25,Good,D,VS2,61.2,58.0,3.22,3.25,1.91,8029
0.3,Premium,J,SI1,61.4,60.0,0.76,0.87,0.47,300
0.62,Good,F,SI1,61.5,60.0,1.59,1.58,0.96,1611
0.66,Very Good,G,SI1,62.1,56.0,1.67,1.6,1.01,2018
0.72,Very Good,D,SI1,60.9,59.0,1.84,1.81,1.13,3101
0.75,Ideal,H,SI2,57.6,55.0,1.89,1.93,1.17,2729
0.79,Very Good,D,SI1,63.4,58.0,2.02,1.98,1.27,3048
0.22,Premium,F,SI2,64.2,58.0,0.56,0.49,0.33,300
0.75,Ideal,E,SI2,60.8,58.0,1.91,1.87,1.15,3613
0.24,Very Good,J,VS1,60.2,57.0,0.62,0.59,0.37,300
1.07,Premium,I,SI1,61.5,62.0,2.76,2.71,1.73,5634
0.56,Premium,E,VS1,61.4,56.0,1.41,1.42,0.86,2210
0.25,Fair,J,VS1,63.1,60.0,0.65,0.65,0.41,300
0.49,Ideal,E,VS2,61.8,55.0,1.25,1.29,0.79,1086
0.56,Good,J,IF,60.6,59.0,1.44,1.42,0.88,1751
1.34,Premium,F,SI2,59.9,59.0,3.42,3.45,2.03,9567
0.82,Premium,G,VS1,62.9,58.0,2.11,2.09,1.28,4842
0.88,Ideal,F,IF,62.5,56.0,2.25,2.19,1.33,5376
1.34,Ideal,E,VVS1,63.2,58.0,3.42,3.39,2.13,9940
0.71,Very Good,G,SI2,60.3,58.0,1.8,1.72,1.06,2258
1.08,Fair,I,SI1,64.3,61.0,2.79,2.88,1.71,6116
1.04,Ideal,J,SI2,59.3,56.0,2.68,2.69,1.59,6215
0.39,Premium,F,VS2,62.7,56.0,0.99,0.95,0.58,300
1.55,Ideal,F,VS1,59.0,58.0,3.91,3.89,2.35,11950
0.36,Ideal,E,SI1,60.6,57.0,0.93,0.81,0.57,300
1.17,Ideal,G,VS2,63.9,57.0,3.03,3.1,1.8,7147
0.35,Premium,G,VS1,62.9,60.0,0.89,0.96,0.55,300
1.0,Very Good,G,SI1,60.9,51.0,2.58,2.59,1.59,5332
1.88,Ideal,J,VVS2,61.0,56.0,4.74,4.76,2.98,15052
0.67,Premium,G,VVS2,61.8,54.0,1.73,1.67,1.08,2515
0.65,Very Good,D,SI2,62.4,55.0,1.67,1.61,1.02,2117
1.01,Ideal,D,VS1,63.5,63.0,2.56,2.48,1.59,6450
0.63,Ideal,H,SI1,61.1,59.0,1.6,1.59,0.97,2278
1.84,Premium,F,VS2,59.4,60.0,4.71,4.76,2.89,14953
0.82,Good,D,IF,61.9,57.0,2.1,2.08,1.27,4450
0.63,Premium,G,VVS1,61.1,59.0,1.63,1.65,0.98,2358
0.57,Ideal,J,SI1,59.9,54.0,1.47,1.52,0.91,1284
0.46,Ideal,J,SI1,62.1,60.0,1.17,1.09,0.7,300
0.54,Very Good,G,SI1,61.4,56.0,1.39,1.48,0.84,1104
0.62,Good,D,VS2,62.1,56.0,1.59,1.65,0.96,3128
0.58,Ideal,E,SI2,60.4,59.0,1.49,1.52,0.93,2417
0.53,Premium,J,VS2,62.4,58.0,1.37,1.42,0.82,681
2.12,Premium,I,I1,59.9,58.0,5.47,5.52,3.31,18367
0.44,Ideal,E,SI1,60.5,55.0,1.11,1.12,0.69,419
0.8,Good,D,SI1,61.4,58.0,2.04,2.11,1.2,3757
1.0,Ideal,F,IF,64.1,60.0,2.55,2.53,1.6,6595
1.02,Good,F,VS1,62.8,56.0,2.6,2.62,1.63,5849
0.72,Premium,J,SI1,63.2,60.0,1.83,1.9,1.11,2438
0.66,Ideal,E,SI2,63.7,56.0,1.7,1.57,1.05,2690
0.93,Premium,E,VS2,66.7,58.0,2.36,2.38,1.49,4504
0.85,Ideal,H,SI1,61.8,61.0,2.16,2.2,1.32,4303
0.65,Premium,E,VS2,63.7,56.0,1.64,1.55,0.97,1811
0.34,Very Good,H,VVS2,63.1,60.0,0.86,0.87,0.54,300
0.59,Very Good,J,VS2,63.1,62.0,1.51,1.47,0.9,1805
0.42,Very Good,H,VS1,64.2,58.0,1.06,1.08,0.64,300
0.53,Premium,I,VS2,61.1,56.0,1.34,1.34,0.84,459
0.75,Good,G,VVS1,61.0,56.0,1.91,1.86,1.15,3212
0.89,Premium,G,VVS1,62.1,60.0,2.24,2.3,1.39,4727
1.8,Premium,G,VS2,61.4,60.0,4.54,4.52,2.76,14316
0.57,Ideal,G,SI1,62.1,61.0,1.47,1.48,0.91,1813
1.09,Ideal,H,VS2,63.9,57.0,2.81,2.88,1.68,6051
0.86,Ideal,J,SI2,61.0,60.0,2.18,2.13,1.32,3919
1.42,Fair,F,VS1,61.3,57.0,3.6,3.6,2.17,10247
0.99,Very Good,G,VS2,61.9,56.0,2.56,2.54,1.54,5423
0.45,Ideal,H,SI2,61.4,60.0,1.13,1.12,0.68,300
0.31,Premium,D,SI1,59.0,61.0,0.79,0.9,0.48,300
0.87,Fair,E,VS2,60.9,55.0,2.22,2.24,1.39,3902
0.57,Ideal,D,VVS1,62.7,55.0,1.47,1.49,0.9,1868
0.45,Ideal,G,VS2,63.7,58.0,1.16,1.19,0.71,738
0.39,Premium,I,VS1,60.1,60.0,0.99,1.01,0.6,300
0.8,Good,E,SI1,60.1,55.0,2.04,1.95,1.28,3711
1.57,Ideal,H,VS2,61.7,58.0,4.02,4.13,2.48,12389
0.6,Premium,G,VS2,58.8,56.0,1.55,1.48,0.96,2201
1.0,Ideal,J,VS1,61.1,59.0,2.58,2.67,1.55,5388
0.7,Ideal,E,SI2,59.3,56.0,1.79,1.82,1.09,3039
0.39,Ideal,I,VS2,63.6,59.0,1.01,1.02,0.6,300
1.07,Premium,D,SI1,60.6,57.0,2.69,2.67,1.66,6396
0.43,Very Good,D,SI1,64.0,55.0,1.09,1.22,0.66,300
0.75,Ideal,G,IF,63.3,58.0,1.88,1.91,1.17,3585
0.62,Ideal,E,SI2,60.8,53.0,1.56,1.56,0.93,2063
1.16,Ideal,F,SI1,60.2,56.0,2.97,2.94,1.8,7710
0.44,Very Good,E,VS2,61.4,58.0,1.14,1.11,0.69,312
0.9,Very Good,G,VVS1,61.6,54.0,2.3,2.3,1.37,4229
0.49,Ideal,E,SI1,62.2,52.0,1.26,1.21,0.75,383
0.57,Ideal,G,VS1,60.6,52.0,1.44,1.47,0.87,1861
0.2,Ideal,D,VVS2,62.7,60.0,0.51,0.48,0.31,300
2.11,Ideal,G,SI1,62.1,57.0,5.37,5.42,3.31,18497
0.98,Premium,G,SI1,61.2,56.0,2.51,2.56,1.52,5905
0.5,Ideal,E,SI1,60.7,60.0,1.27,1.27,0.77,785
0.42,Ideal,E,VVS2,61.4,57.0,1.07,1.1,0.65,451
0.58,Premium,F,SI2,60.6,58.0,1.48,1.51,0.9,778
1.06,Ideal,I,SI1,61.8,58.0,2.71,2.64,1.61,6365
0.29,Very Good,G,VS1,61.8,56.0,0.73,0.82,0.44,300
0.69,Premium,D,VS2,62.1,58.0,1.75,1.74,1.05,3098
1.8,Ideal,E,VS2,64.2,59.0,4.57,4.6,2.79,14622
0.42,Very Good,E,VS2,61.5,57.0,1.08,1.12,0.67,1000
0.77,Very Good,J,SI1,63.1,56.0,1.98,1.86,1.21,3640
2.23,Very Good,G,VS2,62.0,57.0,5.76,5.73,3.45,19215
1.02,Very Good,F,VS2,61.4,52.0,2.61,2.65,1.56,6061
0.79,Very Good,D,VVS1,61.5,58.0,2.0,2.0,1.18,3865
0.95,Premium,J,SI1,61.6,55.0,2.44,2.47,1.48,5149
0.61,Ideal,D,VVS1,62.1,59.0,1.56,1.56,0.95,2099
1.42,Premium,F,VS1,60.4,57.0,3.59,3.65,2.15,10990
0.61,Very Good,I,SI2,59.6,58.0,1.57,1.58,0.97,2025
0.28,Good,H,VS1,62.6,59.0,0.71,0.78,0.43,300
0.61,Ideal,H,SI2,63.0,55.0,1.54,1.49,0.95,1591
0.46,Premium,F,IF,62.7,58.0,1.18,1.17,0.73,1123
0.64,Ideal,J,VVS1,61.9,58.0,1.65,1.62,1.01,2730
0.65,Ideal,I,SI1,62.8,57.0,1.67,1.69,1.05,2122
1.35,Ideal,E,SI1,62.7,55.0,3.42,3.41,2.02,9747
1.05,Very Good,I,SI1,62.8,59.0,2.71,2.7,1.61,5918
0.85,Ideal,H,SI1,60.5,59.0,2.18,2.14,1.35,4476
0.74,Very Good,G,SI1,60.2,58.0,1.91,1.89,1.15,2610
0.44,Ideal,G,SI1,61.2,55.0,1.13,1.13,0.71,365
0.25,Ideal,E,VS1,61.7,56.0,0.64,0.54,0.38,300
0.78,Very Good,G,SI2,61.4,57.0,1.96,1.84,1.17,3777
1.1,Very Good,E,VVS2,59.1,59.0,2.82,2.82,1.73,7277
0.7,Very Good,F,VVS2,64.1,54.0,1.8,1.66,1.08,2788
0.57,Ideal,I,VS2,61.3,56.0,1.44,1.43,0.87,2029
0.93,Very Good,I,VVS2,61.9,57.0,2.39,2.37,1.5,5021
0.71,Premium,G,SI1,63.4,57.0,1.81,1.84,1.07,3103
1.72,Very Good,G,I1,58.4,55.0,4.39,4.36,2.68,13398
1.37,Ideal,E,VS2,61.0,57.0,3.48,3.56,2.1,9942
1.2,Ideal,F,VS2,61.2,57.0,3.02,3.06,1.82,7621
1.08,Ideal,G,VS2,61.2,55.0,2.73,2.65,1.64,6206
0.39,Ideal,I,VVS1,61.5,57.0,1.0,0.99,0.6,621
1.03,Very Good,H,IF,63.7,56.0,2.61,2.69,1.54,6845
0.89,Good,F,VS1,62.6,59.0,2.23,2.2,1.4,4689
1.0,Ideal,G,VS1,63.0,56.0,2.59,2.59,1.6,5801
0.95,Premium,G,SI2,61.8,58.0,2.4,2.47,1.49,5400
0.93,Premium,I,SI2,59.7,56.0,2.38,2.35,1.41,4904
2.86,Fair,E,VS1,58.8,56.0,7.39,7.45,4.36,20000
0.71,Very Good,D,VS2,59.6,58.0,1.82,1.77,1.12,3470
1.18,Fair,H,VS2,62.2,58.0,3.04,2.9,1.88,6856
0.59,Ideal,G,SI1,61.7,57.0,1.53,1.59,0.93,1740
1.1,Very Good,D,VS2,61.4,57.0,2.84,2.86,1.72,6747
1.18,Premium,G,SI2,61.2,54.0,3.01,3.04,1.82,7150
0.89,Fair,F,VS1,64.5,61.0,2.26,2.21,1.35,4533
1.71,Ideal,I,SI2,60.5,59.0,4.36,4.31,2.7,13754
0.48,Very Good,F,SI2,63.0,59.0,1.24,1.3,0.74,521
0.58,Ideal,J,SI1,61.7,54.0,1.49,1.5,0.9,1906
0.82,Ideal,D,SI1,61.6,56.0,2.11,2.1,1.3,4629
1.15,Very Good,E,VVS1,63.3,57.0,2.94,2.95,1.73,8135
0.81,Ideal,E,SI2,63.7,53.0,2.06,2.14,1.28,3640
1.41,Ideal,E,SI2,61.4,59.0,3.57,3.61,2.23,10006
0.53,Ideal,F,VS2,62.8,61.0,1.33,1.31,0.79,1379
0.42,Ideal,G,VS2,62.2,62.0,1.08,1.01,0.66,791
0.86,Very Good,D,SI2,61.7,55.0,2.18,2.21,1.32,4563
0.71,Premium,D,I1,62.0,58.0,1.8,1.75,1.07,1844
0.97,Good,G,IF,60.7,60.0,2.5,2.44,1.54,5947
0.73,Good,D,VS1,61.3,57.0,1.84,1.91,1.13,2409
0.62,Ideal,F,SI1,60.9,56.0,1.6,1.64,0.99,2095
0.71,Very Good,F,VS2,63.0,53.0,1.78,1.8,1.11,2547
0.75,Ideal,G,SI1,61.6,60.0,1.94,1.88,1.17,3022
0.64,Ideal,H,SI1,59.9,57.0,1.63,1.72,1.01,2535
0.67,Ideal,J,VS1,60.7,56.0,1.69,1.74,1.05,2333
0.61,Ideal,H,VVS1,57.2,58.0,1.56,1.54,0.93,2551
1.14,Very Good,G,SI2,61.0,58.0,2.94,2.91,1.85,6635
0.82,Fair,G,VVS2,61.8,58.0,2.09,2.09,1.26,3978
2.29,Premium,G,SI2,61.5,57.0,5.87,5.85,3.63,20000
0.8,Good,D,SI1,64.5,61.0,2.07,2.18,1.28,3305
0.56,Fair,G,SI2,62.5,57.0,1.42,1.4,0.87,1223
2.82,Premium,G,SI2,62.4,61.0,7.26,7.21,4.32,20000
0.91,Ideal,I,VVS1,59.4,59.0,2.31,2.39,1.39,5308
1.22,Premium,J,VS2,61.2,58.0,3.1,3.07,1.86,7799
1.0,Very Good,E,SI2,61.0,57.0,2.53,2.57,1.55,5880
1.01,Ideal,F,IF,60.6,60.0,2.57,2.6,1.54,6786
0.97,Very Good,E,VVS1,60.6,58.0,2.44,2.44,1.49,5848
0.43,Fair,I,VS1,59.2,55.0,1.09,1.04,0.66,300
0.89,Ideal,F,VVS1,59.9,55.0,2.27,2.27,1.34,5427
0.38,Ideal,H,SI1,62.9,58.0,0.97,0.91,0.59,300
0.68,Ideal,H,VVS2,61.5,56.0,1.74,1.74,1.07,2736
0.52,Fair,J,VS1,61.0,57.0,1.33,1.37,0.83,1268
0.89,Ideal,I,VVS1,61.7,60.0,2.25,2.34,1.33,5299
0.88,Premium,H,VVS2,63.3,58.0,2.27,2.22,1.36,5387
0.94,Premium,I,SI1,61.7,56.0,2.39,2.38,1.5,4347
0.86,Ideal,D,VVS2,62.5,61.0,2.17,2.14,1.3,5116
0.55,Ideal,H,SI1,60.5,59.0,1.4,1.41,0.87,1821
0.65,Premium,I,SI1,60.8,60.0,1.67,1.59,1.02,2558
1.17,Premium,I,SI2,62.2,53.0,2.94,2.89,1.75,6990
1.26,Ideal,F,VVS1,64.3,58.0,3.19,3.11,1.96,8371
0.42,Ideal,J,SI1,63.7,59.0,1.08,1.01,0.68,511
0.34,Premium,D,VS2,62.5,61.0,0.87,0.84,0.54,300
0.52,Ideal,D,SI1,61.9,54.0,1.32,1.4,0.82,1112
1.25,Premium,H,IF,63.7,60.0,3.23,3.25,1.97,9443
1.36,Very Good,G,SI1,62.8,61.0,3.42,3.42,2.06,8971
0.47,Premium,J,VVS2,58.5,53.0,1.2,1.27,0.73,1092
0.86,Ideal,F,VVS2,60.2,59.0,2.18,2.2,1.32,4561
1.85,Ideal,G,VS2,62.2,59.0,4.65,4.67,2.92,15115
0.91,Very Good,H,SI1,59.2,57.0,2.3,2.28,1.38,4780
1.51,Premium,H,VS1,60.4,56.0,3.86,3.83,2.34,11600
1.22,Very Good,F,VVS1,60.7,59.0,3.06,2.99,1.86,8789
0.47,Ideal,G,VS1,61.3,56.0,1.2,1.17,0.73,1254
0.67,Ideal,I,SI1,61.3,57.0,1.73,1.72,1.02,2142
0.75,Ideal,E,VVS1,61.3,59.0,1.93,1.95,1.16,3469
0.78,Ideal,F,SI1,62.9,61.0,1.98,1.98,1.21,3499
1.17,Ideal,D,VS2,61.3,59.0,2.95,2.93,1.83,7965
0.91,Premium,I,VVS2,61.2,58.0,2.32,2.27,1.42,4919
0.2,Good,E,SI2,59.8,56.0,0.51,0.53,0.31,300
0.38,Premium,E,VVS2,63.1,55.0,0.98,0.96,0.6,300
0.25,Ideal,I,VS2,60.8,60.0,0.65,0.67,0.4,300
0.81,Ideal,E,VVS1,60.2,57.0,2.06,1.96,1.24,4764
0.84,Premium,G,SI2,62.0,60.0,2.12,2.14,1.26,3662
0.85,Ideal,D,SI1,60.6,57.0,2.19,2.23,1.36,4713
0.46,Very Good,I,VVS2,61.0,56.0,1.18,1.21,0.72,300
1.04,Premium,F,I1,62.1,58.0,2.65,2.64,1.58,5984
1.06,Ideal,G,SI2,61.2,57.0,2.69,2.74,1.62,6348
0.4,Ideal,D,IF,64.9,55.0,1.02,0.96,0.63,731
0.36,Ideal,H,SI1,61.6,61.0,0.93,0.93,0.57,300
0.74,Very Good,D,IF,62.6,56.0,1.87,1.86,1.17,3117
1.81,Very Good,D,SI2,59.0,60.0,4.66,4.71,2.84,15133
1.73,Ideal,H,SI1,60.5,59.0,4.34,4.24,2.57,13316
0.98,Premium,E,VS1,60.2,55.0,2.53,2.48,1.56,5546
0.51,Very Good,D,VS1,60.4,55.0,1.3,1.39,0.78,1767
1.15,Ideal,H,VS2,62.3,57.0,2.91,2.79,1.75,7361
0.59,Premium,G,VS2,63.1,56.0,1.48,1.52,0.88,1813
0.5,Ideal,F,VVS2,62.2,61.0,1.28,1.24,0.77,1588
0.25,Ideal,H,SI1,61.4,57.0,0.63,0.64,0.39,300
0.78,Very Good,J,VS2,60.8,59.0,2.0,2.07,1.23,3386
0.54,Fair,H,SI2,63.3,59.0,1.37,1.38,0.81,441
0.78,Ideal,H,VS2,64.6,58.0,1.96,2.03,1.2,4403
0.23,Premium,G,SI1,61.9,58.0,0.59,0.57,0.36,300
0.81,Ideal,I,SI1,63.0,60.0,2.07,2.05,1.29,3821
0.22,Ideal,D,VS2,62.2,56.0,0.56,0.6,0.35,300
1.28,Ideal,E,SI2,62.8,61.0,3.26,3.24,1.93,8523
0.96,Ideal,J,SI2,60.1,55.0,2.45,2.48,1.53,4919
0.64,Premium,F,VS1,61.0,59.0,1.63,1.69,0.97,3004
0.98,Premium,F,SI1,62.3,54.0,2.47,2.51,1.47,5152
0.45,Premium,D,VVS1,63.4,57.0,1.14,1.06,0.68,1077
0.77,Very Good,J,VS1,60.6,58.0,1.94,1.92,1.16,3711
1.1,Premium,H,I1,58.9,56.0,2.82,2.83,1.75,6442
0.2,Very Good,D,VS2,61.0,57.0,0.51,0.5,0.31,300
0.59,Ideal,D,SI2,63.1,54.0,1.5,1.5,0.93,2019
0.73,Premium,E,VVS2,59.5,55.0,1.88,1.89,1.18,3450
0.67,Premium,E,IF,60.1,59.0,1.7,1.67,1.03,2472
1.54,Very Good,I,VS2,61.9,58.0,3.93,3.92,2.32,11949
0.42,Good,G,VS1,61.5,56.0,1.06,1.0,0.65,300
0.54,Fair,H,SI1,62.5,60.0,1.39,1.37,0.87,1002
0.28,Premium,I,VS2,60.0,55.0,0.72,0.64,0.45,300
1.58,Good,E,VVS2,61.2,57.0,4.07,4.08,2.46,12100
0.65,Premium,I,SI2,63.4,56.0,1.68,1.67,1.05,1734
0.59,Ideal,G,SI1,60.0,59.0,1.52,1.47,0.95,1930
0.72,Ideal,D,VS2,63.8,58.0,1.86,1.95,1.11,2861
1.02,Ideal,I,VS1,60.2,57.0,2.59,2.58,1.59,6798
0.88,Very Good,D,SI1,62.9,53.0,2.23,2.24,1.33,4406
2.78,Ideal,D,VVS1,61.2,59.0,7.18,7.15,4.36,20000
0.93,Ideal,F,SI2,60.1,57.0,2.4,2.38,1.5,5043
0.59,Very Good,I,SI1,61.0,58.0,1.51,1.53,0.94,1868
0.56,Ideal,H,VS1,62.5,56.0,1.42,1.4,0.87,834
0.61,Very Good,G,SI1,61.7,56.0,1.57,1.57,0.98,1502
0.35,Ideal,H,VS1,63.3,61.0,0.89,0.93,0.53,300
0.76,Ideal,H,SI2,63.7,54.0,1.92,1.89,1.15,2830
1.1,Fair,D,SI2,60.0,55.0,2.82,2.75,1.69,6733
0.55,Ideal,I,SI2,59.9,61.0,1.38,1.3,0.86,1523
0.49,Ideal,E,VVS1,59.9,59.0,1.24,1.31,0.78,1499
1.58,Ideal,J,VS2,60.4,57.0,4.07,4.12,2.49,12022
0.36,Premium,F,VVS2,63.2,60.0,0.91,0.94,0.57,837
0.26,Ideal,D,SI1,62.5,58.0,0.67,0.65,0.41,300
0.42,Good,H,VS2,60.9,58.0,1.09,1.02,0.67,300
0.34,Very Good,I,VS2,61.7,58.0,0.88,0.87,0.54,300
0.9,Good,F,IF,63.7,59.0,2.33,2.33,1.45,5222
0.62,Ideal,E,VS1,64.4,59.0,1.58,1.52,0.94,2673
0.66,Ideal,E,VS1,62.1,62.0,1.69,1.62,1.01,3025
1.32,Ideal,H,SI2,58.0,57.0,3.4,3.31,2.04,8810
0.52,Ideal,H,VS2,62.1,57.0,1.33,1.36,0.83,1446
1.09,Good,D,VS2,63.0,55.0,2.77,2.71,1.74,6632
1.58,Premium,D,VVS1,62.0,57.0,4.04,4.06,2.44,12935
0.59,Good,G,SI1,62.7,62.0,1.51,1.49,0.95,2096
1.07,Very Good,D,SI1,62.2,60.0,2.75,2.78,1.68,6457
0.66,Very Good,G,SI1,60.0,56.0,1.69,1.71,1.03,2607
1.18,Premium,G,SI1,60.5,58.0,3.03,3.02,1.89,7961
0.34,Very Good,I,SI2,61.3,55.0,0.87,0.88,0.53,300
0.33,Good,G,VVS2,63.2,55.0,0.84,0.83,0.51,300
0.61,Very Good,F,VS2,60.6,58.0,1.54,1.51,0.91,2380
0.47,Very Good,J,VVS1,62.3,56.0,1.21,1.26,0.71,501
0.57,Ideal,G,VVS2,62.1,55.0,1.43,1.41,0.88,1921
0.66,Ideal,E,SI1,63.9,59.0,1.71,1.71,1.01,2746
1.06,Ideal,E,VS2,61.6,57.0,2.73,2.66,1.69,7248
0.6,Premium,F,SI2,59.2,54.0,1.54,1.55,0.95,1989
0.49,Very Good,D,VVS1,62.6,53.0,1.27,1.24,0.77,1271
0.62,Ideal,J,SI1,64.7,56.0,1.59,1.57,0.98,2114
0.5,Very Good,F,SI1,62.7,54.0,1.26,1.22,0.79,638
0.46,Very Good,E,SI1,60.6,53.0,1.17,1.16,0.7,300
0.33,Very Good,F,VS2,60.2,60.0,0.84,0.74,0.51,300
0.77,Good,H,SI1,60.4,57.0,1.96,1.99,1.22,3075
0.56,Very Good,I,SI1,64.5,57.0,1.43,1.43,0.84,1999
1.2,Very Good,D,VVS2,61.2,57.0,3.09,3.07,1.85,8276
0.36,Ideal,G,VVS2,60.8,55.0,0.92,0.84,0.56,300
0.56,Good,D,SI1,61.5,58.0,1.43,1.45,0.88,1219
1.83,Very Good,F,VS2,61.3,57.0,4.64,4.61,2.75,15490
0.46,Ideal,E,VVS1,63.9,56.0,1.17,1.24,0.71,987
0.66,Very Good,E,SI2,60.3,56.0,1.67,1.69,1.02,2252
0.4,Very Good,F,VVS1,63.4,55.0,1.01,1.09,0.61,300
0.38,Ideal,G,SI1,61.9,57.0,0.98,0.99,0.61,300
1.61,Very Good,G,VS1,63.4,57.0,4.08,4.13,2.53,12280
0.81,Good,E,VS2,63.9,57.0,2.04,2.06,1.24,3901
0.79,Premium,G,VS2,61.8,58.0,2.0,1.98,1.21,3140
0.32,Very Good,G,VVS2,61.3,57.0,0.82,0.83,0.51,300
0.89,Premium,I,SI2,61.8,58.0,2.29,2.25,1.4,4228
1.32,Ideal,D,SI1,61.6,60.0,3.41,3.51,2.13,9442
1.32,Good,I,VS2,59.4,59.0,3.39,3.38,2.07,8234
1.03,Premium,F,VVS2,63.9,60.0,2.62,2.62,1.61,6370
0.42,Premium,G,SI1,62.0,56.0,1.06,1.08,0.63,300
0.87,Very Good,G,VVS2,60.1,56.0,2.19,2.14,1.37,4526
1.03,Ideal,E,SI1,58.8,59.0,2.64,2.71,1.6,5788
0.3,Very Good,J,SI2,58.4,59.0,0.77,0.72,0.48,300
0.42,Premium,F,VS1,62.8,56.0,1.08,1.02,0.66,300
1.15,Good,E,SI2,60.8,59.0,2.91,2.9,1.72,7041
1.15,Premium,E,VS2,61.1,55.0,2.92,2.86,1.77,7731
0.34,Very Good,I,SI2,62.4,59.0,0.86,0.94,0.51,300
1.1,Ideal,D,SI1,61.0,57.0,2.83,2.82,1.71,6954
0.78,Good,F,VS2,62.5,54.0,1.97,1.81,1.19,3334
1.09,Premium,D,VS2,61.8,57.0,2.79,2.8,1.67,6697
0.54,Premium,G,SI1,61.6,62.0,1.36,1.39,0.81,992
1.02,Ideal,F,SI1,59.5,58.0,2.6,2.58,1.61,6505
1.13,Premium,D,SI1,60.6,63.0,2.84,2.77,1.76,8062
0.62,Ideal,D,VS2,62.5,54.0,1.56,1.55,0.94,1612
0.75,Ideal,G,IF,60.7,59.0,1.89,1.87,1.15,3566
0.54,Ideal,H,VVS2,63.4,52.0,1.37,1.32,0.83,1020
1.69,Very Good,G,SI2,65.0,57.0,4.29,4.24,2.59,12800
0.7,Premium,G,SI2,62.6,59.0,1.8,1.81,1.08,3017
0.47,Ideal,H,VVS1,63.8,59.0,1.19,1.24,0.71,1155
0.52,Ideal,H,VS2,62.7,56.0,1.31,1.33,0.82,1031
0.79,Ideal,D,VS2,61.0,60.0,2.02,1.93,1.26,4026
1.08,Premium,J,VVS2,62.0,56.0,2.77,2.8,1.68,6472
0.38,Very Good,E,SI1,64.5,57.0,0.96,1.0,0.59,300
1.87,Premium,I,VS2,61.0,57.0,4.78,4.85,2.92,15753
0.86,Ideal,G,IF,60.2,55.0,2.21,2.16,1.31,5112
0.94,Premium,J,VS1,60.1,61.0,2.39,2.39,1.49,4468
0.71,Premium,H,SI2,61.4,58.0,1.81,1.84,1.08,2657
0.75,Ideal,E,SI2,60.3,60.0,1.89,1.86,1.17,3324
0.69,Premium,D,SI1,64.0,60.0,1.73,1.76,1.06,3070
1.23,Ideal,H,VS1,62.0,55.0,3.18,3.18,1.96,8323
0.74,Premium,G,SI1,63.1,60.0,1.87,1.83,1.14,3258
1.09,Very Good,G,SI2,61.3,59.0,2.76,2.72,1.71,6269
0.6,Premium,D,IF,60.1,55.0,1.55,1.61,0.92,2855
0.82,Ideal,E,SI2,59.9,58.0,2.11,2.06,1.25,4479
0.5,Good,G,I1,60.4,55.0,1.28,1.22,0.8,300
1.36,Very Good,E,SI1,62.2,61.0,3.49,3.51,2.16,9113
0.49,Ideal,D,SI1,62.4,59.0,1.26,1.26,0.79,1286
0.63,Very Good,J,SI1,62.5,57.0,1.62,1.55,0.99,1674
0.63,Premium,G,VVS1,59.6,60.0,1.58,1.55,0.96,3000
0.62,Premium,D,VVS1,61.7,54.0,1.58,1.54,0.97,2586
1.06,Premium,E,VS2,60.3,56.0,2.69,2.66,1.61,6783
0.63,Ideal,F,SI1,62.3,57.0,1.58,1.71,0.98,1883
1.49,Very Good,F,VS2,62.4,62.0,3.79,3.77,2.36,11205
0.49,Premium,G,SI1,60.1,55.0,1.25,1.21,0.78,915
0.81,Premium,F,SI2,63.1,54.0,2.04,2.14,1.25,3329
0.5,Ideal,F,VVS1,65.0,54.0,1.27,1.31,0.77,1550
0.91,Very Good,G,SI2,62.9,59.0,2.33,2.37,1.45,3863
0.73,Premium,E,SI1,61.5,56.0,1.87,1.83,1.16,3161
0.69,Very Good,D,VS2,61.3,57.0,1.78,1.84,1.11,2375
1.34,Very Good,I,VS2,61.4,59.0,3.45,3.49,2.13,8858
0.53,Very Good,G,I1,60.6,57.0,1.37,1.38,0.86,1216
0.99,Very Good,G,SI2,62.1,58.0,2.53,2.44,1.5,4968
0.5,Ideal,E,SI1,60.1,59.0,1.28,1.28,0.79,765
0.78,Very Good,H,VS1,59.1,57.0,2.01,2.1,1.19,3872
0.41,Ideal,F,SI1,62.0,57.0,1.06,1.07,0.66,300
0.53,Ideal,D,SI1,61.7,58.0,1.36,1.34,0.84,1752
0.71,Premium,G,VS2,60.9,59.0,1.81,1.8,1.07,3203
1.84,Very Good,D,VVS1,59.9,56.0,4.66,4.65,2.86,15397
0.78,Premium,D,SI1,62.1,51.0,2.01,1.97,1.2,3842
1.69,Ideal,I,SI2,60.3,59.0,4.35,4.35,2.59,12535
0.83,Premium,H,VS2,61.5,60.0,2.14,2.21,1.28,4231
0.61,Good,D,VS1,64.2,58.0,1.54,1.61,0.94,1548
1.6,Premium,D,SI2,62.6,58.0,4.06,4.02,2.41,12058
0.92,Ideal,I,SI1,59.8,56.0,2.34,2.4,1.39,4711
0.54,Ideal,J,I1,59.9,59.0,1.39,1.43,0.83,1465
0.94,Very Good,I,SI2,61.9,59.0,2.43,2.46,1.43,4581
0.64,Ideal,D,VS2,59.8,58.0,1.62,1.64,0.97,2586
0.27,Very Good,I,SI1,58.9,63.0,0.69,0.64,0.42,300
1.18,Very Good,G,VVS2,62.4,54.0,2.97,2.95,1.82,7330
1.28,Ideal,D,VS2,62.1,58.0,3.25,3.29,2.04,8604
1.86,Very Good,J,VS2,62.3,55.0,4.74,4.68,2.82,15192
0.91,Very Good,F,SI1,62.1,59.0,2.34,2.29,1.46,4727
0.65,Fair,H,VS2,61.6,54.0,1.68,1.7,1.02,2243
1.12,Ideal,D,SI2,60.8,55.0,2.84,2.8,1.72,6956
1.13,Ideal,H,VVS1,62.4,56.0,2.88,2.92,1.74,7322
1.68,Ideal,E,IF,63.8,58.0,4.3,4.26,2.56,14068
0.72,Ideal,E,SI2,61.0,56.0,1.83,1.84,1.11,2857
0.68,Very Good,H,SI2,60.3,56.0,1.76,1.78,1.09,1800
0.52,Premium,J,SI2,60.1,57.0,1.34,1.32,0.84,1112
0.97,Very Good,G,VS1,60.5,57.0,2.46,2.45,1.55,5303
0.34,Good,H,VS1,62.0,61.0,0.87,0.84,0.54,300
1.09,Premium,E,VVS2,58.7,59.0,2.76,2.76,1.7,6993
0.99,Ideal,E,VS1,62.3,57.0,2.53,2.48,1.54,5592
0.99,Fair,G,VS2,62.6,62.0,2.54,2.53,1.59,4803
0.79,Very Good,F,VS2,59.2,59.0,1.99,2.03,1.23,3929
1.59,Very Good,F,VS1,60.3,55.0,4.1,4.04,2.45,11122
1.15,Very Good,E,VS2,61.8,58.0,2.94,2.92,1.81,7821
0.55,Ideal,G,VS2,61.5,59.0,1.42,1.45,0.86,1899
0.55,Premium,H,VS1,62.4,56.0,1.38,1.28,0.85,1084
0.48,Premium,H,VS2,61.5,55.0,1.24,1.33,0.78,1241
0.98,Ideal,F,VS1,63.5,58.0,2.52,2.57,1.55,6452
0.45,Very Good,G,VS2,61.3,57.0,1.13,1.05,0.71,352
1.27,Premium,G,VS1,60.3,61.0,3.22,3.11,2.01,9000
1.44,Premium,I,VS1,60.2,59.0,3.71,3.71,2.21,10628
0.48,Premium,E,VS2,62.7,56.0,1.22,1.16,0.72,1355
0.68,Ideal,H,VS1,61.7,58.0,1.73,1.78,1.05,2276
0.75,Ideal,I,VS2,62.6,60.0,1.94,1.96,1.21,3175
1.15,Premium,G,SI1,62.6,54.0,2.9,2.91,1.74,7418
1.66,Ideal,H,I1,58.9,55.0,4.23,4.2,2.61,13084
0.32,Very Good,F,VS2,60.1,57.0,0.82,0.9,0.5,300
0.63,Fair,G,VS2,60.3,58.0,1.61,1.65,1.0,2482
0.65,Very Good,G,IF,60.6,57.0,1.65,1.68,0.98,2828
0.37,Very Good,F,SI1,61.1,57.0,0.95,1.01,0.57,300
0.58,Premium,H,SI1,63.1,57.0,1.49,1.44,0.89,1686
0.92,Premium,I,SI1,63.4,58.0,2.35,2.41,1.44,4630
0.64,Ideal,D,SI2,61.3,60.0,1.64,1.63,0.99,2376
0.34,Premium,G,VVS2,61.3,56.0,0.86,0.88,0.54,300
3.12,Premium,G,SI1,60.7,63.0,8.04,8.03,4.86,20000
0.85,Good,J,VS2,61.8,62.0,2.16,2.07,1.33,3841
0.78,Fair,G,VS1,62.0,60.0,2.02,2.07,1.27,3739
0.43,Premium,F,VS2,62.8,59.0,1.08,0.99,0.66,1043
0.84,Premium,F,VVS1,62.8,62.0,2.13,2.08,1.28,4118
0.68,Ideal,E,VS2,58.5,57.0,1.72,1.7,1.07,3187
0.29,Very Good,I,SI1,61.5,56.0,0.74,0.64,0.44,300
0.43,Fair,H,VVS1,63.6,56.0,1.09,1.03,0.65,874
1.1,Premium,E,VVS1,61.1,55.0,2.82,2.83,1.71,6908
1.96,Very Good,D,SI2,63.3,58.0,5.06,5.04,3.03,16209
0.89,Fair,I,SI2,61.3,58.0,2.25,2.24,1.38,4090
1.29,Ideal,G,SI2,61.9,58.0,3.25,3.2,1.99,8511
0.69,Good,H,SI1,60.1,57.0,1.78,1.78,1.08,2297
0.71,Premium,J,IF,60.2,58.0,1.8,1.78,1.08,3962
1.28,Very Good,H,VS2,62.7,61.0,3.26,3.18,1.98,8639
1.7,Very Good,I,SI1,62.9,59.0,4.3,4.29,2.59,12878
1.42,Premium,E,VVS1,61.7,60.0,3.61,3.55,2.16,10624
0.43,Ideal,F,VS2,60.0,58.0,1.09,1.13,0.66,717
0.72,Premium,I,SI1,61.8,54.0,1.84,1.82,1.13,2816
0.85,Ideal,J,IF,63.5,54.0,2.17,2.3,1.34,4239
0.65,Good,E,VVS2,64.1,62.0,1.67,1.72,1.01,1922
0.9,Ideal,I,VVS2,61.3,56.0,2.28,2.27,1.43,4909
1.12,Very Good,F,VS2,59.4,56.0,2.86,2.89,1.72,7044
1.22,Ideal,G,VVS2,62.9,58.0,3.09,2.99,1.91,8090
1.72,Premium,F,SI2,61.3,59.0,4.44,4.49,2.63,14069
0.63,Ideal,H,VS2,63.0,59.0,1.61,1.57,0.99,2341
0.37,Premium,J,IF,62.1,61.0,0.93,0.93,0.57,300
0.89,Good,H,SI1,60.5,61.0,2.25,2.21,1.38,4331
1.9,Fair,I,VVS2,61.8,56.0,4.78,4.75,2.86,16348
0.58,Ideal,G,VS2,63.5,60.0,1.46,1.45,0.89,1328
1.04,Premium,F,SI2,61.5,57.0,2.65,2.65,1.64,5841
1.05,Ideal,H,VS1,60.3,57.0,2.66,2.66,1.65,6309
0.82,Very Good,J,SI2,59.5,55.0,2.12,2.12,1.27,3652
0.74,Very Good,G,VS1,60.6,54.0,1.87,1.79,1.13,3440
0.47,Fair,F,SI2,61.1,57.0,1.21,1.33,0.71,300
0.24,Ideal,D,IF,62.8,55.0,0.61,0.62,0.36,300
0.42,Ideal,F,SI1,60.1,60.0,1.06,1.08,0.63,569
0.61,Ideal,G,SI1,63.9,57.0,1.58,1.56,0.95,1586
1.28,Very Good,F,SI2,59.8,58.0,3.29,3.25,2.04,8439
0.7,Premium,D,IF,65.0,61.0,1.79,1.8,1.09,3398
0.57,Ideal,E,VS1,64.1,54.0,1.46,1.47,0.91,1377
0.47,Very Good,H,VS1,61.9,56.0,1.22,1.29,0.76,723
1.03,Ideal,H,VS2,59.4,58.0,2.63,2.73,1.61,6431
1.46,Ideal,H,VS2,61.6,58.0,3.68,3.75,2.24,10759
1.26,Ideal,G,SI2,61.2,60.0,3.17,3.08,1.99,8932
1.0,Ideal,E,VS2,59.9,59.0,2.56,2.54,1.57,6338
0.35,Very Good,G,SI1,62.1,58.0,0.9,0.92,0.55,300
0.62,Very Good,J,IF,60.5,58.0,1.59,1.57,0.99,2199
1.96,Ideal,E,VVS2,60.7,58.0,4.94,4.94,2.93,17757
1.3,Fair,E,SI1,61.4,54.0,3.36,3.25,2.07,8416
0.34,Ideal,H,SI2,60.9,57.0,0.87,0.92,0.52,300
0.72,Ideal,E,VVS2,64.6,58.0,1.84,1.75,1.15,3144
0.89,Ideal,G,SI2,60.9,59.0,2.24,2.16,1.39,4726
0.51,Ideal,D,SI2,62.3,55.0,1.32,1.27,0.81,1804
0.23,Very Good,D,SI1,61.9,55.0,0.59,0.59,0.36,300
0.78,Very Good,F,VS2,62.2,57.0,1.99,1.91,1.24,3411
0.5,Good,E,VVS2,62.3,62.0,1.29,1.24,0.79,1271
0.5,Premium,D,SI1,62.9,56.0,1.29,1.35,0.81,485
0.62,Very Good,G,SI2,62.1,60.0,1.57,1.56,0.95,1726
0.69,Very Good,H,VS2,62.0,61.0,1.78,1.8,1.11,3229
0.74,Ideal,E,VS1,61.8,58.0,1.9,1.84,1.17,3740
0.48,Ideal,H,SI1,61.5,56.0,1.21,1.21,0.73,1106
0.66,Very Good,G,SI1,60.4,59.0,1.67,1.66,0.99,2695
0.31,Premium,D,IF,61.6,58.0,0.79,0.75,0.48,300
0.87,Ideal,E,IF,62.0,56.0,2.22,2.22,1.39,5723
0.2,Good,G,IF,62.3,56.0,0.51,0.42,0.31,300
0.64,Good,H,VVS2,62.0,58.0,1.62,1.64,0.98,2359
1.17,Very Good,G,SI2,61.4,60.0,3.01,2.99,1.83,6577
0.44,Premium,H,SI1,61.6,57.0,1.13,1.12,0.68,300
1.06,Very Good,I,SI1,60.9,57.0,2.71,2.75,1.65,6428
1.32,Ideal,E,SI1,62.1,59.0,3.41,3.43,2.06,9009
0.2,Premium,H,IF,61.4,57.0,0.51,0.49,0.32,300
0.69,Premium,G,VVS2,62.0,57.0,1.74,1.68,1.07,2152
0.2,Very Good,G,VS1,63.1,56.0,0.51,0.58,0.32,300
0.7,Premium,D,SI2,60.7,56.0,1.81,1.74,1.12,2367
0.74,Ideal,G,VVS1,62.5,63.0,1.87,1.9,1.12,3559
0.21,Ideal,J,VVS2,61.7,57.0,0.54,0.46,0.34,300
1.94,Ideal,J,SI2,64.5,61.0,4.87,4.92,2.89,16650
0.85,Premium,F,VVS1,61.4,61.0,2.17,2.22,1.32,4916
0.48,Ideal,F,SI1,62.7,57.0,1.23,1.13,0.74,300
1.54,Ideal,G,SI2,61.7,58.0,3.96,3.98,2.42,11070
0.3,Ideal,G,VS1,59.8,58.0,0.77,0.79,0.46,300
0.4,Good,J,VS1,61.0,54.0,1.02,1.06,0.63,300
0.23,Fair,G,SI2,62.9,54.0,0.59,0.61,0.37,300
1.82,Very Good,G,SI1,61.1,58.0,4.67,4.62,2.89,15372
0.87,Ideal,I,IF,58.6,57.0,2.22,2.21,1.34,4660
1.03,Premium,I,VS1,61.7,62.0,2.63,2.71,1.61,5838
0.86,Premium,I,VS1,60.2,57.0,2.22,2.16,1.39,4002
0.99,Ideal,I,SI1,61.9,62.0,2.51,2.53,1.51,5504
0.77,Ideal,F,SI2,63.9,56.0,1.96,2.02,1.17,3280
0.85,Ideal,I,SI1,62.8,62.0,2.13,2.08,1.27,4154
0.78,Very Good,H,SI1,63.9,59.0,2.0,1.93,1.22,3563
0.55,Ideal,I,SI1,60.9,59.0,1.39,1.33,0.86,1475
0.72,Very Good,D,SI1,61.5,56.0,1.83,1.85,1.13,2952
0.85,Very Good,D,VS2,60.2,59.0,2.15,2.09,1.31,4481
0.78,Very Good,H,SI1,60.7,61.0,1.96,1.95,1.21,3479
0.35,Very Good,H,VVS2,60.4,57.0,0.89,0.96,0.55,300
0.38,Premium,H,SI2,59.9,57.0,0.97,0.97,0.6,300
1.27,Ideal,G,VS2,63.6,57.0,3.23,3.19,1.93,8160
0.64,Good,J,I1,58.8,61.0,1.62,1.63,0.98,1843
0.99,Ideal,E,VS2,63.6,59.0,2.56,2.56,1.55,5623
0.43,Premium,F,SI2,63.4,61.0,1.08,1.1,0.67,349
0.35,Very Good,D,IF,62.4,58.0,0.9,0.98,0.56,300
0.49,Premium,I,VVS2,60.1,58.0,1.26,1.28,0.76,1070
0.66,Very Good,E,VS2,59.5,58.0,1.67,1.77,0.99,2940
0.53,Premium,E,SI2,60.9,60.0,1.35,1.37,0.84,734
1.41,Premium,I,VS2,62.6,57.0,3.65,3.61,2.21,10592
0.81,Very Good,G,VS1,61.7,61.0,2.07,2.18,1.24,3205
1.87,Good,I,SI1,60.2,58.0,4.71,4.7,2.8,15750
0.91,Premium,H,VS2,63.3,52.0,2.32,2.27,1.37,4677
0.22,Ideal,H,VVS2,64.1,59.0,0.56,0.68,0.34,300
1.26,Very Good,F,VS1,61.4,55.0,3.24,3.2,1.96,8038
0.35,Ideal,G,VVS2,61.9,59.0,0.9,0.86,0.56,300
0.83,Ideal,D,VVS1,59.6,59.0,2.09,2.06,1.31,4733
0.5,Ideal,I,VVS1,61.1,58.0,1.27,1.28,0.76,1363
2.16,Ideal,D,SI1,62.4,59.0,5.47,5.52,3.28,19862
1.52,Premium,H,VS2,62.2,60.0,3.93,3.8,2.37,11384
0.51,Ideal,E,VVS2,61.0,56.0,1.3,1.35,0.79,1591
0.7,Ideal,G,VS1,61.3,59.0,1.81,1.78,1.12,3175
0.84,Premium,I,IF,61.1,60.0,2.14,2.12,1.29,4449
1.14,Very Good,D,I1,61.3,61.0,2.93,3.02,1.74,7009
0.75,Fair,H,SI1,62.3,55.0,1.9,1.91,1.18,2762
0.44,Ideal,F,SI1,58.9,58.0,1.14,1.16,0.71,828
0.52,Ideal,F,SI1,61.6,55.0,1.32,1.32,0.79,810
0.74,Good,G,SI1,62.2,55.0,1.9,1.94,1.13,2671
1.37,Premium,G,VS1,60.9,58.0,3.47,3.55,2.12,9987
0.92,Premium,E,SI2,61.0,58.0,2.36,2.24,1.41,4524
0.5,Good,J,VS1,61.1,60.0,1.27,1.32,0.77,854
1.02,Ideal,E,VS1,61.0,57.0,2.56,2.64,1.59,6113
0.61,Very Good,D,SI1,61.7,57.0,1.55,1.58,0.93,2126
1.16,Good,J,SI1,61.9,58.0,2.96,2.93,1.84,7458
2.62,Premium,I,VS1,58.8,56.0,6.61,6.55,4.08,20000
0.62,Ideal,E,VS1,62.6,56.0,1.57,1.69,0.94,2562
1.11,Fair,G,VVS1,61.3,60.0,2.83,2.78,1.73,7131
0.51,Ideal,G,VVS2,64.4,56.0,1.29,1.37,0.79,1055
0.7,Premium,I,IF,60.0,60.0,1.78,1.8,1.06,3270
0.75,Good,G,VS2,60.5,59.0,1.91,2.01,1.14,3674
0.67,Very Good,I,VVS1,61.4,54.0,1.69,1.67,1.03,2544
2.54,Premium,G,VVS2,62.3,59.0,6.41,6.33,3.96,20000
0.64,Very Good,E,VVS1,59.0,59.0,1.65,1.65,1.0,2741
0.99,Ideal,H,I1,60.5,58.0,2.5,2.43,1.48,4928
0.28,Ideal,G,IF,62.5,57.0,0.72,0.85,0.45,300
0.92,Ideal,D,VS2,60.4,55.0,2.34,2.37,1.45,4710
1.31,Very Good,E,VVS2,63.6,60.0,3.39,3.43,2.08,9146
0.57,Ideal,D,SI2,61.1,57.0,1.43,1.47,0.88,1536
0.21,Premium,G,SI1,60.4,56.0,0.54,0.51,0.33,300
0.73,Very Good,E,SI1,62.6,59.0,1.86,1.85,1.17,3576
0.75,Good,J,SI1,64.0,56.0,1.88,1.89,1.12,2724
1.06,Good,I,SI2,62.3,55.0,2.68,2.78,1.66,6225
2.02,Ideal,H,VVS2,63.5,57.0,5.14,5.08,3.12,17418
0.61,Premium,G,I1,64.0,56.0,1.55,1.51,0.97,994
0.48,Very Good,D,SI1,60.4,55.0,1.22,1.2,0.75,975
0.41,Premium,G,SI2,63.0,59.0,1.06,1.03,0.65,300
0.82,Very Good,F,VS2,59.6,57.0,2.08,2.01,1.31,3714
0.94,Premium,E,SI1,62.3,60.0,2.39,2.25,1.5,4874
0.56,Very Good,F,SI1,61.6,56.0,1.44,1.35,0.85,1683
1.09,Ideal,G,VS2,63.4,54.0,2.8,2.85,1.67,6028
0.93,Ideal,F,VS1,63.3,58.0,2.34,2.34,1.44,5432
0.76,Premium,G,SI2,62.5,62.0,1.95,1.99,1.22,3106
0.47,Very Good,J,SI2,62.1,59.0,1.2,1.17,0.73,421
0.58,Premium,D,SI1,62.4,65.0,1.46,1.46,0.86,2223
0.22,Ideal,I,IF,61.8,58.0,0.56,0.64,0.34,300
0.83,Very Good,J,SI1,61.6,58.0,2.09,2.17,1.25,3311
0.75,Very Good,D,VS2,63.7,53.0,1.9,1.95,1.16,3713
0.81,Good,H,SI1,63.9,58.0,2.05,2.06,1.24,3420
0.95,Premium,F,VS2,61.5,58.0,2.41,2.44,1.48,5452
0.9,Premium,H,SI2,62.0,57.0,2.3,2.32,1.44,4770
0.7,Ideal,G,SI2,61.8,57.0,1.8,1.79,1.1,2321
0.76,Very Good,H,VS2,59.4,57.0,1.94,1.92,1.15,3666
0.37,Premium,G,SI1,61.2,57.0,0.95,1.01,0.58,300
0.55,Ideal,G,SI2,63.9,62.0,1.42,1.36,0.86,1772
0.76,Ideal,E,VS1,60.7,57.0,1.96,2.03,1.22,4244
0.51,Premium,G,IF,64.7,58.0,1.31,1.3,0.8,1377
1.14,Premium,D,SI1,63.3,57.0,2.88,2.81,1.78,7460
0.53,Very Good,J,VS1,62.3,59.0,1.34,1.31,0.84,1101
0.83,Ideal,G,IF,62.5,58.0,2.12,2.08,1.28,4606
0.79,Good,F,VVS2,60.4,57.0,2.01,1.98,1.27,3455
1.08,Ideal,D,VS2,61.3,53.0,2.72,2.69,1.62,6700
1.16,Ideal,J,VS1,63.7,58.0,2.94,2.91,1.81,6719
1.05,Premium,F,SI2,60.8,57.0,2.72,2.7,1.61,6104
0.26,Fair,D,VS2,63.2,57.0,0.66,0.66,0.4,300
1.35,Premium,H,SI1,59.8,55.0,3.43,3.47,2.11,9629
1.59,Premium,D,SI2,60.0,61.0,3.99,3.98,2.36,12355
0.58,Very Good,J,SI1,64.4,59.0,1.49,1.51,0.89,1146
0.83,Ideal,E,SI2,61.7,61.0,2.11,2.11,1.27,3926
0.47,Ideal,D,VS1,60.9,60.0,1.18,1.21,0.72,834
0.28,Premium,F,VS2,63.6,59.0,0.72,0.72,0.43,300
0.51,Ideal,G,VS2,63.4,55.0,1.31,1.28,0.8,462
0.57,Good,J,SI2,63.0,62.0,1.46,1.41,0.9,520
0.62,Premium,D,SI2,60.9,55.0,1.6,1.61,0.97,2328
0.46,Good,G,VS2,61.3,57.0,1.17,1.23,0.69,529
0.51,Premium,J,IF,62.1,59.0,1.31,1.3,0.8,1340
0.74,Ideal,E,SI2,62.7,59.0,1.87,1.83,1.15,3226
0.5,Ideal,G,SI1,61.0,59.0,1.28,1.27,0.78,1703
0.97,Good,I,VVS1,61.9,57.0,2.44,2.41,1.51,5509
1.04,Very Good,H,SI2,62.1,56.0,2.62,2.59,1.57,5867
2.44,Premium,J,VVS1,63.5,63.0,6.21,6.14,3.83,20000
1.3,Premium,F,VS2,62.8,57.0,3.26,3.25,1.94,8905
0.84,Ideal,F,SI1,59.6,57.0,2.14,2.15,1.3,4892
0.54,Ideal,G,SI1,61.4,56.0,1.38,1.33,0.82,544
0.86,Premium,E,SI1,60.4,58.0,2.2,2.16,1.37,4038
0.87,Premium,D,SI1,62.5,58.0,2.19,2.14,1.34,4265
0.57,Very Good,F,VVS1,63.0,57.0,1.44,1.37,0.91,2040
1.1,Good,J,VS1,61.8,58.0,2.81,2.76,1.76,7192
0.37,Very Good,E,VS1,61.3,61.0,0.95,0.94,0.6,300
0.66,Premium,G,VVS2,61.8,56.0,1.66,1.59,0.99,2963
0.98,Ideal,F,SI1,62.0,58.0,2.5,2.49,1.54,6369
0.64,Ideal,F,VS2,60.8,56.0,1.65,1.61,1.0,2951
0.67,Good,G,VS2,60.0,58.0,1.69,1.64,1.03,2323
0.69,Premium,D,VVS2,58.8,56.0,1.75,1.77,1.05,3537
0.49,Very Good,I,SI1,63.5,56.0,1.24,1.21,0.73,563
1.33,Very Good,E,VS1,62.4,54.0,3.43,3.41,2.12,9075
0.45,Ideal,J,VVS1,62.2,58.0,1.14,1.2,0.72,882
0.87,Fair,D,SI1,63.5,58.0,2.21,2.16,1.35,4043
0.91,Premium,I,SI2,59.9,62.0,2.35,2.43,1.42,4740
0.46,Very Good,I,VS2,59.3,59.0,1.17,1.15,0.73,300
0.77,Ideal,G,SI1,62.2,57.0,1.97,1.91,1.19,2800
0.47,Premium,G,VS1,62.1,55.0,1.18,1.15,0.74,635
1.49,Very Good,H,IF,59.3,55.0,3.86,3.86,2.41,11532
0.42,Premium,F,VS2,62.2,55.0,1.08,1.14,0.66,300
0.53,Ideal,G,VS2,61.1,62.0,1.36,1.4,0.84,1620
0.4,Ideal,J,VS1,60.6,58.0,1.01,1.01,0.62,300
0.38,Very Good,H,SI2,61.2,56.0,0.96,1.02,0.59,300
1.64,Ideal,E,SI1,58.3,55.0,4.19,4.1,2.5,13325
0.97,Ideal,E,VVS1,60.9,56.0,2.46,2.47,1.52,6470
0.79,Ideal,E,VS1,60.7,56.0,2.02,2.04,1.19,4217
0.53,Ideal,E,I1,62.5,60.0,1.36,1.38,0.84,1012
1.17,Ideal,H,SI1,61.5,57.0,3.01,2.93,1.84,7509
0.49,Premium,I,VS1,62.6,54.0,1.24,1.19,0.74,1565
1.1,Ideal,H,VS1,58.1,63.0,2.81,2.8,1.75,7561
0.48,Premium,D,VVS2,60.5,55.0,1.23,1.29,0.75,1220
0.54,Ideal,D,SI1,62.5,56.0,1.38,1.48,0.84,1354
1.08,Premium,G,VVS1,61.3,60.0,2.78,2.75,1.64,6779
1.14,Ideal,J,VS2,62.9,58.0,2.87,2.8,1.74,6651
1.0,Ideal,I,VS1,59.2,56.0,2.57,2.61,1.53,6527
0.44,Very Good,H,VS2,62.7,55.0,1.14,1.27,0.69,356
0.59,Ideal,F,SI2,60.8,55.0,1.5,1.56,0.9,1255
0.8,Premium,J,IF,60.7,56.0,2.03,1.99,1.2,4009
0.48,Ideal,D,SI2,63.1,58.0,1.21,1.35,0.74,1210
1.47,Premium,G,SI1,63.3,58.0,3.76,3.79,2.3,10487
0.22,Premium,D,VVS2,63.1,57.0,0.56,0.52,0.34,300
0.5,Ideal,E,VS2,64.6,57.0,1.26,1.36,0.77,1134
0.57,Very Good,E,VVS2,63.5,55.0,1.46,1.42,0.91,1951
0.2,Ideal,F,VS2,60.6,58.0,0.52,0.49,0.31,300
0.37,Premium,F,SI1,61.9,60.0,0.96,1.0,0.59,300
1.01,Premium,F,VVS1,61.2,57.0,2.58,2.58,1.61,6433
0.75,Very Good,F,SI2,64.5,57.0,1.91,1.91,1.13,2506
1.63,Premium,F,VVS2,63.2,58.0,4.2,4.2,2.56,12693
1.6,Very Good,D,SI1,61.4,60.0,4.07,4.13,2.5,12329
0.92,Fair,E,VVS2,62.9,56.0,2.36,2.24,1.41,5225
0.87,Very Good,E,SI2,60.0,61.0,2.23,2.24,1.34,4284
0.77,Fair,D,VS2,62.1,58.0,1.96,1.95,1.22,3609
0.2,Ideal,H,VVS1,60.4,58.0,0.5,0.46,0.31,300
0.37,Ideal,J,VS2,59.3,60.0,0.93,0.89,0.56,300
0.78,Premium,G,VS1,62.8,55.0,1.98,1.85,1.23,4712
1.01,Ideal,G,VVS2,63.0,59.0,2.57,2.53,1.59,6628
0.86,Very Good,E,VS1,62.3,58.0,2.21,2.27,1.33,4585
0.47,Ideal,G,VVS1,61.4,55.0,1.2,1.24,0.73,1007
1.18,Ideal,F,VS2,59.9,59.0,2.99,2.98,1.84,7705
1.55,Ideal,F,SI2,60.1,58.0,3.95,3.88,2.38,12329
1.18,Premium,J,SI2,60.3,57.0,2.98,3.02,1.83,7373
1.22,Ideal,F,SI1,61.4,59.0,3.07,3.14,1.84,7638
0.56,Very Good,E,SI2,63.2,56.0,1.41,1.46,0.85,625
1.27,Ideal,I,VS2,63.2,58.0,3.22,3.17,1.94,8540
0.8,Fair,F,SI2,59.4,57.0,2.01,1.97,1.26,3525
0.96,Premium,F,SI2,60.7,56.0,2.43,2.51,1.51,4897
0.89,Ideal,I,SI2,60.7,59.0,2.29,2.23,1.4,3947
0.7,Ideal,I,VVS2,58.2,57.0,1.77,1.79,1.08,2470
0.48,Good,D,VS2,62.5,54.0,1.21,1.12,0.72,429
0.71,Ideal,G,SI1,61.4,54.0,1.83,1.81,1.13,2695
1.21,Very Good,H,VVS1,61.5,59.0,3.1,3.13,1.87,8432
0.59,Ideal,I,SI2,63.6,55.0,1.48,1.48,0.91,1334
1.16,Very Good,E,IF,61.8,58.0,2.92,2.95,1.82,8285
1.07,Very Good,F,VS2,61.1,58.0,2.74,2.68,1.62,6716
0.64,Premium,F,SI2,62.5,57.0,1.63,1.59,1.0,2218
1.48,Premium,J,VS1,63.2,62.0,3.72,3.74,2.28,11225
0.62,Very Good,D,VS1,62.1,58.0,1.57,1.6,0.94,1776
1.58,Very Good,G,SI1,62.7,59.0,4.08,4.09,2.51,11686
0.92,Premium,H,VVS1,61.5,58.0,2.35,2.4,1.44,6087
0.73,Ideal,G,SI2,61.6,57.0,1.86,1.78,1.15,2286
0.48,Ideal,G,SI1,61.9,57.0,1.21,1.19,0.72,631
0.71,Good,D,SI2,60.6,61.0,1.79,1.88,1.09,2999
0.67,Premium,D,SI1,60.9,60.0,1.7,1.76,1.07,2032
0.39,Good,H,SI1,63.6,62.0,1.01,1.04,0.62,300
0.66,Fair,D,VVS1,64.5,58.0,1.66,1.65,1.02,3274
0.5,Ideal,E,SI2,63.9,56.0,1.29,1.34,0.78,864
0.99,Premium,D,SI1,59.8,57.0,2.5,2.52,1.48,5617
1.42,Very Good,H,VS2,59.7,55.0,3.61,3.53,2.27,10244
0.4,Very Good,F,VVS1,60.0,59.0,1.01,1.06,0.6,300
1.74,Fair,H,IF,61.9,56.0,4.45,4.41,2.8,14669
0.69,Ideal,E,VS1,57.8,51.0,1.76,1.8,1.05,2746
0.45,Ideal,J,IF,60.9,63.0,1.15,1.07,0.69,825
1.08,Good,F,VVS2,63.7,56.0,2.76,2.84,1.66,6056
0.59,Very Good,G,IF,63.1,56.0,1.5,1.49,0.92,1941
0.71,Ideal,H,VS1,61.0,61.0,1.82,1.76,1.13,3081
0.61,Ideal,F,SI2,61.1,55.0,1.53,1.5,0.96,2287
0.49,Premium,D,SI1,62.5,60.0,1.25,1.23,0.76,599
1.06,Good,F,VS1,63.0,56.0,2.67,2.67,1.58,6465
0.64,Fair,D,SI1,61.0,55.0,1.63,1.7,1.0,2093
0.36,Premium,H,SI1,61.4,61.0,0.93,0.93,0.58,300
0.98,Premium,G,VS2,60.9,60.0,2.47,2.36,1.5,5397
0.41,Fair,G,VVS1,59.8,60.0,1.06,1.0,0.63,300
0.42,Premium,J,SI2,61.4,58.0,1.08,1.22,0.65,466
1.34,Fair,F,VS1,61.3,59.0,3.41,3.42,2.1,9542
0.41,Ideal,E,VS1,59.9,55.0,1.03,1.08,0.63,565
0.23,Very Good,F,IF,62.6,58.0,0.59,0.57,0.37,300
1.01,Fair,E,VVS1,62.4,55.0,2.61,2.56,1.56,5324
0.64,Premium,F,VS1,62.7,54.0,1.62,1.6,1.01,2553
0.66,Premium,J,VS2,60.6,58.0,1.7,1.71,1.01,2594
0.63,Ideal,I,SI1,58.9,60.0,1.63,1.61,0.98,1935
0.83,Premium,F,VS2,62.4,57.0,2.11,2.21,1.29,4090
0.51,Very Good,H,VS1,60.8,57.0,1.31,1.28,0.81,1044
1.55,Ideal,J,VVS1,60.5,55.0,3.95,3.9,2.37,12037
0.35,Very Good,G,VVS2,59.9,58.0,0.89,0.93,0.56,300
0.93,Ideal,F,SI1,61.3,59.0,2.36,2.41,1.46,5422
1.02,Premium,H,VS2,63.9,59.0,2.57,2.57,1.54,6216
0.51,Premium,E,SI1,61.0,59.0,1.31,1.28,0.81,794
0.44,Good,F,I1,60.2,56.0,1.1,1.0,0.68,300
1.23,Premium,G,SI1,62.6,56.0,3.14,3.2,1.95,7710
0.45,Ideal,E,SI2,61.9,59.0,1.16,1.2,0.73,535
0.55,Ideal,F,VVS2,58.7,59.0,1.39,1.37,0.86,2082
1.15,Very Good,F,SI1,62.6,57.0,2.92,2.92,1.76,7412
0.75,Very Good,F,SI1,64.7,57.0,1.92,1.91,1.19,3339
0.3,Ideal,J,IF,58.1,60.0,0.76,0.84,0.47,300
1.77,Ideal,E,SI1,60.0,57.0,4.56,4.51,2.8,14575
0.57,Good,G,I1,57.7,59.0,1.45,1.42,0.88,1917
0.61,Premium,D,SI1,61.6,57.0,1.56,1.52,0.98,2036
0.84,Very Good,E,SI2,63.1,55.0,2.12,2.14,1.29,4070
1.01,Ideal,F,SI2,61.8,61.0,2.54,2.54,1.56,5964
1.97,Good,H,SI2,63.6,58.0,4.97,4.98,3.01,16202
0.32,Very Good,H,VS2,62.9,56.0,0.8,0.76,0.5,300
1.12,Ideal,G,SI2,64.1,54.0,2.85,2.92,1.72,7138
1.07,Good,G,SI1,63.3,55.0,2.74,2.72,1.71,6053
0.69,Premium,H,VVS1,61.1,57.0,1.73,1.79,1.03,2884
1.1,Premium,G,SI1,61.8,62.0,2.77,2.93,1.71,6514
1.18,Very Good,I,VVS1,60.5,56.0,3.01,2.97,1.83,7947
0.37,Premium,D,VS2,61.4,61.0,0.95,0.97,0.59,300
1.78,Premium,I,SI1,61.8,57.0,4.56,4.55,2.79,14322
0.34,Very Good,D,VS1,61.6,55.0,0.86,0.96,0.51,300
0.42,Premium,D,SI2,63.6,56.0,1.08,1.07,0.66,300
0.65,Ideal,F,SI2,61.2,55.0,1.68,1.69,1.06,1748
1.94,Ideal,E,VS1,60.4,56.0,4.92,4.93,3.05,16398
0.64,Very Good,G,VS2,60.5,56.0,1.64,1.63,0.99,1893
0.73,Very Good,F,VVS2,62.6,53.0,1.86,1.9,1.17,2812
1.52,Very Good,G,VVS1,59.7,61.0,3.93,3.93,2.44,11972
0.64,Premium,H,SI1,61.4,58.0,1.63,1.65,0.99,2848
0.41,Premium,F,VS2,63.6,56.0,1.06,1.07,0.65,300
0.6,Ideal,G,VS2,62.1,58.0,1.52,1.49,0.92,1812
1.47,Good,F,IF,61.6,56.0,3.73,3.72,2.22,10934
0.77,Fair,H,VVS2,61.6,52.0,1.98,2.01,1.23,3597
1.95,Premium,G,VVS1,60.3,64.0,5.01,5.04,2.99,17217
1.07,Ideal,J,SI1,60.5,58.0,2.75,2.81,1.67,6339
0.54,Very Good,J,VVS2,61.4,56.0,1.39,1.48,0.86,847
0.76,Ideal,H,SI1,62.1,53.0,1.95,1.92,1.22,2847
0.48,Very Good,J,SI1,63.0,54.0,1.23,1.24,0.73,341
0.53,Ideal,I,IF,61.8,61.0,1.35,1.34,0.82,1779
4.0,Ideal,E,I1,63.6,61.0,10.19,10.13,6.26,20000
1.23,Very Good,J,IF,63.9,59.0,3.13,3.16,1.94,8507
1.14,Very Good,F,SI2,62.8,55.0,2.92,2.96,1.83,6443
0.54,Premium,H,VVS2,63.4,61.0,1.37,1.32,0.81,1578
1.62,Very Good,D,SI1,60.3,58.0,4.09,4.07,2.52,12707
1.28,Ideal,G,SI1,60.1,59.0,3.22,3.2,1.9,8459
1.9,Ideal,H,SI1,62.4,58.0,4.91,4.83,3.05,15590
1.85,Ideal,G,VS2,59.8,54.0,4.65,4.65,2.77,15649
0.35,Ideal,G,SI1,61.3,55.0,0.88,0.82,0.55,300
0.43,Premium,F,VS1,62.8,56.0,1.09,1.1,0.65,1288
0.45,Very Good,I,I1,63.7,59.0,1.14,1.15,0.71,300
0.46,Ideal,D,SI2,61.3,54.0,1.17,1.19,0.7,576
0.87,Premium,G,SI2,60.8,57.0,2.19,2.21,1.34,4186
0.56,Ideal,G,SI1,62.1,57.0,1.41,1.49,0.87,1725
2.09,Very Good,E,VVS2,60.2,59.0,5.38,5.34,3.22,18529
1.92,Good,G,VVS1,61.5,59.0,4.93,4.89,2.97,16245
0.74,Ideal,D,SI1,61.7,55.0,1.86,1.89,1.11,3802
1.97,Very Good,G,VS2,61.7,61.0,5.05,5.04,2.98,16613
1.56,Ideal,E,VS1,61.8,55.0,3.99,4.05,2.39,12155
0.59,Ideal,I,SI1,60.5,60.0,1.51,1.54,0.92,1478
0.27,Ideal,D,SI1,60.7,56.0,0.69,0.79,0.43,300
0.66,Ideal,E,VS2,60.7,58.0,1.67,1.67,1.04,2898
0.54,Premium,H,SI2,59.4,58.0,1.38,1.31,0.82,1760
0.82,Ideal,I,SI2,62.2,58.0,2.08,2.1,1.25,3364
0.77,Very Good,H,SI2,63.0,59.0,1.95,1.95,1.21,2580
0.76,Premium,D,VS1,62.8,58.0,1.93,1.96,1.18,3537
0.96,Premium,H,SI2,61.3,59.0,2.47,2.5,1.48,4912
0.4,Premium,G,SI2,60.6,59.0,1.02,0.99,0.62,300
0.91,Premium,J,SI1,62.7,55.0,2.31,2.26,1.39,4649
0.59,Very Good,G,SI2,62.6,58.0,1.52,1.51,0.9,2242
0.82,Premium,F,SI1,62.0,56.0,2.12,2.0,1.32,3714
1.2,Ideal,D,VVS1,64.1,55.0,3.05,3.05,1.84,7499
0.4,Very Good,G,I1,61.7,57.0,1.02,1.0,0.64,300
0.64,Ideal,E,VS1,61.3,58.0,1.64,1.68,1.03,2711
0.7,Ideal,F,SI1,61.1,58.0,1.76,1.66,1.09,2543
0.57,Ideal,J,VS1,59.5,60.0,1.46,1.46,0.88,1852
1.16,Premium,H,VS2,62.6,60.0,2.98,3.06,1.79,7420
0.52,Ideal,F,SI1,61.6,58.0,1.32,1.35,0.8,1281
0.56,Fair,D,VVS2,62.4,59.0,1.41,1.46,0.85,1941
0.52,Ideal,D,VS2,64.3,58.0,1.31,1.33,0.82,1256
1.28,Fair,H,VVS2,61.2,59.0,3.28,3.2,1.95,8881
0.58,Ideal,H,SI1,58.4,59.0,1.47,1.48,0.91,1168
0.93,Ideal,H,IF,62.4,57.0,2.37,2.39,1.46,5135
1.99,Very Good,D,VVS2,61.9,62.0,5.06,5.01,3.15,17319
0.71,Very Good,D,IF,60.7,56.0,1.79,1.78,1.09,3116
1.29,Ideal,E,VS2,62.3,61.0,3.29,3.14,2.02,9066
1.71,Very Good,G,VS2,62.8,55.0,4.35,4.33,2.73,13306
1.24,Ideal,G,VS1,60.4,59.0,3.17,3.15,1.88,8407
0.73,Good,G,VVS1,61.3,61.0,1.85,1.92,1.1,3667
1.02,Good,H,IF,63.8,53.0,2.58,2.55,1.56,6023
0.39,Ideal,G,SI1,60.7,58.0,1.0,0.99,0.61,300
0.5,Ideal,J,VVS2,61.8,59.0,1.28,1.28,0.77,898
0.55,Ideal,I,SI1,58.0,58.0,1.41,1.38,0.84,1726
2.27,Very Good,D,VS2,59.6,58.0,5.72,5.76,3.38,20000
0.49,Ideal,E,SI2,61.9,58.0,1.24,1.14,0.77,1273
0.49,Premium,G,SI1,63.4,55.0,1.25,1.31,0.76,926
0.44,Premium,G,VVS1,59.8,63.0,1.13,1.13,0.7,828
0.98,Ideal,G,SI2,61.8,56.0,2.53,2.6,1.53,5888
0.8,Premium,E,VS1,61.2,58.0,2.06,1.92,1.27,4569
1.28,Premium,E,VS2,63.0,56.0,3.22,3.1,1.96,8115
1.04,Very Good,E,SI2,60.0,52.0,2.68,2.67,1.65,5981
0.37,Ideal,E,SI1,62.3,55.0,0.95,0.98,0.57,300
0.49,Very Good,H,VS2,60.8,54.0,1.23,1.2,0.73,618
1.47,Ideal,G,SI2,62.0,60.0,3.74,3.77,2.35,10433
0.67,Very Good,G,VVS2,61.8,56.0,1.71,1.76,1.07,2305
1.34,Ideal,G,IF,61.3,56.0,3.39,3.42,2.04,10197
0.69,Ideal,E,SI1,62.4,55.0,1.76,1.77,1.11,2314
0.46,Very Good,H,SI2,61.8,58.0,1.19,1.19,0.72,300
0.64,Good,I,VS2,61.5,56.0,1.65,1.62,1.0,1476
0.46,Good,G,VS1,61.2,60.0,1.19,1.19,0.74,1076
0.56,Premium,D,SI1,61.8,58.0,1.43,1.38,0.86,1594
0.82,Ideal,H,I1,62.0,56.0,2.08,2.04,1.25,3873
0.96,Fair,F,VS2,60.3,59.0,2.46,2.49,1.49,5347
0.33,Ideal,G,IF,61.2,58.0,0.84,0.82,0.51,300
0.73,Very Good,J,SI1,60.2,58.0,1.83,1.79,1.09,2837
0.55,Premium,G,SI1,61.6,54.0,1.41,1.43,0.83,1770
0.54,Ideal,E,IF,60.9,57.0,1.37,1.39,0.86,1682
0.79,Very Good,G,VS1,62.8,58.0,1.99,1.98,1.2,2768
0.56,Premium,D,VS1,62.6,60.0,1.41,1.4,0.84,1528
1.48,Fair,H,VS2,60.4,56.0,3.82,3.84,2.37,10249
1.34,Good,J,IF,61.7,63.0,3.39,3.44,2.04,9920
1.34,Very Good,D,VS1,62.6,59.0,3.41,3.42,2.04,9505
0.58,Fair,G,VVS1,61.5,54.0,1.5,1.44,0.94,2012
0.46,Ideal,F,VS1,60.7,56.0,1.17,1.16,0.73,888
0.77,Premium,E,VS1,60.2,61.0,1.94,1.92,1.15,3860
0.69,Premium,H,SI1,62.9,60.0,1.76,1.71,1.1,2595
0.55,Very Good,E,SI1,63.0,58.0,1.38,1.4,0.86,1811
0.41,Very Good,I,VVS2,61.4,58.0,1.03,1.06,0.63,300
0.73,Ideal,H,SI1,62.8,55.0,1.88,1.92,1.15,3291
0.61,Ideal,I,VS2,57.5,60.0,1.55,1.5,0.93,2555
1.05,Good,E,SI1,63.6,55.0,2.69,2.7,1.6,5925
1.03,Ideal,H,VVS2,61.5,59.0,2.63,2.63,1.62,6326
1.28,Premium,E,SI2,61.9,60.0,3.24,3.26,2.02,8522
0.39,Premium,D,VVS2,61.3,58.0,0.99,1.0,0.61,868
0.91,Premium,F,VS2,63.7,60.0,2.29,2.29,1.37,4537
0.51,Good,F,SI2,60.2,62.0,1.29,1.28,0.78,647
0.4,Good,G,VS2,63.8,58.0,1.02,1.08,0.62,300
0.6,Premium,H,SI1,62.3,57.0,1.52,1.48,0.93,1265
1.26,Very Good,G,SI1,62.6,57.0,3.23,3.22,1.92,8046
0.61,Ideal,F,SI1,61.2,56.0,1.53,1.58,0.94,2392
1.62,Premium,D,SI2,59.9,56.0,4.13,4.09,2.56,12798
0.97,Very Good,D,IF,63.0,58.0,2.49,2.45,1.49,5797
0.61,Ideal,D,SI2,62.1,57.0,1.55,1.59,0.93,2260
1.32,Very Good,D,VS1,63.6,58.0,3.4,3.33,2.04,10005
0.93,Premium,G,SI1,61.4,54.0,2.38,2.41,1.49,5001
0.46,Ideal,F,VS1,61.1,57.0,1.19,1.17,0.72,1374
1.88,Ideal,D,SI1,63.6,60.0,4.76,4.78,2.91,16073
0.84,Ideal,G,VS1,64.4,55.0,2.17,2.11,1.34,4065
0.75,Ideal,D,VS1,61.7,58.0,1.92,1.98,1.16,3739
0.48,Ideal,G,VS1,60.6,53.0,1.23,1.17,0.73,1124
1.34,Ideal,F,SI2,62.8,55.0,3.46,3.5,2.13,8925
0.96,Very Good,E,VS1,61.3,59.0,2.45,2.39,1.51,4645
1.01,Fair,D,SI1,62.5,57.0,2.6,2.69,1.56,5355
0.57,Very Good,H,SI2,61.3,62.0,1.46,1.46,0.86,595
1.12,Very Good,E,SI1,63.9,58.0,2.86,2.96,1.76,6573
1.17,Ideal,F,VS2,60.7,59.0,2.98,2.94,1.84,7156
0.53,Ideal,H,VS2,62.4,55.0,1.34,1.32,0.79,1479
0.36,Premium,E,VS1,61.0,57.0,0.92,0.98,0.57,300
0.99,Fair,F,SI1,61.3,56.0,2.56,2.49,1.61,5553
0.34,Ideal,E,SI1,61.1,55.0,0.87,0.84,0.52,300
0.8,Very Good,H,SI2,62.7,59.0,2.06,2.08,1.26,3638
0.59,Ideal,G,VS1,63.0,59.0,1.51,1.46,0.93,1285
1.36,Premium,F,VS2,62.5,58.0,3.45,3.48,2.07,10015
0.61,Very Good,G,SI1,61.5,56.0,1.54,1.55,0.95,1906
1.29,Good,I,VS1,61.9,58.0,3.26,3.18,2.04,8935
0.57,Good,D,VS2,63.0,53.0,1.43,1.48,0.89,2106
1.22,Ideal,G,VS2,63.0,60.0,3.13,3.07,1.88,8410
2.08,Ideal,E,VS2,57.9,55.0,5.35,5.39,3.33,18106
0.43,Ideal,G,VS1,61.3,55.0,1.09,1.1,0.66,729
0.86,Good,G,VS1,61.4,58.0,2.16,2.14,1.3,3809
2.93,Premium,G,SI1,62.6,58.0,7.43,7.37,4.43,20000
0.77,Ideal,G,SI2,61.6,57.0,1.95,1.97,1.22,3161
0.76,Ideal,F,SI2,62.7,55.0,1.93,1.89,1.17,3209
1.1,Good,F,VS1,60.2,60.0,2.78,2.84,1.74,6403
0.76,Fair,G,VVS1,62.1,54.0,1.93,1.99,1.15,2898
0.32,Ideal,I,SI1,63.0,54.0,0.83,0.91,0.52,300
1.3,Very Good,G,SI2,59.6,57.0,3.3,3.31,1.96,8650
0.27,Very Good,I,VS1,65.2,55.0,0.69,0.67,0.41,300
0.6,Fair,I,VVS2,63.4,60.0,1.54,1.53,0.97,2209
1.35,Premium,D,VVS1,61.7,55.0,3.42,3.4,2.03,10090
0.62,Ideal,F,VS2,60.5,61.0,1.6,1.61,0.97,2470
0.52,Ideal,F,VVS1,61.5,60.0,1.33,1.35,0.83,1541
1.15,Premium,G,I1,61.8,60.0,2.89,2.95,1.8,6549
0.48,Premium,D,SI2,62.3,62.0,1.21,1.21,0.74,804
0.4,Good,F,SI2,63.8,58.0,1.03,0.96,0.63,300
0.85,Premium,E,VS1,61.0,55.0,2.16,2.14,1.33,4555
0.68,Premium,G,SI2,62.5,57.0,1.73,1.81,1.03,2743
0.4,Premium,D,VS2,59.9,56.0,1.01,0.93,0.61,750
1.02,Premium,E,VS2,61.1,56.0,2.57,2.61,1.55,6285
0.93,Very Good,D,SI1,62.2,58.0,2.39,2.37,1.45,5108
0.62,Good,I,VVS1,62.7,57.0,1.6,1.56,0.96,1706
0.64,Very Good,H,SI2,60.6,56.0,1.63,1.65,0.98,1840
0.94,Good,H,SI1,61.1,57.0,2.38,2.46,1.44,4721
1.34,Very Good,H,VVS2,63.7,59.0,3.46,3.48,2.09,9497
0.64,Ideal,D,SI2,63.3,60.0,1.64,1.63,1.0,1763
1.03,Premium,J,VS1,62.0,54.0,2.65,2.59,1.58,5729
0.98,Premium,J,VVS2,58.6,57.0,2.46,2.46,1.53,5887
1.15,Ideal,H,VVS1,65.2,57.0,2.93,2.86,1.83,7241
0.76,Ideal,I,VVS1,61.7,55.0,1.96,1.94,1.18,3305
0.47,Premium,H,SI1,61.3,57.0,1.19,1.19,0.71,300
0.59,Ideal,E,VS2,61.0,58.0,1.51,1.39,0.93,1934
0.88,Very Good,F,SI2,62.2,59.0,2.25,2.32,1.41,3490
1.84,Very Good,J,SI1,62.2,58.0,4.64,4.58,2.74,14533
0.58,Premium,G,SI2,63.0,56.0,1.49,1.48,0.88,1711
1.11,Ideal,G,SI1,60.4,62.0,2.8,2.83,1.67,7139
0.63,Ideal,I,VVS1,61.3,59.0,1.62,1.69,1.0,2642
0.78,Very Good,E,SI1,64.5,59.0,2.02,1.98,1.27,2759
1.58,Good,E,VS2,62.0,60.0,4.08,3.95,2.53,11934
1.09,Ideal,E,VS2,61.5,58.0,2.8,2.85,1.72,6872
0.4,Good,E,VS2,60.4,60.0,1.02,0.96,0.63,314
0.56,Premium,J,IF,62.4,58.0,1.44,1.46,0.86,2133
1.39,Ideal,D,SI1,63.1,58.0,3.57,3.59,2.2,10349
0.8,Ideal,E,VS1,62.9,59.0,2.01,1.85,1.21,3848
0.42,Ideal,D,SI1,61.3,61.0,1.06,0.98,0.63,300
0.49,Ideal,J,SI2,62.2,61.0,1.25,1.23,0.75,1094
1.05,Premium,D,VS2,64.0,59.0,2.64,2.51,1.63,6246
1.22,Ideal,E,VVS2,63.2,59.0,3.15,3.08,1.96,8063
0.75,Premium,D,SI2,60.6,59.0,1.91,1.92,1.17,3262
2.55,Very Good,I,SI2,58.1,60.0,6.45,6.45,3.82,20000
1.12,Fair,E,SI2,62.1,60.0,2.85,2.87,1.69,6379
0.66,Very Good,D,VS1,62.8,57.0,1.7,1.72,1.02,2430
0.49,Premium,E,VS1,60.2,60.0,1.27,1.19,0.76,927
0.46,Premium,F,VS2,61.7,58.0,1.16,1.1,0.7,1011
0.88,Ideal,D,VS2,61.3,59.0,2.26,2.3,1.34,4969
0.58,Very Good,G,VVS1,61.8,61.0,1.48,1.56,0.92,2331
1.71,Good,F,VS1,60.9,59.0,4.37,4.32,2.7,14239
1.54,Ideal,G,VVS2,63.5,60.0,3.96,3.97,2.39,11353
1.02,Good,D,VVS2,61.9,57.0,2.58,2.62,1.58,5923
0.41,Premium,J,VS1,60.5,61.0,1.05,1.06,0.62,300
0.53,Premium,G,VS2,63.0,59.0,1.34,1.33,0.81,1225
1.39,Premium,E,VVS1,59.9,58.0,3.5,3.47,2.19,10652
0.56,Good,E,VVS1,63.5,60.0,1.41,1.51,0.87,1587
1.3,Good,F,SI2,63.1,63.0,3.28,3.28,1.95,8410
0.94,Good,D,SI2,63.6,55.0,2.4,2.42,1.5,5147
0.76,Premium,D,IF,61.5,56.0,1.91,1.93,1.18,4177
0.52,Premium,J,SI1,61.0,63.0,1.33,1.29,0.81,1111
0.71,Very Good,G,VVS1,61.8,58.0,1.82,1.82,1.12,2411
0.81,Ideal,J,SI1,61.6,58.0,2.09,2.07,1.25,4097
1.24,Ideal,H,SI2,60.8,57.0,3.17,3.15,1.94,8181
0.48,Fair,F,SI2,60.9,60.0,1.24,1.26,0.76,418
0.65,Premium,D,SI2,61.2,63.0,1.63,1.58,1.02,2150
0.76,Ideal,D,SI1,60.1,56.0,1.95,1.89,1.16,3364
1.03,Very Good,I,VS2,62.6,57.0,2.59,2.62,1.57,5505
0.47,Very Good,I,VS1,61.6,57.0,1.21,1.18,0.76,300
0.38,Premium,F,IF,61.3,59.0,0.97,0.95,0.58,300
1.04,Ideal,F,VS2,60.1,60.0,2.66,2.56,1.66,5885
0.35,Ideal,H,VS2,60.1,61.0,0.89,0.94,0.53,300
1.41,Premium,D,VS2,64.4,59.0,3.56,3.59,2.1,9820
0.69,Ideal,D,VS2,60.8,63.0,1.77,1.81,1.07,3388
0.34,Premium,G,VS2,62.6,56.0,0.88,0.9,0.55,300
0.58,Ideal,D,I1,61.9,56.0,1.46,1.38,0.87,2000
0.9,Premium,G,I1,57.8,61.0,2.32,2.33,1.4,4984
0.57,Very Good,E,SI2,64.2,58.0,1.44,1.41,0.86,932
0.75,Ideal,G,SI2,62.7,54.0,1.93,1.88,1.16,2997
1.07,Premium,I,VS1,60.6,57.0,2.77,2.8,1.69,6220
0.67,Very Good,D,SI1,61.7,58.0,1.69,1.77,1.02,2732
0.46,Ideal,G,VVS1,60.1,56.0,1.17,1.24,0.7,1696
0.64,Fair,E,VVS1,64.3,55.0,1.62,1.65,0.98,2691
1.5,Very Good,G,IF,60.4,57.0,3.81,3.81,2.35,11339
1.72,Good,J,VVS1,61.0,55.0,4.42,4.41,2.63,13746
0.27,Ideal,I,SI1,60.7,59.0,0.69,0.64,0.42,300
1.28,Ideal,G,VS2,61.8,53.0,3.31,3.3,1.99,8883
0.84,Very Good,E,SI2,63.6,58.0,2.12,2.17,1.28,4252
1.18,Ideal,G,VVS2,64.2,59.0,3.01,3.1,1.87,8072
0.56,Premium,E,VVS1,61.1,57.0,1.43,1.39,0.9,2006
0.31,Ideal,E,VVS2,62.2,60.0,0.8,0.7,0.48,300
0.99,Premium,E,VS2,61.8,54.0,2.49,2.46,1.53,5284
0.46,Premium,G,VS1,60.3,56.0,1.19,1.24,0.73,488
0.37,Ideal,D,SI2,65.1,57.0,0.94,1.04,0.59,300
0.38,Very Good,G,SI2,63.6,59.0,0.97,1.04,0.61,300
1.0,Good,G,VS1,62.0,58.0,2.54,2.6,1.55,5744
0.79,Premium,I,SI1,63.9,62.0,2.04,2.0,1.28,3388
1.1,Ideal,H,IF,63.4,56.0,2.81,2.77,1.77,7217
1.04,Premium,J,SI2,61.8,54.0,2.66,2.59,1.62,5932
0.6,Good,F,VVS2,62.2,61.0,1.54,1.51,0.94,1896
0.72,Very Good,H,VS2,63.8,54.0,1.83,1.88,1.13,2946
0.57,Premium,H,VVS2,60.4,59.0,1.43,1.51,0.87,2254
0.67,Very Good,E,VVS2,64.0,55.0,1.72,1.74,1.06,2769
0.46,Ideal,H,VVS1,61.4,53.0,1.17,1.16,0.71,691
0.9,Ideal,H,SI1,63.8,57.0,2.32,2.27,1.37,4883
1.27,Premium,I,IF,61.7,59.0,3.25,3.24,2.03,9125
0.49,Very Good,E,SI2,62.2,55.0,1.24,1.25,0.78,836
1.41,Premium,I,SI2,61.7,59.0,3.61,3.54,2.13,10376
0.78,Good,G,VS2,61.0,59.0,2.0,2.05,1.24,3732
0.84,Ideal,G,VVS2,61.3,55.0,2.16,2.14,1.31,4984
0.32,Premium,E,VS2,63.6,57.0,0.82,0.86,0.5,300
0.3,Premium,F,VVS2,58.5,61.0,0.76,0.76,0.46,300
0.8,Ideal,E,VS1,60.0,59.0,2.07,2.08,1.27,4600
1.1,Premium,J,SI1,60.7,57.0,2.8,2.76,1.71,6201
0.53,Ideal,H,IF,60.2,58.0,1.37,1.35,0.86,2442
1.71,Good,H,SI2,63.8,56.0,4.32,4.35,2.67,13492
1.07,Ideal,I,VVS1,63.5,60.0,2.69,2.68,1.63,6765
0.47,Ideal,H,SI1,62.5,60.0,1.2,1.14,0.74,1036
0.75,Ideal,H,VS2,60.8,58.0,1.9,1.91,1.19,3596
2.56,Ideal,F,SI1,63.6,58.0,6.62,6.64,3.93,20000
0.4,Very Good,E,SI2,59.5,55.0,1.01,1.08,0.61,300
0.96,Premium,G,SI1,64.7,55.0,2.41,2.47,1.51,5148
0.63,Premium,E,SI1,60.7,57.0,1.58,1.58,0.98,2261
1.05,Premium,G,SI1,61.3,57.0,2.65,2.62,1.66,6635
1.4,Premium,H,SI2,61.1,60.0,3.58,3.57,2.12,9942
0.61,Very Good,F,VS2,60.2,60.0,1.56,1.53,0.97,1630
1.3,Good,J,VVS2,64.4,58.0,3.3,3.33,2.05,8497
2.25,Premium,J,VS2,62.8,60.0,5.66,5.71,3.52,20000
0.77,Very Good,G,VVS1,63.4,55.0,1.95,2.01,1.2,2959
1.1,Ideal,D,VS1,60.0,60.0,2.78,2.76,1.65,6808
0.55,Very Good,E,VS1,62.0,56.0,1.41,1.38,0.86,1392
0.75,Good,J,VS1,62.4,60.0,1.93,1.91,1.17,3399
0.68,Premium,D,VS2,62.1,57.0,1.75,1.65,1.07,2698
1.1,Premium,E,VS1,60.1,53.0,2.84,2.78,1.76,7178
1.35,Ideal,F,SI2,63.2,59.0,3.48,3.48,2.14,9358
0.7,Premium,E,VVS2,61.9,59.0,1.78,1.8,1.07,3123
1.59,Very Good,G,VVS2,60.4,56.0,4.04,4.06,2.48,12146
1.59,Ideal,H,SI1,59.1,57.0,4.11,4.07,2.44,12524
1.13,Premium,G,VS1,62.5,57.0,2.89,2.87,1.71,6732
0.57,Good,F,I1,65.1,53.0,1.44,1.43,0.87,829
0.55,Premium,F,SI1,60.3,52.0,1.41,1.39,0.87,1729
0.49,Ideal,F,SI2,61.9,60.0,1.27,1.3,0.79,567
1.19,Premium,D,VVS2,63.3,56.0,3.07,3.0,1.88,7491
0.4,Very Good,D,VS1,59.9,62.0,1.01,0.95,0.63,300
1.04,Very Good,D,VVS2,61.0,61.0,2.69,2.68,1.6,6833
0.43,Very Good,E,I1,60.5,61.0,1.11,1.04,0.7,437
1.12,Premium,D,VS2,63.1,56.0,2.83,2.73,1.77,6965
0.75,Premium,I,VS1,63.6,54.0,1.94,1.87,1.19,2670
1.44,Good,H,SI2,61.9,55.0,3.71,3.7,2.2,9934
1.31,Ideal,G,VS1,60.5,57.0,3.29,3.32,2.0,9694
1.52,Ideal,D,SI2,61.1,52.0,3.9,3.93,2.33,10909
1.54,Premium,G,SI2,60.8,56.0,3.9,3.98,2.4,11788
0.8,Ideal,E,VS2,60.3,57.0,2.05,2.06,1.23,3439
0.42,Good,I,VS1,61.6,55.0,1.08,1.09,0.66,300
0.44,Premium,H,SI2,62.5,55.0,1.12,1.11,0.67,300
0.26,Ideal,E,SI2,62.4,57.0,0.66,0.65,0.39,300
0.43,Ideal,I,SI1,61.7,58.0,1.11,1.21,0.67,715
0.77,Ideal,G,SI1,61.8,56.0,1.99,2.0,1.18,3764
0.56,Very Good,H,SI1,61.6,58.0,1.41,1.43,0.87,1817
0.68,Ideal,G,SI1,59.9,58.0,1.76,1.7,1.06,2757
0.95,Good,E,VS1,61.9,58.0,2.39,2.41,1.48,5110
0.64,Ideal,G,VS2,60.9,56.0,1.62,1.65,1.0,2752
0.42,Ideal,F,VVS2,59.8,55.0,1.08,1.14,0.64,1134
0.72,Very Good,I,VS1,62.2,61.0,1.85,1.88,1.11,3283
0.47,Ideal,E,SI2,60.8,59.0,1.21,1.2,0.74,965
0.65,Fair,G,SI2,62.0,60.0,1.63,1.62,1.02,2404
1.45,Premium,F,VVS1,62.9,57.0,3.65,3.65,2.21,11037
0.65,Premium,E,SI2,60.4,57.0,1.68,1.69,1.03,2289
1.8,Premium,H,SI2,61.8,59.0,4.53,4.59,2.81,14691
1.52,Ideal,D,SI2,59.2,53.0,3.82,3.87,2.38,11635
0.55,Ideal,F,VS1,63.8,55.0,1.42,1.46,0.89,1822
0.43,Premium,G,VS2,59.8,56.0,1.1,1.2,0.67,359
0.72,Ideal,I,IF,61.0,56.0,1.83,1.7,1.09,3726
1.32,Ideal,D,VVS1,63.6,56.0,3.33,3.31,2.07,9917
0.58,Fair,E,SI1,61.4,58.0,1.5,1.5,0.89,1562
1.17,Ideal,H,SI1,60.0,58.0,3.03,3.0,1.84,7276
1.36,Good,G,SI1,62.7,61.0,3.42,3.37,2.1,9776
0.5,Ideal,E,SI2,62.7,63.0,1.28,1.19,0.79,581
0.53,Very Good,E,SI2,60.8,55.0,1.34,1.32,0.83,715
1.06,Good,E,SI2,61.0,58.0,2.73,2.77,1.63,6225
0.8,Premium,G,SI2,61.1,58.0,2.03,2.07,1.28,2715
0.53,Ideal,E,SI1,61.4,57.0,1.36,1.32,0.81,1871
0.62,Premium,G,SI1,59.0,55.0,1.58,1.59,0.94,2042
0.72,Good,H,IF,61.4,55.0,1.84,1.91,1.13,3726
0.34,Premium,F,VS2,64.2,58.0,0.88,0.8,0.55,300
1.09,Ideal,D,IF,60.4,55.0,2.78,2.77,1.7,7353
0.58,Premium,H,SI1,60.9,58.0,1.49,1.5,0.91,2044
0.2,Very Good,G,VS2,60.0,57.0,0.51,0.51,0.31,300
0.73,Premium,E,SI1,62.6,58.0,1.84,1.88,1.09,3225
0.51,Fair,F,SI2,63.4,55.0,1.3,1.23,0.8,354
1.72,Ideal,D,SI2,63.4,58.0,4.38,4.33,2.65,13939
0.55,Ideal,E,IF,60.0,56.0,1.4,1.43,0.88,2421
0.43,Premium,J,IF,62.4,58.0,1.11,1.02,0.66,519
0.96,Very Good,D,SI2,63.7,60.0,2.45,2.49,1.48,5379
0.53,Ideal,E,SI2,62.4,58.0,1.37,1.39,0.84,1521
0.5,Premium,D,SI1,62.4,58.0,1.28,1.32,0.78,1075
0.96,Ideal,F,SI2,61.0,59.0,2.43,2.41,1.47,6232
0.44,Ideal,D,SI1,62.0,54.0,1.11,1.14,0.67,446
0.36,Ideal,I,SI2,63.4,61.0,0.93,0.87,0.55,300
1.76,Premium,G,VS2,62.2,55.0,4.43,4.41,2.76,14536
0.99,Premium,D,SI1,60.0,59.0,2.49,2.49,1.51,5197
0.65,Ideal,H,SI1,61.1,59.0,1.63,1.59,1.0,2834
0.74,Premium,J,SI2,63.4,56.0,1.88,1.89,1.15,3055
0.95,Premium,E,SI1,62.2,60.0,2.42,2.36,1.48,5332
1.21,Very Good,D,IF,61.9,59.0,3.04,3.05,1.88,8649
0.51,Ideal,I,SI1,60.9,62.0,1.3,1.39,0.8,1207
0.89,Premium,D,VVS1,63.4,58.0,2.26,2.2,1.36,5573
0.58,Very Good,E,VVS2,64.0,57.0,1.49,1.49,0.91,1683
0.67,Good,F,IF,63.5,56.0,1.73,1.65,1.04,3304
0.8,Premium,D,VVS2,63.7,54.0,2.05,2.01,1.26,3623
0.74,Ideal,G,VS1,61.2,57.0,1.89,1.93,1.15,2783
1.07,Premium,I,VVS2,61.0,57.0,2.7,2.68,1.6,6817
0.95,Very Good,H,SI2,61.5,58.0,2.45,2.49,1.52,5358
0.35,Ideal,G,VS2,61.8,54.0,0.89,0.91,0.53,300
0.38,Good,F,IF,63.7,57.0,0.96,0.96,0.6,300
0.62,Premium,E,VS1,63.3,59.0,1.6,1.55,0.96,1720
1.85,Very Good,E,IF,62.5,59.0,4.79,4.82,3.02,15924
0.48,Very Good,F,VVS2,59.7,53.0,1.24,1.26,0.75,991
0.67,Very Good,E,VVS1,59.3,59.0,1.73,1.65,1.02,3499
0.57,Premium,I,VS1,62.0,57.0,1.47,1.42,0.87,1591
0.56,Good,J,VS1,62.9,57.0,1.44,1.3,0.85,950
0.81,Premium,D,VS2,61.6,52.0,2.05,1.98,1.21,4053
1.49,Premium,J,VVS1,64.4,61.0,3.85,3.83,2.31,11491
0.93,Premium,H,VVS2,60.2,58.0,2.4,2.35,1.45,5774
0.5,Premium,E,VVS2,60.0,54.0,1.26,1.22,0.75,1281
2.93,Ideal,G,VS1,60.8,58.0,7.47,7.54,4.54,20000
0.77,Very Good,D,SI1,60.7,58.0,1.94,1.99,1.17,3805
0.56,Premium,H,SI2,62.4,60.0,1.45,1.42,0.89,982
1.5,Good,J,VVS1,61.1,57.0,3.83,3.87,2.29,11432
0.59,Good,H,VS2,59.5,58.0,1.49,1.55,0.93,1603
1.7,Premium,F,SI1,62.9,56.0,4.31,4.34,2.63,13326
0.48,Premium,G,SI2,59.2,59.0,1.24,1.25,0.76,721
1.51,Ideal,F,VVS2,60.2,56.0,3.86,3.91,2.28,11729
0.82,Premium,D,VVS2,59.4,56.0,2.09,2.13,1.28,5122
1.41,Ideal,D,VVS2,62.0,57.0,3.59,3.53,2.17,10439
1.92,Fair,H,VS1,62.0,55.0,4.83,4.82,3.03,15763
0.42,Good,G,SI1,64.4,61.0,1.06,1.03,0.66,424
1.4,Fair,F,SI1,63.0,62.0,3.58,3.64,2.2,9927
0.37,Very Good,D,I1,63.7,57.0,0.94,0.91,0.58,300
0.44,Premium,D,VVS2,62.1,54.0,1.12,1.08,0.69,378
0.5,Ideal,H,SI2,60.3,58.0,1.28,1.33,0.76,931
0.95,Fair,E,VS1,61.9,56.0,2.39,2.4,1.48,5491
0.75,Ideal,G,VS2,62.5,60.0,1.94,2.05,1.16,3143
0.68,Ideal,J,VS2,62.7,56.0,1.72,1.68,1.06,2663
0.8,Very Good,J,VVS1,61.0,59.0,2.01,1.98,1.19,3836
1.0,Good,G,SI2,62.4,58.0,2.52,2.58,1.52,5134
1.03,Very Good,G,VVS2,60.4,56.0,2.59,2.53,1.58,6601
1.28,Good,J,SI2,60.2,58.0,3.23,3.3,1.95,8638
1.84,Good,E,SI2,60.1,59.0,4.68,4.62,2.89,15074
0.73,Premium,H,SI1,61.7,58.0,1.87,1.9,1.14,3096
0.57,Very Good,F,SI2,60.1,58.0,1.44,1.35,0.9,1914
1.01,Very Good,H,VVS2,61.1,56.0,2.57,2.57,1.55,5808
0.42,Ideal,I,VS2,63.0,60.0,1.08,1.01,0.67,319
0.53,Ideal,G,SI2,60.3,60.0,1.34,1.44,0.84,1080
1.22,Ideal,H,SI2,61.0,57.0,3.14,3.09,1.88,7535
0.7,Very Good,F,VS2,61.8,57.0,1.77,1.73,1.1,2639
0.4,Premium,I,VVS2,62.0,61.0,1.01,1.04,0.61,300
0.35,Premium,G,VS2,61.0,55.0,0.89,0.86,0.53,300
0.76,Good,I,VS2,62.8,59.0,1.92,1.95,1.13,2810
1.31,Fair,E,VVS2,62.5,56.0,3.38,3.34,2.09,8583
1.3,Ideal,E,VS2,63.3,61.0,3.27,3.23,1.95,9382
0.78,Ideal,I,SI1,61.6,58.0,1.99,1.99,1.18,3681
2.02,Premium,G,VS2,61.0,60.0,5.17,5.11,3.15,17386
0.7,Premium,J,VS1,60.7,56.0,1.76,1.78,1.06,3009
0.69,Premium,F,VS1,62.1,55.0,1.77,1.81,1.09,2536
0.21,Fair,H,VS1,61.2,57.0,0.53,0.56,0.31,300
0.59,Very Good,F,IF,60.9,58.0,1.51,1.54,0.9,2397
1.13,Very Good,G,SI1,61.1,56.0,2.91,2.81,1.76,7283
1.62,Good,D,IF,60.7,59.0,4.11,4.09,2.51,12956
0.49,Ideal,F,VS2,62.0,57.0,1.25,1.24,0.78,781
0.93,Premium,F,VS1,59.7,53.0,2.35,2.42,1.44,5580
1.25,Ideal,G,SI2,62.1,59.0,3.16,3.13,1.98,8474
0.74,Very Good,D,SI1,62.6,56.0,1.86,1.74,1.11,3161
0.24,Premium,E,VS1,60.9,57.0,0.62,0.57,0.38,300
0.84,Very Good,H,VS1,64.4,61.0,2.14,2.11,1.32,4750
1.08,Good,D,SI2,61.7,61.0,2.71,2.6,1.68,6586
0.46,Very Good,G,VS2,59.5,56.0,1.15,1.2,0.72,400
0.65,Ideal,E,SI2,61.3,59.0,1.65,1.57,1.0,2546
0.42,Ideal,E,IF,61.8,56.0,1.05,1.07,0.64,570
0.2,Premium,I,VVS1,62.3,57.0,0.51,0.46,0.32,300
1.24,Premium,E,SI2,61.3,56.0,3.12,3.2,1.86,7926
0.74,Ideal,H,VVS2,60.3,54.0,1.86,1.85,1.1,3366
1.65,Good,H,VVS1,60.2,58.0,4.23,4.21,2.57,12803
1.14,Very Good,H,SI1,60.8,58.0,2.94,2.97,1.76,7085
0.62,Very Good,E,VS1,60.9,56.0,1.58,1.53,0.96,2298
0.71,Ideal,H,VS2,60.1,60.0,1.83,1.86,1.15,3317
0.98,Ideal,J,VS1,60.7,57.0,2.46,2.44,1.49,5653
1.2,Very Good,E,SI1,62.6,56.0,3.09,3.06,1.91,7724
0.87,Ideal,I,SI1,64.0,59.0,2.19,2.19,1.31,4023
1.29,Ideal,I,SI1,62.8,54.0,3.32,3.27,2.0,8448
0.64,Very Good,H,SI2,63.5,59.0,1.65,1.64,0.99,1341
0.45,Premium,G,VVS2,63.1,57.0,1.16,1.18,0.71,1145
0.72,Premium,G,SI1,62.9,60.0,1.85,1.73,1.11,2850
0.82,Ideal,J,SI1,61.2,60.0,2.09,2.14,1.29,4407
0.41,Very Good,D,VVS1,61.9,59.0,1.04,1.08,0.64,572
0.38,Ideal,E,VS2,61.1,56.0,0.97,0.88,0.59,300
0.93,Very Good,H,VS2,61.4,55.0,2.37,2.27,1.4,4724
0.6,Ideal,H,IF,61.8,54.0,1.51,1.55,0.89,2261
0.68,Premium,G,VVS1,62.7,60.0,1.73,1.77,1.06,2976
0.62,Premium,F,SI2,62.3,57.0,1.59,1.62,0.99,2099
1.58,Ideal,I,VS2,61.5,56.0,3.97,3.9,2.44,12085
1.39,Ideal,I,IF,61.8,57.0,3.56,3.65,2.16,10192
0.4,Ideal,D,SI1,62.3,60.0,1.02,0.98,0.64,300
0.57,Good,H,SI1,62.6,59.0,1.44,1.45,0.86,1113
1.13,Ideal,G,SI1,59.6,58.0,2.87,2.88,1.73,7407
1.0,Good,D,SI2,60.2,59.0,2.59,2.67,1.59,5970
0.73,Premium,E,VS1,63.3,58.0,1.88,1.89,1.13,3022
0.42,Premium,G,VVS2,61.6,58.0,1.07,1.09,0.67,840
0.53,Premium,E,IF,61.1,58.0,1.34,1.34,0.81,2035
0.57,Premium,J,VVS2,61.3,57.0,1.44,1.38,0.85,1340
0.85,Ideal,E,SI1,61.3,59.0,2.14,2.02,1.28,4488
1.74,Good,G,SI2,62.5,58.0,4.41,4.41,2.7,13689
0.53,Ideal,E,IF,60.1,56.0,1.37,1.3,0.84,1553
0.44,Premium,D,SI1,61.7,59.0,1.14,1.16,0.72,300
0.7,Good,D,SI1,62.0,58.0,1.8,1.81,1.11,2883
1.24,Very Good,D,VVS1,62.3,59.0,3.15,3.16,1.94,8553
0.36,Ideal,G,VS2,62.0,57.0,0.91,0.86,0.54,312
1.53,Ideal,G,SI1,62.4,59.0,3.91,3.96,2.32,12075
0.68,Ideal,G,VVS1,60.9,57.0,1.74,1.76,1.07,3229
0.51,Ideal,E,IF,60.4,59.0,1.3,1.24,0.81,2123
0.33,Very Good,D,SI2,65.1,56.0,0.85,0.95,0.52,300
1.05,Very Good,H,VVS1,61.3,57.0,2.7,2.69,1.64,6011
0.68,Ideal,D,SI1,61.4,59.0,1.75,1.68,1.07,2769
0.81,Premium,E,VS2,62.6,57.0,2.07,2.03,1.26,3485
0.47,Premium,D,VVS1,63.9,62.0,1.21,1.13,0.72,1293
0.63,Very Good,D,IF,60.9,59.0,1.58,1.65,0.98,2490
0.58,Premium,H,SI1,60.3,58.0,1.49,1.54,0.91,1669
0.7,Premium,I,SI1,60.0,59.0,1.77,1.81,1.07,2637
0.53,Very Good,I,SI2,63.9,56.0,1.34,1.37,0.82,899
0.34,Premium,H,VS2,60.2,60.0,0.86,0.92,0.52,300
2.9,Premium,F,I1,61.7,59.0,7.32,7.31,4.44,20000
0.37,Premium,E,SI1,60.3,60.0,0.96,0.98,0.59,300
0.81,Very Good,D,SI2,59.7,57.0,2.06,2.02,1.23,3897
0.31,Ideal,F,SI1,61.3,55.0,0.8,0.79,0.5,300
0.27,Fair,J,SI2,60.4,56.0,0.68,0.7,0.42,300
0.78,Very Good,I,VVS2,60.7,57.0,1.97,1.82,1.23,3824
0.81,Ideal,I,SI1,64.5,61.0,2.07,2.04,1.29,3945
1.39,Premium,G,SI1,62.3,62.0,3.53,3.54,2.15,9536
0.9,Very Good,G,VVS1,63.0,58.0,2.3,2.3,1.37,5076
0.69,Ideal,J,VS1,62.9,58.0,1.75,1.73,1.08,2445
0.46,Premium,G,SI1,61.6,57.0,1.18,1.21,0.72,544
1.57,Ideal,I,SI2,61.1,59.0,3.99,3.95,2.45,11419
1.18,Ideal,F,VS1,62.0,62.0,3.02,2.96,1.79,7935
0.4,Premium,G,SI1,61.9,61.0,1.01,1.07,0.62,300
0.76,Premium,G,VS1,60.9,60.0,1.95,2.0,1.18,3530
0.8,Good,G,VS2,61.9,60.0,2.05,2.02,1.24,3077
0.62,Very Good,D,SI1,60.7,59.0,1.58,1.58,0.99,2743
1.09,Premium,H,VS2,61.5,57.0,2.76,2.8,1.68,6688
1.12,Premium,G,VS1,61.2,56.0,2.87,2.87,1.77,7113
0.67,Premium,E,VVS1,59.9,57.0,1.73,1.76,1.06,3296
0.64,Very Good,F,SI2,58.4,58.0,1.61,1.63,0.96,1728
1.57,Fair,D,VS2,60.4,54.0,4.04,4.02,2.5,11630
1.18,Premium,G,SI2,64.2,57.0,3.01,3.04,1.81,7470
0.77,Very Good,G,VS2,61.3,56.0,1.96,1.91,1.22,3448
0.33,Ideal,J,VVS1,62.8,60.0,0.85,0.87,0.52,300
0.88,Fair,F,SI1,58.7,56.0,2.25,2.25,1.36,4615
1.05,Premium,H,VVS1,60.3,58.0,2.7,2.68,1.63,6733
0.2,Ideal,I,VS1,59.8,56.0,0.51,0.45,0.32,300
0.84,Very Good,F,VVS1,61.4,61.0,2.13,2.14,1.3,4695
0.6,Premium,F,VS1,65.1,54.0,1.54,1.54,0.95,1568
0.66,Good,J,SI2,62.3,59.0,1.7,1.66,1.01,1849
0.47,Ideal,E,SI1,64.1,55.0,1.21,1.13,0.75,300
0.69,Premium,F,SI1,61.3,56.0,1.74,1.66,1.05,2479
1.49,Premium,I,SI2,63.6,58.0,3.78,3.77,2.32,10540
0.59,Premium,G,VS2,64.6,58.0,1.5,1.52,0.89,1869
1.2,Ideal,E,VS2,61.5,58.0,3.07,3.16,1.85,8252
0.5,Very Good,F,IF,60.9,58.0,1.26,1.26,0.78,1171
1.08,Fair,G,VS2,59.9,56.0,2.73,2.65,1.64,6137
0.74,Ideal,H,VVS2,61.3,57.0,1.9,1.89,1.19,3901
0.88,Premium,F,IF,61.8,58.0,2.26,2.32,1.39,4960
0.74,Ideal,D,VVS1,64.5,58.0,1.91,1.88,1.19,3694
1.02,Premium,E,SI1,59.9,57.0,2.63,2.69,1.59,6334
0.21,Ideal,J,VS2,61.8,59.0,0.53,0.54,0.31,300
0.36,Premium,G,SI1,59.2,58.0,0.93,0.96,0.57,300
0.91,Ideal,D,SI1,61.1,58.0,2.33,2.42,1.41,4936
0.27,Ideal,I,SI1,62.1,57.0,0.7,0.61,0.43,300
0.57,Premium,D,VVS2,62.4,55.0,1.44,1.48,0.89,1965
0.72,Very Good,D,VS2,62.5,58.0,1.82,1.82,1.12,2435
0.49,Very Good,J,VS2,62.3,60.0,1.26,1.21,0.74,508
0.52,Very Good,D,IF,62.5,58.0,1.34,1.33,0.83,1844
0.85,Very Good,G,SI2,61.8,56.0,2.19,2.27,1.34,4075
1.23,Very Good,D,VS2,60.2,59.0,3.16,3.23,1.93,8873
0.46,Premium,G,VVS2,59.1,57.0,1.17,1.07,0.7,1240
0.56,Premium,G,SI2,60.9,59.0,1.44,1.4,0.87,1502
0.51,Premium,F,VS2,61.5,57.0,1.31,1.36,0.81,1125
0.22,Premium,E,SI1,63.5,58.0,0.57,0.57,0.35,300
0.8,Good,J,VVS1,61.6,56.0,2.05,2.05,1.24,3914
1.18,Good,F,SI1,61.4,56.0,2.97,2.89,1.83,7528
1.23,Very Good,I,SI1,62.2,54.0,3.15,3.11,1.89,7638
0.48,Premium,G,VS2,61.3,59.0,1.22,1.15,0.76,531
0.4,Very Good,G,SI2,62.8,58.0,1.03,0.95,0.63,300
0.75,Very Good,G,SI1,64.5,58.0,1.92,1.86,1.19,3374
1.12,Premium,G,SI1,64.8,58.0,2.86,2.81,1.74,6789
0.8,Ideal,I,SI1,61.8,56.0,2.07,2.03,1.24,3597
0.86,Fair,I,VS2,62.2,60.0,2.16,2.12,1.31,4173
1.31,Ideal,J,VS2,63.9,60.0,3.32,3.37,2.01,9050
0.51,Ideal,G,VS2,61.5,56.0,1.31,1.26,0.79,1202
0.66,Ideal,D,VS1,62.7,59.0,1.67,1.74,1.0,2770
1.68,Ideal,I,SI1,60.1,59.0,4.26,4.24,2.64,13038
0.67,Fair,D,SI2,61.3,56.0,1.73,1.75,1.03,2591
0.39,Very Good,E,VS1,63.3,57.0,1.0,1.02,0.63,300
0.53,Ideal,F,VVS2,60.7,59.0,1.33,1.29,0.79,2226
0.46,Premium,F,SI1,61.5,54.0,1.17,1.15,0.74,550
0.89,Premium,E,SI1,59.5,55.0,2.24,2.21,1.41,4745
0.47,Ideal,I,VS2,64.5,55.0,1.2,1.22,0.73,732
0.85,Ideal,G,VS2,63.5,54.0,2.15,2.14,1.35,3953
0.51,Ideal,E,VS1,62.0,60.0,1.31,1.27,0.82,1600
0.26,Ideal,F,SI2,62.4,53.0,0.66,0.67,0.39,300
0.86,Ideal,D,VS1,62.3,58.0,2.16,2.18,1.36,4854
0.8,Very Good,J,SI2,63.6,59.0,2.03,2.12,1.2,2988
0.96,Ideal,E,VS2,61.0,57.0,2.46,2.46,1.47,5341
0.53,Fair,F,VVS2,62.7,56.0,1.34,1.34,0.82,554
0.5,Very Good,G,VS2,63.2,58.0,1.28,1.3,0.76,659
0.91,Ideal,G,SI2,63.4,58.0,2.35,2.3,1.4,4463
1.58,Very Good,F,IF,58.5,60.0,4.01,3.92,2.52,12481
0.74,Very Good,D,VVS1,60.9,52.0,1.88,1.86,1.18,3513
0.92,Good,G,VVS2,60.3,55.0,2.37,2.42,1.47,5059
0.63,Ideal,E,SI1,61.9,59.0,1.6,1.66,0.98,2440
0.34,Premium,G,SI2,58.9,58.0,0.86,0.77,0.54,300
1.2,Ideal,I,IF,58.8,59.0,3.03,3.06,1.8,8655
1.17,Very Good,J,VS2,64.7,58.0,3.02,2.91,1.9,7375
1.06,Ideal,J,VVS2,62.6,57.0,2.74,2.76,1.66,6542
0.68,Ideal,G,SI1,61.9,57.0,1.72,1.74,1.07,2593
1.0,Very Good,G,SI1,62.2,63.0,2.55,2.46,1.57,5985
1.16,Premium,E,IF,61.9,61.0,2.92,2.97,1.83,8290
1.67,Very Good,E,VS2,63.1,59.0,4.28,4.37,2.67,12618
1.21,Ideal,J,SI2,60.8,58.0,3.05,3.05,1.91,7634
0.76,Ideal,H,SI1,62.0,59.0,1.91,1.92,1.18,2679
0.39,Ideal,H,VS2,62.0,59.0,1.0,1.07,0.62,300
0.8,Very Good,F,SI2,60.2,58.0,2.03,1.97,1.26,3439
0.84,Ideal,I,VS2,63.5,56.0,2.12,2.06,1.26,3958
1.06,Ideal,I,SI1,61.1,61.0,2.73,2.69,1.68,6182
1.46,Ideal,D,VVS2,63.1,58.0,3.75,3.75,2.23,10509
0.71,Ideal,E,SI1,61.9,62.0,1.82,1.82,1.14,3349
2.12,Premium,I,IF,64.0,58.0,5.47,5.44,3.24,18661
0.31,Good,G,SI2,60.2,57.0,0.79,0.77,0.5,300
0.91,Ideal,G,VS2,60.2,61.0,2.29,2.26,1.39,4843
0.5,Ideal,E,SI2,60.4,58.0,1.26,1.24,0.75,845
0.29,Premium,G,VS1,61.9,58.0,0.74,0.7,0.46,300
0.67,Very Good,I,IF,63.9,55.0,1.69,1.65,1.0,2487
0.36,Premium,E,VVS2,63.9,59.0,0.92,0.82,0.56,300
0.68,Very Good,G,VS2,58.5,56.0,1.71,1.7,1.06,2770
0.75,Premium,H,VS2,62.0,57.0,1.91,1.81,1.15,2705
1.3,Ideal,G,VVS2,57.2,56.0,3.28,3.32,2.0,9595
0.35,Ideal,G,VVS1,62.8,58.0,0.89,0.86,0.55,300
1.17,Very Good,G,IF,63.3,54.0,3.0,2.99,1.88,7354
0.78,Premium,H,SI1,61.6,57.0,1.98,1.96,1.18,3149
1.24,Very Good,G,IF,61.8,60.0,3.15,3.14,1.88,8972
0.6,Very Good,J,SI2,61.8,55.0,1.55,1.61,0.95,781
0.38,Ideal,E,SI1,60.6,58.0,0.98,0.91,0.59,300
0.4,Ideal,I,SI2,62.3,56.0,1.02,0.94,0.62,300
0.39,Premium,J,SI1,61.4,57.0,1.0,1.01,0.6,300
0.94,Ideal,F,VS1,63.0,61.0,2.41,2.39,1.48,5498
1.55,Ideal,E,VVS2,61.5,54.0,3.89,3.91,2.43,11996
0.56,Ideal,E,VVS2,60.5,59.0,1.41,1.45,0.84,2258
1.01,Very Good,G,VS1,59.5,56.0,2.59,2.53,1.55,5827
0.35,Ideal,H,VS2,59.1,56.0,0.89,0.92,0.55,300
0.81,Premium,E,VS1,63.5,55.0,2.04,1.99,1.21,3933
1.03,Very Good,E,SI1,61.1,59.0,2.61,2.61,1.61,6342
0.36,Good,H,VVS2,62.2,57.0,0.91,0.85,0.55,300
0.67,Premium,D,VS1,64.2,57.0,1.73,1.74,1.05,3319
1.06,Good,I,VS1,60.9,58.0,2.68,2.68,1.62,6172
0.2,Very Good,D,VS2,60.8,57.0,0.5,0.44,0.3,300
1.44,Very Good,D,VVS1,61.5,53.0,3.69,3.62,2.3,10753
0.88,Ideal,E,SI1,61.7,56.0,2.25,2.29,1.41,4346
1.06,Ideal,D,SI1,64.3,59.0,2.71,2.69,1.66,6265
0.6,Very Good,E,VVS2,63.9,54.0,1.53,1.58,0.94,1593
0.31,Ideal,I,VS2,62.6,55.0,0.79,0.76,0.47,300
0.97,Ideal,G,VVS1,63.7,57.0,2.49,2.56,1.54,5557
0.71,Ideal,J,SI1,61.5,56.0,1.79,1.74,1.1,2686
0.75,Very Good,G,SI1,62.1,57.0,1.91,1.98,1.13,3290
1.28,Ideal,E,VVS1,61.3,55.0,3.31,3.32,1.98,9013
1.08,Ideal,G,VS2,59.9,57.0,2.73,2.75,1.63,6551
1.94,Ideal,G,VS2,63.4,57.0,4.91,4.86,2.93,16759
0.8,Very Good,F,SI1,62.4,59.0,2.02,2.06,1.25,3172
0.52,Premium,D,SI1,61.7,60.0,1.31,1.35,0.82,1208
0.67,Ideal,J,VS1,61.7,57.0,1.7,1.68,1.05,2864
0.91,Premium,G,SI2,59.6,62.0,2.29,2.18,1.39,4583
1.23,Good,I,VVS1,60.3,57.0,3.1,3.04,1.88,7747
0.36,Very Good,E,VVS2,62.2,59.0,0.91,0.85,0.55,590
0.74,Ideal,I,SI1,61.0,62.0,1.86,1.88,1.14,3448
1.66,Ideal,E,VS1,61.4,58.0,4.26,4.24,2.57,13645
0.66,Good,H,VS2,61.6,54.0,1.7,1.68,1.02,2119
1.18,Ideal,I,SI2,60.7,58.0,3.0,2.97,1.84,7664
0.95,Very Good,D,SI1,60.3,56.0,2.46,2.53,1.49,4416
1.19,Ideal,J,SI1,59.4,57.0,3.05,3.05,1.8,7488
0.49,Ideal,G,VS1,61.5,62.0,1.26,1.27,0.74,1496
0.5,Ideal,J,VS1,62.6,55.0,1.26,1.23,0.76,391
0.75,Ideal,G,VS2,59.4,58.0,1.93,1.93,1.18,3378
0.34,Very Good,G,VS1,61.7,56.0,0.88,0.83,0.53,300
0.65,Ideal,H,VS1,62.1,57.0,1.64,1.66,0.97,2167
0.84,Good,I,VS2,60.3,59.0,2.15,2.09,1.29,3986
1.81,Ideal,G,VVS2,63.7,58.0,4.65,4.69,2.76,15159
0.91,Ideal,E,SI1,61.2,57.0,2.31,2.27,1.45,5067
1.01,Ideal,E,VVS1,61.6,56.0,2.57,2.62,1.55,6231
1.33,Very Good,F,VS2,61.5,58.0,3.35,3.45,1.98,8971
0.46,Ideal,F,VVS2,59.2,61.0,1.16,1.16,0.72,1300
0.68,Very Good,H,VS2,63.1,56.0,1.71,1.78,1.02,2502
2.49,Good,H,SI1,60.4,62.0,6.36,6.4,3.9,20000
0.71,Ideal,I,VS2,61.4,60.0,1.82,1.75,1.08,2972
1.29,Premium,H,SI1,62.5,61.0,3.33,3.34,2.1,8802
1.2,Ideal,H,VS1,63.7,58.0,3.06,3.09,1.92,8199
0.35,Premium,G,VS2,60.2,60.0,0.89,0.92,0.55,300
0.87,Very Good,F,VVS2,61.1,55.0,2.19,2.2,1.35,4673
0.8,Ideal,D,VS1,63.6,56.0,2.06,2.07,1.25,3833
0.87,Premium,I,VS1,62.3,59.0,2.22,2.22,1.4,4934
0.51,Very Good,F,SI1,62.6,58.0,1.31,1.32,0.8,497
0.42,Ideal,E,IF,60.2,57.0,1.05,0.99,0.63,886
0.58,Premium,F,VVS2,61.2,52.0,1.48,1.47,0.88,1709
0.71,Premium,H,VVS2,61.5,57.0,1.8,1.73,1.08,2428
1.34,Premium,H,SI1,60.5,55.0,3.37,3.35,2.07,9335
1.84,Ideal,J,VS2,59.4,59.0,4.73,4.7,2.84,15153
1.49,Ideal,H,SI2,61.0,57.0,3.8,3.77,2.34,10887
1.14,Ideal,E,VS2,63.6,56.0,2.89,2.84,1.75,7228
0.45,Good,J,SI2,61.8,63.0,1.16,1.17,0.73,326
0.6,Ideal,H,VS2,63.6,60.0,1.53,1.51,0.94,2160
0.82,Ideal,E,VS1,62.0,60.0,2.06,2.04,1.27,3927
0.54,Ideal,E,SI1,60.6,62.0,1.4,1.33,0.86,2179
0.99,Premium,G,VS2,63.5,59.0,2.5,2.49,1.56,5519
1.06,Ideal,E,VVS1,62.0,56.0,2.73,2.79,1.62,7071
0.97,Ideal,G,SI2,63.0,56.0,2.5,2.56,1.48,5288
1.24,Good,I,VVS2,60.2,60.0,3.13,3.15,1.93,8384
0.47,Premium,G,SI2,63.2,53.0,1.2,1.19,0.74,505
1.18,Ideal,F,SI2,63.2,57.0,2.97,3.0,1.8,7936
0.52,Fair,D,SI2,62.1,53.0,1.32,1.29,0.8,1027
0.46,Ideal,J,VS1,60.6,58.0,1.18,1.17,0.71,596
0.97,Ideal,G,SI1,61.6,59.0,2.45,2.41,1.47,5435
1.36,Ideal,H,VVS1,62.6,58.0,3.43,3.48,2.15,9710
0.95,Very Good,G,VS2,62.0,60.0,2.42,2.46,1.46,5463
0.75,Very Good,J,SI2,62.5,62.0,1.91,1.91,1.18,3066
0.87,Ideal,H,VS1,63.1,57.0,2.23,2.32,1.39,4389
0.79,Very Good,E,SI2,60.8,64.0,2.03,2.05,1.2,4135
0.42,Ideal,F,VVS2,60.1,58.0,1.08,1.1,0.64,1078
0.4,Premium,G,SI2,61.6,60.0,1.03,1.04,0.62,550
0.71,Good,H,SI1,61.2,56.0,1.79,1.73,1.11,2296
0.77,Fair,H,VS1,62.8,61.0,1.97,1.93,1.18,3272
0.75,Premium,G,IF,60.2,60.0,1.9,1.9,1.12,3786
1.04,Ideal,D,SI1,63.1,61.0,2.69,2.69,1.62,7236
0.67,Premium,D,VVS2,63.6,58.0,1.71,1.74,1.02,2848
0.98,Very Good,G,SI1,61.7,55.0,2.53,2.5,1.51,5764
0.69,Very Good,G,VVS2,61.8,59.0,1.77,1.77,1.07,3245
1.84,Premium,D,VS1,60.6,54.0,4.72,4.72,2.81,15425
0.77,Premium,G,SI1,60.9,57.0,1.96,1.97,1.21,3421
2.39,Ideal,F,SI1,61.1,58.0,6.08,6.08,3.65,20000
0.88,Premium,H,SI2,63.7,63.0,2.25,2.18,1.39,4728
0.67,Premium,E,SI1,61.6,58.0,1.7,1.59,1.04,2494
0.47,Good,F,SI1,59.8,58.0,1.21,1.16,0.76,413
0.36,Ideal,E,VS1,62.1,57.0,0.93,0.9,0.55,334
0.45,Very Good,E,IF,62.9,55.0,1.16,1.1,0.69,486
0.48,Good,H,I1,61.7,58.0,1.22,1.22,0.76,333
0.9,Ideal,E,VS2,63.8,58.0,2.26,2.31,1.41,5233
0.57,Premium,E,VS2,62.8,55.0,1.46,1.5,0.87,1766
0.81,Premium,G,VVS1,60.2,55.0,2.06,2.08,1.22,4026
1.41,Premium,I,VS2,60.9,56.0,3.64,3.69,2.27,9688
0.71,Ideal,J,VS2,62.0,58.0,1.83,1.78,1.09,3218
2.1,Very Good,G,VS2,59.4,56.0,5.3,5.28,3.31,18380
0.41,Ideal,G,SI1,62.2,55.0,1.05,1.08,0.66,300
0.69,Ideal,F,SI2,59.2,58.0,1.77,1.75,1.06,3171
0.57,Premium,I,SI1,63.1,59.0,1.46,1.44,0.91,1611
1.18,Premium,D,SI2,63.0,58.0,3.01,3.1,1.83,7176
0.24,Very Good,H,VS2,62.4,56.0,0.61,0.61,0.38,300
0.36,Ideal,H,SI1,60.8,59.0,0.91,1.0,0.55,300
0.7,Premium,G,VS2,61.9,57.0,1.8,1.71,1.07,3067
1.61,Very Good,G,SI2,61.0,55.0,4.04,4.01,2.5,12813
0.83,Premium,H,VVS1,60.3,60.0,2.13,2.15,1.27,4766
0.38,Ideal,H,VVS1,61.2,58.0,0.97,0.97,0.61,377
0.41,Premium,I,SI2,62.7,57.0,1.06,0.96,0.64,300
1.71,Ideal,E,SI1,61.8,54.0,4.43,4.42,2.63,14341
0.54,Very Good,E,VS2,63.7,56.0,1.38,1.5,0.83,1539
0.46,Good,G,SI2,62.8,62.0,1.17,1.18,0.73,300
1.55,Very Good,E,SI1,62.6,54.0,3.95,3.98,2.38,12093
1.23,Premium,E,SI1,59.4,57.0,3.11,3.08,1.94,8310
1.4,Very Good,I,VVS1,61.3,57.0,3.53,3.54,2.11,10079
0.46,Fair,D,VVS2,60.2,58.0,1.18,1.18,0.72,651
0.35,Ideal,E,VS2,61.4,54.0,0.9,0.96,0.56,300
0.79,Ideal,H,VS2,60.7,58.0,2.0,2.05,1.18,4038
0.88,Ideal,I,VVS1,61.2,54.0,2.24,2.26,1.35,4630
0.89,Very Good,I,VVS1,63.2,58.0,2.27,2.27,1.42,4767
1.55,Good,I,IF,62.4,56.0,4.0,3.92,2.46,13016
0.31,Good,E,SI2,63.1,56.0,0.78,0.69,0.48,300
1.14,Ideal,G,SI2,59.5,59.0,2.88,2.88,1.8,7554
0.43,Ideal,E,VS1,61.8,57.0,1.11,1.15,0.68,300
1.14,Premium,E,VS2,63.1,59.0,2.86,2.93,1.78,6821
0.58,Good,F,I1,63.8,59.0,1.49,1.45,0.92,1700
0.49,Premium,E,SI2,59.5,60.0,1.25,1.17,0.77,1347
0.55,Very Good,J,VVS1,61.2,55.0,1.4,1.45,0.83,2062
0.36,Premium,H,VVS1,63.1,60.0,0.92,0.88,0.58,300
0.76,Ideal,F,SI1,61.4,58.0,1.96,1.88,1.22,3880
0.5,Ideal,J,VVS1,60.4,57.0,1.26,1.24,0.76,356
1.1,Good,J,VS2,59.5,55.0,2.78,2.75,1.7,6706
1.02,Fair,D,VVS2,60.4,59.0,2.6,2.67,1.57,6586
1.72,Ideal,E,SI1,59.3,55.0,4.37,4.41,2.69,13650
0.89,Very Good,H,SI2,61.8,59.0,2.27,2.23,1.43,4692
0.96,Good,E,VS2,63.0,62.0,2.48,2.55,1.47,5280
1.49,Very Good,E,VS2,59.9,60.0,3.85,3.86,2.42,11203
0.54,Fair,H,VS2,62.1,61.0,1.37,1.42,0.81,986
0.35,Premium,J,SI2,62.9,56.0,0.89,0.96,0.54,300
0.82,Ideal,D,IF,61.7,59.0,2.07,2.06,1.26,4538
0.36,Very Good,G,SI1,59.4,55.0,0.93,0.96,0.56,300
2.53,Premium,I,SI1,62.2,57.0,6.43,6.41,3.94,20000
1.53,Ideal,G,VS2,61.6,61.0,3.89,3.94,2.42,11534
2.19,Premium,E,VS2,61.5,56.0,5.64,5.64,3.39,19770
0.76,Ideal,H,VS2,60.9,60.0,1.94,1.99,1.15,3719
0.98,Ideal,H,VVS2,61.8,60.0,2.47,2.55,1.52,5582
0.59,Fair,H,VS2,62.4,60.0,1.5,1.53,0.93,1630
1.15,Ideal,D,VS2,65.0,55.0,2.94,2.94,1.85,7581
0.4,Premium,I,VS1,61.9,59.0,1.03,1.03,0.61,300
0.21,Ideal,F,SI2,63.8,57.0,0.54,0.39,0.34,300
0.5,Premium,D,VS2,62.2,60.0,1.26,1.22,0.77,1140
0.36,Ideal,I,VVS1,61.6,54.0,0.91,0.96,0.55,300
1.55,Ideal,D,I1,61.9,58.0,3.98,4.03,2.5,11482
1.84,Very Good,D,SI1,60.0,58.0,4.75,4.71,2.85,15217
0.37,Premium,D,VVS1,62.1,53.0,0.93,0.94,0.58,300
1.41,Ideal,H,SI1,58.9,56.0,3.54,3.53,2.2,10821
1.19,Ideal,F,VS2,60.5,53.0,3.05,3.08,1.85,7871
0.34,Good,E,IF,61.9,56.0,0.87,0.98,0.54,384
0.61,Ideal,D,SI1,63.4,59.0,1.54,1.58,0.94,2559
0.55,Very Good,I,SI2,63.7,58.0,1.4,1.37,0.84,446
1.08,Fair,E,VVS2,61.4,58.0,2.79,2.79,1.73,6611
0.4,Premium,G,VVS1,61.9,55.0,1.02,1.09,0.64,842
0.71,Very Good,I,VS2,63.1,60.0,1.81,1.74,1.1,2751
0.53,Ideal,G,VS2,59.8,57.0,1.36,1.33,0.86,1360
0.94,Very Good,E,VVS2,62.3,58.0,2.38,2.42,1.44,5659
0.66,Ideal,G,VS1,60.5,60.0,1.68,1.74,1.02,3109
0.57,Fair,F,SI1,61.5,55.0,1.45,1.48,0.89,1260
0.67,Very Good,D,I1,61.1,58.0,1.71,1.68,1.02,2242
2.05,Very Good,G,VS2,62.3,58.0,5.29,5.32,3.31,16870
0.6,Very Good,F,VVS2,62.5,56.0,1.52,1.54,0.95,2023
0.44,Good,G,VVS1,62.9,59.0,1.11,1.13,0.69,435
0.99,Very Good,G,IF,62.2,59.0,2.56,2.56,1.57,5675
0.69,Premium,E,VVS1,61.9,57.0,1.74,1.74,1.09,3076
0.37,Very Good,D,VS2,64.3,57.0,0.94,0.89,0.58,300
2.26,Premium,F,VS2,59.6,59.0,5.77,5.89,3.52,20000
0.62,Premium,E,VVS2,64.1,59.0,1.6,1.61,1.0,2214
0.61,Ideal,J,VS1,61.3,58.0,1.56,1.59,0.95,2165
0.8,Ideal,H,VS2,62.5,60.0,2.04,2.03,1.24,3863
1.76,Premium,G,SI2,61.2,59.0,4.5,4.54,2.69,14490
0.32,Very Good,J,VVS1,60.7,54.0,0.83,0.77,0.52,300
0.85,Good,H,VS2,62.4,54.0,2.19,2.1,1.31,4559
2.1,Ideal,G,SI1,63.2,60.0,5.3,5.3,3.17,18755
0.79,Good,J,VS1,62.4,57.0,2.03,2.13,1.21,3921
0.4,Very Good,H,VS1,60.9,58.0,1.03,1.09,0.63,300
0.54,Very Good,G,SI1,66.8,60.0,1.38,1.34,0.83,833
0.82,Very Good,F,VVS2,63.4,57.0,2.1,2.13,1.3,3884
1.44,Very Good,D,SI1,63.0,58.0,3.66,3.63,2.2,11033
0.63,Ideal,F,SI2,61.2,56.0,1.61,1.63,1.0,2454
1.12,Good,G,SI1,60.8,58.0,2.88,2.91,1.72,6438
0.36,Ideal,D,VS1,61.3,59.0,0.91,0.96,0.55,490
0.36,Good,E,IF,63.2,56.0,0.91,0.83,0.57,300
0.58,Good,H,VVS2,60.3,55.0,1.46,1.4,0.88,1826
1.52,Ideal,I,IF,60.2,63.0,3.92,3.92,2.33,12267
0.77,Very Good,E,SI2,62.5,57.0,1.97,1.92,1.24,3762
0.86,Ideal,F,SI2,62.1,56.0,2.19,2.13,1.31,4313
0.85,Premium,E,VS2,60.6,59.0,2.19,2.2,1.31,4420
1.29,Good,E,SI1,60.2,57.0,3.31,3.26,2.0,8754
0.55,Ideal,F,VVS2,63.7,55.0,1.42,1.53,0.84,2001
1.05,Very Good,D,VS1,62.2,59.0,2.64,2.61,1.57,6768
0.49,Ideal,F,IF,59.8,56.0,1.25,1.24,0.78,1514
2.0,Very Good,I,SI1,59.9,61.0,5.13,5.14,3.06,16362
0.5,Ideal,E,VS2,61.2,59.0,1.26,1.18,0.75,367
0.48,Fair,H,VS2,62.7,57.0,1.22,1.25,0.76,504
0.98,Premium,E,SI1,62.5,58.0,2.49,2.51,1.51,5128
0.77,Ideal,D,VS2,63.3,59.0,1.98,1.96,1.18,3507
0.87,Ideal,E,VS2,59.6,58.0,2.22,2.23,1.36,4694
0.83,Ideal,F,VS2,62.0,62.0,2.12,2.14,1.25,5007
0.43,Ideal,G,SI1,63.7,60.0,1.09,1.16,0.66,303
1.66,Ideal,G,I1,63.6,59.0,4.2,4.33,2.58,12956
1.16,Very Good,G,VS2,62.2,55.0,3.0,2.95,1.88,7449
1.46,Very Good,F,SI1,65.0,57.0,3.7,3.64,2.23,9558
0.57,Very Good,E,I1,62.6,59.0,1.46,1.47,0.91,1156
0.91,Premium,E,SI1,63.2,56.0,2.29,2.19,1.36,4334
0.82,Premium,I,SI1,61.8,60.0,2.09,2.12,1.27,4387
1.3,Premium,G,SI1,60.6,55.0,3.36,3.37,2.01,8191
1.32,Very Good,E,SI2,60.5,56.0,3.42,3.44,2.09,8854
0.82,Ideal,G,VS2,62.0,56.0,2.08,2.06,1.26,3911
0.35,Very Good,F,VS1,61.4,59.0,0.88,0.89,0.55,300
1.8,Very Good,E,VS1,59.2,56.0,4.56,4.58,2.86,14973
0.98,Premium,E,VVS2,60.3,54.0,2.49,2.5,1.53,5886
0.55,Ideal,G,VS2,61.3,60.0,1.41,1.34,0.84,1625
0.91,Ideal,D,VS2,62.7,57.0,2.32,2.33,1.42,5232
0.35,Ideal,I,VVS2,61.7,55.0,0.9,0.99,0.56,300
1.26,Very Good,D,SI1,61.6,56.0,3.23,3.24,1.91,8596
0.36,Premium,I,VS1,60.3,61.0,0.91,0.92,0.55,300
0.66,Good,J,VS2,61.7,56.0,1.7,1.78,1.01,1488
0.84,Premium,D,SI1,63.5,57.0,2.16,2.12,1.3,4378
1.25,Premium,H,VS1,61.9,57.0,3.2,3.24,1.9,8054
0.78,Fair,E,SI2,59.6,55.0,2.01,1.98,1.26,3069
1.02,Very Good,E,SI1,59.9,56.0,2.62,2.67,1.56,6001
0.73,Ideal,D,SI1,62.5,55.0,1.87,1.91,1.11,3302
0.73,Ideal,D,SI1,61.4,60.0,1.88,1.86,1.18,3498
0.77,Very Good,H,SI1,61.6,58.0,1.97,1.96,1.2,2916
0.67,Fair,E,VS2,60.8,63.0,1.71,1.76,1.06,3135
0.32,Very Good,I,VVS2,62.4,56.0,0.81,0.72,0.49,300
0.5,Premium,G,VVS2,61.3,56.0,1.29,1.27,0.79,923
0.84,Ideal,D,SI1,61.4,61.0,2.12,2.15,1.25,3953
0.65,Very Good,G,IF,60.5,60.0,1.66,1.64,1.01,2332
0.69,Ideal,F,VS2,63.0,58.0,1.76,1.77,1.08,2313
0.63,Good,G,SI1,61.4,55.0,1.61,1.51,0.98,1960
0.48,Ideal,F,VVS2,62.6,61.0,1.23,1.19,0.75,1381
0.58,Premium,D,VS1,60.0,57.0,1.48,1.51,0.92,1755
0.64,Ideal,J,VS1,64.1,57.0,1.62,1.58,0.99,1728
0.74,Very Good,F,SI1,63.5,60.0,1.91,1.84,1.18,2950
0.9,Ideal,D,VS2,59.0,57.0,2.31,2.36,1.38,5176
0.68,Very Good,G,VVS1,60.6,55.0,1.75,1.78,1.09,2970
0.44,Very Good,J,VS2,62.4,58.0,1.11,1.06,0.67,300
0.37,Ideal,F,VS1,59.9,56.0,0.95,0.96,0.58,300
2.71,Ideal,G,VS2,61.5,51.0,6.95,6.9,4.2,20000
0.42,Ideal,I,VVS2,62.3,56.0,1.07,1.06,0.67,300
0.57,Ideal,D,SI1,61.4,56.0,1.47,1.48,0.92,1725
0.96,Ideal,F,VS2,62.5,55.0,2.41,2.37,1.44,5583
0.89,Good,D,SI2,60.7,59.0,2.28,2.32,1.41,4198
0.96,Very Good,E,VS1,58.6,56.0,2.46,2.5,1.46,5847
0.59,Very Good,E,VS1,63.1,59.0,1.51,1.52,0.89,1425
0.83,Ideal,J,SI2,63.1,55.0,2.12,2.14,1.32,3847
0.76,Very Good,G,VS1,65.2,60.0,1.92,1.85,1.14,3306
0.63,Very Good,I,SI1,58.6,55.0,1.62,1.69,0.97,1453
0.84,Premium,D,SI2,62.8,52.0,2.13,2.13,1.31,4199
1.26,Ideal,I,SI1,58.9,60.0,3.21,3.16,2.0,8224
0.73,Premium,H,SI1,64.2,56.0,1.85,1.86,1.11,2719
0.74,Good,G,SI1,62.4,61.0,1.89,1.93,1.12,3179
1.26,Very Good,H,SI1,60.4,59.0,3.22,3.25,1.91,8005
1.2,Very Good,H,VS1,62.8,59.0,3.09,3.04,1.83,7613
1.64,Very Good,F,VVS2,60.9,60.0,4.18,4.22,2.49,13468
0.31,Ideal,J,VS2,62.1,58.0,0.79,0.79,0.5,300
1.16,Premium,J,SI2,62.0,58.0,2.96,2.99,1.76,7519
1.0,Ideal,G,VVS1,64.1,60.0,2.56,2.52,1.57,5592
0.48,Premium,E,VS1,64.2,58.0,1.22,1.27,0.76,655
0.84,Ideal,F,SI2,60.9,56.0,2.14,2.15,1.32,4192
1.25,Very Good,G,VVS2,63.2,59.0,3.19,3.25,1.89,8696
0.49,Premium,F,SI1,62.2,53.0,1.24,1.16,0.76,814
0.92,Ideal,G,VS2,59.7,60.0,2.32,2.25,1.45,5203
1.15,Very Good,D,VS2,60.7,60.0,2.9,2.89,1.75,7369
0.43,Good,J,SI1,65.0,60.0,1.09,1.16,0.66,322
0.69,Ideal,E,VVS1,62.2,60.0,1.73,1.83,1.04,3543
0.86,Very Good,D,VS2,63.1,57.0,2.2,2.16,1.34,4791
0.5,Ideal,E,SI2,61.4,57.0,1.26,1.26,0.76,802
0.48,Fair,I,IF,60.9,55.0,1.22,1.23,0.76,300
0.69,Ideal,H,VVS1,61.7,61.0,1.75,1.79,1.08,3495
1.11,Very Good,E,VS1,61.3,56.0,2.84,2.88,1.72,7166
1.02,Good,J,VS2,59.6,58.0,2.63,2.57,1.63,5808
0.48,Premium,E,SI2,60.3,58.0,1.23,1.23,0.73,566
1.03,Very Good,E,VVS2,62.7,55.0,2.63,2.53,1.63,6110
0.49,Premium,E,SI2,61.2,54.0,1.26,1.3,0.77,520
0.33,Good,I,SI2,61.7,58.0,0.83,0.81,0.51,300
0.62,Very Good,E,VS2,62.0,57.0,1.56,1.5,0.92,1679
1.3,Very Good,E,SI2,62.1,57.0,3.27,3.29,2.01,8989
1.03,Good,D,I1,63.3,60.0,2.59,2.57,1.58,6444
0.74,Ideal,J,SI1,60.2,58.0,1.87,1.93,1.14,2859
0.6,Fair,J,SI2,62.5,59.0,1.53,1.49,0.92,669
0.61,Premium,G,SI2,62.8,58.0,1.54,1.65,0.91,1668
0.78,Good,I,SI2,63.1,57.0,2.02,2.06,1.23,3109
0.43,Very Good,F,SI1,59.7,55.0,1.11,1.17,0.67,419
0.62,Ideal,D,VS1,62.1,58.0,1.6,1.55,0.97,2983
0.67,Very Good,G,VVS2,64.1,58.0,1.68,1.77,1.03,2845
0.38,Ideal,D,VS2,61.6,60.0,0.98,0.92,0.59,300
0.49,Very Good,J,VS2,62.4,57.0,1.26,1.25,0.76,300
0.91,Ideal,I,SI2,62.8,57.0,2.35,2.42,1.43,4673
0.74,Premium,J,SI2,60.3,57.0,1.89,1.92,1.16,2695
0.63,Ideal,H,SI1,64.3,55.0,1.62,1.56,0.99,2415
0.47,Premium,D,VS2,62.4,61.0,1.18,1.24,0.74,583
1.63,Premium,I,VS1,62.4,60.0,4.1,4.12,2.55,13008
0.49,Very Good,F,VS2,59.4,55.0,1.23,1.21,0.73,692
0.84,Very Good,G,SI1,62.8,59.0,2.17,2.09,1.33,4040
0.58,Ideal,D,SI2,62.4,53.0,1.46,1.48,0.89,1317
0.75,Very Good,I,VVS2,64.0,60.0,1.89,1.88,1.14,3440
0.93,Premium,H,SI1,61.3,56.0,2.4,2.41,1.51,5252
0.37,Ideal,J,VS1,60.3,58.0,0.93,0.85,0.57,300
0.74,Very Good,G,VS2,60.7,53.0,1.91,1.89,1.18,3742
1.34,Ideal,H,VS1,61.0,55.0,3.45,3.47,2.17,9234
1.79,Ideal,D,VVS1,60.1,59.0,4.5,4.59,2.68,15306
0.69,Premium,F,VVS1,63.5,56.0,1.73,1.72,1.02,3284
0.76,Ideal,F,VS2,63.6,56.0,1.94,2.01,1.17,3068
2.24,Fair,F,VS2,61.4,61.0,5.8,5.84,3.43,20000
1.31,Very Good,I,SI1,61.2,62.0,3.38,3.39,2.01,9079
0.54,Premium,G,VVS1,59.2,60.0,1.37,1.32,0.86,2157
0.54,Very Good,D,VS2,62.7,55.0,1.37,1.32,0.86,1726
1.2,Ideal,D,SI2,64.0,61.0,3.05,3.08,1.88,7543
0.45,Ideal,D,VS2,60.8,54.0,1.16,1.13,0.72,853
1.28,Premium,E,SI2,61.5,57.0,3.25,3.22,1.94,8154
0.88,Very Good,I,VS2,62.3,58.0,2.22,2.21,1.36,4084
0.96,Ideal,H,VS2,64.1,62.0,2.47,2.46,1.47,5287
0.65,Premium,J,SI1,62.0,60.0,1.66,1.71,1.0,2487
0.54,Premium,H,SI2,62.0,56.0,1.36,1.33,0.82,1186
1.54,Very Good,I,IF,62.0,55.0,3.96,4.0,2.43,11811
0.65,Ideal,G,VVS2,59.7,60.0,1.66,1.68,0.98,2949
0.6,Premium,E,VVS2,59.7,56.0,1.53,1.45,0.91,2469
0.71,Ideal,D,SI1,60.6,58.0,1.82,1.83,1.12,3252
0.82,Ideal,E,VS1,63.1,54.0,2.09,1.96,1.29,3936
0.44,Very Good,D,VS2,61.2,59.0,1.13,1.09,0.68,300
0.56,Premium,J,SI1,61.0,59.0,1.44,1.46,0.86,1206
0.54,Ideal,J,SI2,60.9,55.0,1.38,1.38,0.86,719
1.13,Premium,E,SI1,61.5,60.0,2.9,2.81,1.72,7398
0.48,Ideal,H,SI2,64.1,59.0,1.23,1.17,0.76,1030
0.31,Ideal,H,IF,61.5,59.0,0.79,0.66,0.47,300
0.28,Ideal,G,SI2,60.6,57.0,0.71,0.64,0.44,300
0.36,Ideal,H,VS2,61.7,58.0,0.91,0.94,0.56,300
1.46,Ideal,G,VS2,64.2,58.0,3.74,3.71,2.33,10682
0.75,Ideal,G,SI1,61.0,57.0,1.91,1.92,1.16,2782
0.95,Premium,G,VS2,60.0,58.0,2.42,2.42,1.43,5363
0.97,Good,E,SI2,61.0,60.0,2.49,2.49,1.55,5449
0.76,Premium,G,VVS2,61.9,60.0,1.91,1.96,1.16,4139
0.71,Ideal,H,SI1,62.7,55.0,1.82,1.81,1.14,3354
1.25,Premium,I,VS2,63.1,60.0,3.19,3.24,1.98,7832
0.8,Ideal,G,VS1,60.2,60.0,2.03,1.91,1.24,4047
1.49,Very Good,E,VVS1,60.4,57.0,3.78,3.84,2.38,11439
1.01,Ideal,E,VVS2,61.2,59.0,2.55,2.49,1.55,6092
0.54,Very Good,E,VS2,62.7,59.0,1.37,1.32,0.85,1381
0.58,Ideal,H,SI1,59.9,56.0,1.47,1.43,0.91,1634
0.51,Premium,F,VS2,60.8,57.0,1.3,1.35,0.79,1364
1.36,Very Good,F,VS1,60.9,59.0,3.49,3.45,2.14,10227
0.61,Very Good,G,VVS1,63.0,56.0,1.55,1.52,0.96,2170
0.5,Ideal,F,SI2,62.4,60.0,1.29,1.24,0.79,728
0.87,Premium,G,SI1,63.0,60.0,2.23,2.24,1.36,3975
0.71,Very Good,F,VVS2,63.6,60.0,1.79,1.83,1.1,3777
0.86,Ideal,E,VS2,61.3,62.0,2.18,2.27,1.29,4987
1.91,Ideal,I,SI1,60.0,57.0,4.81,4.93,2.86,16105
1.17,Ideal,E,SI1,60.0,58.0,3.02,3.05,1.8,7660
0.75,Premium,I,VS2,59.1,58.0,1.93,1.95,1.17,3874
0.37,Premium,J,IF,61.1,57.0,0.93,0.87,0.58,300
0.58,Ideal,D,VS2,61.2,59.0,1.48,1.58,0.91,1408
1.06,Premium,D,SI1,62.8,54.0,2.74,2.75,1.72,6419
0.41,Ideal,J,SI2,61.7,58.0,1.05,1.04,0.62,300
2.16,Very Good,G,SI2,61.0,54.0,5.51,5.53,3.41,18970
0.75,Premium,I,VS2,61.5,55.0,1.9,1.87,1.14,3600
0.76,Good,G,VS2,60.2,59.0,1.92,1.8,1.13,2745
0.53,Very Good,D,SI1,63.1,57.0,1.36,1.39,0.85,831
0.95,Fair,D,VS1,60.6,59.0,2.44,2.51,1.46,5695
0.42,Fair,F,VS1,60.1,57.0,1.07,1.1,0.64,300
2.19,Ideal,G,SI1,62.8,60.0,5.52,5.52,3.33,19712
1.43,Very Good,F,SI1,62.5,57.0,3.69,3.69,2.29,10338
1.21,Ideal,H,IF,59.3,53.0,3.12,3.13,1.92,8761
0.37,Ideal,D,SI1,62.9,58.0,0.93,0.94,0.56,300
0.82,Premium,D,VS1,60.7,53.0,2.06,2.06,1.23,3324
1.36,Very Good,F,VS2,61.2,54.0,3.47,3.47,2.06,9666
1.0,Ideal,H,VVS2,62.0,56.0,2.53,2.61,1.51,5410
0.45,Premium,H,VS1,62.5,55.0,1.14,1.16,0.71,805
0.54,Ideal,J,VS1,62.3,56.0,1.36,1.37,0.85,1262
0.59,Ideal,E,VVS2,61.6,55.0,1.53,1.56,0.96,2056
0.55,Ideal,G,VVS1,61.1,54.0,1.42,1.45,0.89,2029
1.59,Premium,H,VS2,62.3,61.0,4.01,4.06,2.51,11571
0.28,Very Good,G,SI1,61.5,56.0,0.72,0.68,0.45,300
1.03,Ideal,E,SI1,64.2,53.0,2.64,2.62,1.66,6103
0.39,Good,I,VS1,62.5,57.0,0.99,0.95,0.62,300
0.46,Ideal,D,VS1,60.4,55.0,1.19,1.23,0.72,820
0.27,Good,D,SI2,61.0,56.0,0.69,0.73,0.42,300
0.56,Very Good,D,SI2,61.8,59.0,1.44,1.38,0.88,1954
1.58,Ideal,G,VS1,63.5,57.0,4.02,4.04,2.47,12494
0.85,Premium,H,SI1,63.7,55.0,2.17,2.24,1.33,3709
